100
0.42948684386076685 0.7748807873352604 0.6874255022600289 0.955663571102215 0.573243440995037 0.5403332078032287 0.07208913181028298 0.5245811350726499 0.5907513864346655 0.7366263472880141 0.49526849617674884 0.466117277812513 0.43745916527990036 0.5420211860679761 0.201238728945764 0.18054965964102176 0.44749619544005426 0.9670701831887369 0.5131843395215535 0.8925329856301214 0.45559761134327026 0.5102267546937612 0.4196765362025391 0.15188146306904737 0.1758257202475355 0.2241017244435639 0.1020132427663607 0.852000725621072 0.3321081215230258 0.40552895122949817 0.65912051498878 0.43325260710274016 0.2904094897364936 0.6881521963336626 0.8941450576406792 0.08079371010528391 0.0012307080029759776 0.5083214926300665 0.6225403307681566 0.04285498928300813 0.5246806043656812 0.5586358227704797 0.06663075537225327 0.6949658289738635 0.032867551467228195 0.12166504116827315 0.11399914803706779 0.6043612387514447 0.8232151555864071 0.3729035796391944 0.7276550640249922 0.03276522570708107 0.1606901458445268 0.897061357583939 0.546248308042412 0.22046595837413618 0.1404108373455537 0.5526869906166235 0.13310764743510273 0.9668399057196433 0.7538504542369887 0.9249855179531599 0.004449406810085432 0.9948298003415073 0.11241450010738019 0.2957342127224458 0.7985221459101876 0.5761054045292051 0.36165232616976983 0.17657023431871677 0.7098681931343178 0.5198042321311358 0.2701978373877417 0.3463468045310013 0.16979494357482117 0.024945204904823548 0.10622525155629603 0.8678459453260811 0.7528229001339092 0.9641051595813631 0.15483826605646533 0.04889331863747581 0.903023133661158 0.7677703207042652 0.7746671446991623 0.7368953319104238 0.04268114796927447 0.8381612506979871 0.49581046841795273 0.02035984961535131 0.3324471458562598 0.20451015211815826 0.5121777838446673 0.01712905583256541 0.9707003586073484 0.11498901269967865 0.7958052696980578 0.9884906233886116 0.7738546199647076 0.5013016877311383
0.6066190915268854 0.256018110243059 0.23385618278820253 0.43080374515263875 0.6048818372923787 0.4439777636071154 0.04855267809265451 0.8736267717892667 0.8562092179971068 0.625945997357422 0.6089971080033759 0.6166307891197901 0.7508508619501907 0.06616399544873997 0.6738584247921905 0.2955821399781253 0.25568671613383975 0.7938456815013527 0.9226632396145845 0.9926719698742178 0.7984135380693463 0.3678160249820388 0.16771177050737585 0.09372867745578539 0.28792718590652355 0.40719276933991266 0.0810044334086264 0.3656323336149343 0.5129919892102401 0.5684922332896755 0.5330102581390757 0.35794919994794405 0.7226682497666321 0.11694722337986196 0.3664410109263737 0.4977180918989924 0.0973801744734204 0.29417970942702154 0.27376606533339276 0.7976982384809284 0.3651294625523135 0.009179138866068692 0.3510463726548898 0.766465271730522 0.6640325914947419 0.09496245551900429 0.5440343769864406 0.6624000508429048 0.3124429165293211 0.35039285371567286 0.5151916799270102 0.7289624863168748 0.8995062028781304 0.7414671944810894 0.4938635593167049 0.25054678460213586 0.36067271954103497 0.9969903160184198 0.5696722102055184 0.5131368531937395 0.79944281207266 0.9769563143419477 0.46149800250381223 0.17425892412597876 0.9024185026780099 0.1205618499141774 0.43011853826643653 0.6830403038913775 0.9692592999071199 0.9461179157932147 0.8964061303712243 0.10660858872918966 0.969110517536047 0.076782735364333 0.8768177398300986 0.7405520639178669 0.9663622682644585 0.533135971065785 0.45991044935065895 0.5297651545376896 0.7835074706407642 0.5557522137001865 0.48337138927336687 0.1765750207446516 0.2256233025765474 0.853997064162957 0.8923748311821336 0.48505119156749976 0.962545491619915 0.9640323889952206 0.18230297322780142 0.7149877193987934 0.6336957165983038 0.9938342208872664 0.30878917267258255 0.7106872562330395 0.8902143071746278 0.6062938862622061 0.3590917529820671 0.845239419815493
0.7970826100934029 0.7023571011074856 0.8290926784487779 0.4352333508122609 0.7832575681843703 0.589678323813644 0.1118303893053707 0.8092248614069391 0.17602601632768888 0.018850465774093772 0.767001025931876 0.47610463757094557 0.025116017574253524 0.785894359994174 0.5729459497049738 0.8852440896727181 0.9458220384937374 0.835644769942327 0.016797569932736067 0.32401188938971925 0.531206743898438 0.9195866560446969 0.6021187583889791 0.35829589733755673 0.6198798744325733 0.8795970019930927 0.010033903477408623 0.4302120530659721 0.26689576395170334 0.8737546579915879 0.9829853544712216 0.6874699880200589 0.6744770877988222 0.2673031716966924 0.9131352897349693 0.9759829265163954 0.45460679313836916 0.9147443221453895 0.07794525830329191 0.15165001675754142 0.1593291266054373 0.28693632154354975 0.8715837995357432 0.6538940162331338 0.583630669877399 0.18160624524605573 0.7451210763107765 0.6969673803371185 0.07966015772370527 0.7584065889193065 0.12648378582150266 0.18118313588696677 0.21085829576614212 0.6453348617027758 0.7726256322821644 0.366609338089955 0.9964496143574499 0.1736984781728893 0.876188640631788 0.24717259225384958 0.7105305121670094 0.6216304359329881 0.16362615440910233 0.4188030470195264 0.20543610454242855 0.5430188472861132 0.3966716237572556 0.6228408801753023 0.19319652403312448 0.006691858717240207 0.23267350963325717 0.965273501336663 0.046412797069282585 0.6566151844526662 0.46926586532485703 0.21496742922999834 0.2712120041660706 0.08357105045353397 0.4278577218853219 0.14167204053388815 0.7703882689887599 0.40274406323669354 0.13021711888733034 0.6350410772025828 0.41421284981229045 0.014738898830889968 0.8465944198926848 0.26177811534814244 0.640897006182249 0.8598388273420629 0.17575759219358267 0.6486702286900143 0.8981542786558319 0.29953538694035386 0.8048480334669186 0.024528482609941005 0.32645419736950443 0.2772762546835472 0.29807770562864633 0.3626472967633405
0.3275589441983926 0.8769743834053515 0.6384524694875686 0.049851077995715865 0.4393284479332522 0.6890775083597508 0.16339252570129448 0.467176109397348 0.9391172107333454 0.5653808876526908 0.6108131073583 0.9634557903510945 0.26979415226610837 0.07842055151634797 0.890493276026983 0.9538101053528638 0.23195064859568137 0.9850524478223031 0.4331494031380819 0.20965353729031988 0.5852486905792511 0.9975808578920574 0.5103188732545394 0.7554812977831404 0.8610385583424287 0.8307165573254954 0.143484817841527 0.22506436671563546 0.39875317808214905 0.8819515660818836 0.1441326212708247 0.375813361757769 0.10571955543974731 0.20455851694412797 0.3352820513199879 0.2407625580620616 0.39676295924837846 0.3715080860241933 0.653365232754377 0.593585154293109 0.6891723916693958 0.7800610457933229 0.5172707507224518 0.08109018667948331 0.9451834655425898 0.1414243713325556 0.27565310524809217 0.6524883326121657 0.745183530355243 0.9210357871488264 0.07437414879934501 0.26528319045890436 0.46715158034645077 0.06113103817932508 0.523330432674744 0.60918494906221 0.3118998490070145 0.08303227484202047 0.041730428007158316 0.36314995365438585 0.4917105488710596 0.2548481488951537 0.7934221668779146 0.2972803511156731 0.12937464259691245 0.8954456007025907 0.9528430297249152 0.7637275522002026 0.1319784831884634 0.14642886375422048 0.5368344898839722 0.5324733987163619 0.7108318034485887 0.9208981090818849 0.8749080829171405 0.16933087771341593 0.6686651778943289 0.6510278909236029 0.7612578584386772 0.30716793069789927 0.1322518415247218 0.3200828594593891 0.21697979416440782 0.20779914664303412 0.7923427685336024 0.3639830151081863 0.13197476038393674 0.15787670712218316 0.9111331499901925 0.8503498647766587 0.13939555852137597 0.11455226320486867 0.9752253437821511 0.4743161572326883 0.48131101953342537 0.9912992039213472 0.7657838789607423 0.19403140641642602 0.005512324513069489 0.7743736911112097
0.3125635911263639 0.0009076187321146456 0.37673872917043305 0.8754674544638844 0.3395337727972393 0.8940973367214097 0.9930075524542363 0.515722488828766 0.12156649511664619 0.6129996746352927 0.3810864044754486 0.6022020776994422 0.6227001898224478 0.8330479257365677 0.8505286885279162 0.38545779147831827 0.5080536371975012 0.3201969862858792 0.9949501998508312 0.8999837343336929 0.9751964514425004 0.4246406160873981 0.8248542199075976 0.028144206632907287 0.7766531322471674 0.7539439736393174 0.379009773364536 0.5022823924337761 0.3356490688266537 0.18719387903155926 0.9131641897090528 0.4272934408648109 0.43135942348372347 0.16026902085894157 0.4399353848818317 0.10926168954491833 0.371325192973196 0.6788537902667555 0.18241525046486973 0.07262810939523523 0.2018125215865466 0.5742642761246092 0.2720557679207798 0.4069984203471001 0.9072829158941705 0.13980815588015938 0.3895409255342247 0.6446242338739593 0.46530324268884904 0.9323705489667621 0.13647823965059647 0.7051243394048962 0.8433168111445254 0.5980254900693476 0.6296215177470114 0.8121378441370313 0.3085589062114188 0.32899239226622556 0.6993563219982938 0.1742150740042846 0.2984400482875106 0.7991473319983382 0.36841436748213996 0.015551212941445569 0.36427068958855235 0.46339323528994014 0.28570512099907774 0.4057785950591397 0.20644972304662923 0.5121301830829648 0.867621001128377 0.1396743299358688 0.01682041238062837 0.5766860522368391 0.914062338244511 0.3993484179546283 0.45831389288757995 0.902795019365015 0.14457913874984418 0.29691431069133767 0.13497387354866386 0.42869065621559543 0.7053985353131456 0.16553478116306153 0.48458833390279743 0.13553531099541805 0.7116646877029218 0.9283321214731741 0.751331734319118 0.564186875968129 0.3614779306711581 0.3098792456984204 0.6792819021620492 0.7888786417359511 0.6067533771845439 0.768192863509175 0.14770747645330384 0.4030010467064884 0.8958156071996147 0.14541885908403596
0.19277251962168762 0.7572669156123906 0.8269504942888063 0.5114045462647632 0.5530278365661951 0.3394207369785226 0.9661390044136369 0.7223033774507596 0.3376754705455237 0.28899999885883954 0.4403129205952562 0.9348349762970422 0.198936637801424 0.32834795925668037 0.6152339710341752 0.6674143309598326 0.5520718795927763 0.3196487653606642 0.21119203730909009 0.49856445712056074 0.09193360155490093 0.6188626919645176 0.0916764377093946 0.1916618410665175 0.5474878531525337 0.5017334108514955 0.7879903314892216 0.4650064108331785 0.48910716020573053 0.9392864084543301 0.005961388761106967 0.9526480537644967 0.06884508524979094 0.8181274756878479 0.7895367500303899 0.49329317667808337 0.8988407739755303 0.0658401439925973 0.18205302349393937 0.1926704876758858 0.0319158614170334 0.7993071047839178 0.7405186058287805 0.37876406936364815 0.9369002263379304 0.7371157332509395 0.7501965721498397 0.9241852626641385 0.0014079315924898639 0.7204688295989635 0.9692991597753626 0.10116182730364798 0.9080257281133903 0.7161603130051467 0.2924544419920374 0.9693907357023182 0.7381997457731342 0.07184541277437151 0.0782996666172997 0.4796200630887191 0.23614235292527064 0.41937504879945964 0.8294374902505158 0.10271446806697238 0.60452044386205 0.9530943207862701 0.67452038118737 0.5324929502751481 0.6889021783820114 0.22677562026088027 0.003081172113902353 0.20436236590530388 0.4449442467954907 0.6992614879638329 0.3718571696969335 0.5680674801026117 0.7514188564704699 0.14140627423081553 0.7595042196057928 0.5318125477332644 0.3587964881699506 0.10594952371418065 0.12075859661119748 0.7482256902605907 0.4068404028027558 0.7546883732076604 0.9074243488545118 0.8614249040426415 0.80274253720803 0.9371751695367712 0.953377525810249 0.7393193032336598 0.6163559558666295 0.6398471697520431 0.5687975135694178 0.7805345855972474 0.105072357137583 0.3097381344595743 0.6253960190224499 0.690840963759403
0.2541917078803039 0.9484752817004751 0.6828246191849453 0.43911415933327047 0.3435229723445422 0.091871778682035 0.2863925453647497 0.42312318436431373 0.5820198733675175 0.006090778103753136 0.8776530950127939 0.9829983674266937 0.04109120794061405 0.673652455023363 0.12318636842153441 0.595214161278235 0.31243446957571785 0.21340901997070005 0.8456569132241981 0.006377093494968178 0.09599439242696484 0.3644320032711963 0.07272113715302142 0.7204325278512733 0.0975402575194958 0.8043196791973978 0.12042132680531437 0.31494900168735407 0.9481784893341264 0.04555424599617175 0.6889229535626085 0.9380575822192256 0.7138326114875693 0.27383768670592823 0.2926836684626519 0.5581749340484119 0.21621012138213525 0.5725984600873865 0.19786031594046094 0.24497496690075393 0.34582726714516354 0.7937491182381764 0.19955114394813767 0.25826476841187973 0.440703820756997 0.591227053249623 0.2292264845316908 0.9276663361012101 0.9682103790448685 0.08156920766635267 0.3182843961358036 0.5217346655500602 0.34816703904694535 0.786734958970386 0.8828273186764605 0.9237233229383779 0.9453197152450563 0.37858921667262024 0.5218751128238917 0.7988292220549325 0.4166699883893671 0.8260348456514217 0.19107706843524197 0.957917620722608 0.9980842909128372 0.052161151240291526 0.5202623060875068 0.5964596650360228 0.9787888655096849 0.9281514302464118 0.9929307714299853 0.600725247336687 0.05745358067730533 0.7746261498241952 0.7671983297583513 0.9891473208380487 0.48514975872635113 0.4928908369462851 0.7508128680628966 0.9442393406639308 0.6432316776856513 0.6459804923240212 0.8232570573581506 0.8597919287310761 0.3312062267535717 0.8296040102399967 0.3569452377112843 0.4041719059297465 0.299672608121341 0.2982226345503213 0.7585710203082774 0.5296890636441514 0.6627156794113285 0.33952092569613 0.11703008333453879 0.9431684179869304 0.9388030810541179 0.5272727010403246 0.5511586681989588 0.8804560564837349
0.4600842828501227 0.55696411475648 0.7196523450073337 0.481290739992153 0.9908718608337206 0.0678422047935553 0.005709850045297338 0.0698853716235528 0.7237935732674635 0.4157271869210979 0.37886570884676507 0.19945846577115556 0.2138396075243918 0.8262434609373567 0.7751395956325923 0.12015759382456004 0.6029112468457261 0.6057479463818846 0.6374345621076248 0.7626887165491285 0.6316241484419277 0.1682636127936793 0.7768981028078785 0.6458137730250573 0.8273083944544823 0.6881447889073283 0.7439095121070319 0.6433757868257246 0.794743528326973 0.30526025963018855 0.21391864154489515 0.5705417844031553 0.23705532246067706 0.8722493090903876 0.7762794022026542 0.9982909189049511 0.43145247468813375 0.044398474249753184 0.6828814985428779 0.7007219711019727 0.0733195620133743 0.021327612920880146 0.495616577245797 0.5344296180900382 0.9656102568338093 0.6436311243739662 0.5878468982575967 0.41737044571237747 0.8474612955807636 0.6583938599159804 0.46186235959721256 0.11885214127390842 0.4476063361528615 0.8780849112385973 0.7362770154194951 0.17203305084960174 0.8052918217766706 0.779892258346497 0.7728034508130773 0.7513549618309128 0.5567709808070573 0.055154123947172895 0.34353717083129154 0.5917541694873751 0.5947598117549624 0.8180065626899197 0.3899934339999467 0.48462238330487817 0.0045396612128971725 0.2095782160167654 0.4551198350854512 0.85538009035556 0.45606456537311135 0.7725150646855109 0.5936808349625304 0.959227826708059 0.3862265335595694 0.023071153892572638 0.24828770898146046 0.6239825283147584 0.6200125383636813 0.9517613542360913 0.7021030872776631 0.7785444476453113 0.09733371257175183 0.22045196298539727 0.9335524114763656 0.5715728059826708 0.3326755752841356 0.8254221930160924 0.31308552027266445 0.7883683874550927 0.1112514515665306 0.1925170665044188 0.29429163380470413 0.765354677764101 0.9536063495884354 0.7713325770047869 0.18641254963106124 0.6231884298294191
0.8558307799006533 0.24090533150596416 0.06039989675235613 0.06732773686316584 0.1809054986383808 0.6364912197296532 0.7277849538315796 0.7442932056013927 0.8036659381311777 0.8636133671832882 0.48721093861974496 0.26289330580796255 0.4562773217448206 0.060852924950628884 0.27783904074005294 0.4720573795904811 0.37331725858971565 0.6491916338046474 0.1698494294512094 0.07493958909723697 0.0205411474297974 0.3333485291187144 0.17260445005068203 0.2743715166987264 0.19239172090860068 0.3334586008118149 0.615667931327576 0.5963018437676073 0.11022927506178826 0.5454239607374274 0.019208525917138952 0.0650255107052965 0.23819700305824243 0.9984996399407202 0.6183362981681734 0.08729503565130192 0.497058618847694 0.31300163256698077 0.9487583573581404 0.4664840312019892 0.08790432937314163 0.9088437276478032 0.546168033129019 0.9241733289047331 0.33135509055307366 0.07345242929111373 0.31402528748922354 0.49162075912702574 0.0511699062132458 0.9534839696686116 0.8277755971029392 0.4414558059194086 0.5051715995820136 0.06493525245160381 0.5097592698098454 0.29670499046281107 0.8629944103024075 0.5837000793364017 0.9176644115849889 0.6571681131192397 0.45703562178959245 0.8896328758085768 0.6251853104907884 0.766311960037434 0.28828990668644816 0.8776591116054547 0.7606260848641108 0.4651337488125389 0.08930576776961963 0.45040593446848076 0.7928627825163292 0.7422592850732066 0.9336408827187498 0.9053110936252408 0.11966207997876577 0.43487516810375104 0.5159480320376431 0.6754388357805716 0.02956123134287514 0.15391029280541024 0.502575392949819 0.8890317483881337 0.7573094548911791 0.6827003188001418 0.10390089162387528 0.38532232765011587 0.21914072766775183 0.3650083968721006 0.4052581228806553 0.690338241466614 0.8881652216353999 0.7454930778276384 0.09940124079702062 0.8406174251187809 0.7704856139796656 0.48335187212285147 0.8988023067475241 0.9917197330787197 0.39426581278036976 0.7764355462399475
0.9614798410448903 0.5632441775864024 0.6337774950749284 0.39555851591236457 0.7375547820940699 0.5010524842574148 0.28652201141820977 0.2223786874885475 0.010536118489671176 0.4034844017942685 0.910148314189477 0.386116417680495 0.1737941051088555 0.9416295040623599 0.8587590371664356 0.7582129682092481 0.38491549029500816 0.5518199979144639 0.3111399026439302 0.12730288856650174 0.5713812053682421 0.7647845191516611 0.17346691991819496 0.5348363690551781 0.7361428260806502 0.7568144090599236 0.16637234998779082 0.8033159493754659 0.9211102933945633 0.7891762622164123 0.8836152828926123 0.014795112906980656 0.24025340430862274 0.32748313280932306 0.9728077054886028 0.5532531893249509 0.8081617566135276 0.4155057140552493 0.5676519966886869 0.09549182843463955 0.10369883443614436 0.4717502170984621 0.6664528181564019 0.3901434274551915 0.9617357629270984 0.2264063351586335 0.07696912801256894 0.6996778112766711 0.26771001943542894 0.6685427389520451 0.09790492086535196 0.26703155000747547 0.6130290570382747 0.06769366804633603 0.02601977370232489 0.1066990298220597 0.5914547775617887 0.48913687183402943 0.8840590594345052 0.6244329636215469 0.47425137680116936 0.5495956485678084 0.7227240739316048 0.8555360872809232 0.987625507077096 0.8243662892899344 0.01239214538632094 0.44526130598568203 0.8297273719763233 0.3659283549886906 0.48402576100942707 0.9488093004464823 0.6666159415249377 0.16900282345020612 0.16782339023731419 0.2257898376273152 0.4563819616517387 0.8129731186916545 0.9147543029320855 0.34967400881979593 0.9469338576194974 0.4483740059983419 0.12321273633245144 0.053592879073728894 0.977828410188613 0.1517980494305805 0.5964237199213501 0.4202353145700266 0.5391630370980217 0.7715389004797447 0.4313151440601424 0.29433067283507164 0.9204197998456868 0.1153095837171072 0.6023192697437566 0.937967609919919 0.22726150160961378 0.9527304769186703 0.8757572267967049 0.15368707163754047
0.29697160660632094 0.7674380685138322 0.5914011265796524 0.9130029322232269 0.06415691497486564 0.4025798552394376 0.30772398549141144 0.03849016140223949 0.8857466819463767 0.17479199331672735 0.17439543051897166 0.6968708674618969 0.526684122971663 0.9548354170406015 0.682138399827416 0.0037494900326298097 0.9723546438742702 0.5878282411573496 0.10937539540558361 0.01869127062054199 0.8918935912079862 0.28546469798964935 0.268664079978583 0.8028684509868665 0.5711901426355496 0.7742374180394649 0.011429344554451326 0.20963117102217466 0.34889273118322683 0.8777934243497534 0.024890610331608 0.837769109648572 0.6413688074055042 0.9162168250522451 0.10168698072809923 0.9902319056743617 0.7884368073819509 0.6441945654115826 0.7901082990576059 0.44303840120826854 0.3804060540615194 0.4470622732408852 0.4233796986017335 0.0892704494269635 0.45334805658550004 0.5497109570679649 0.10004769669597735 0.715915328142732 0.4637527508368725 0.08694799116968677 0.6429326090515824 0.515787285637888 0.9600307657101502 0.32788116282426316 0.9808767207181345 0.7580711419806924 0.02894661027820855 0.07757413994052442 0.028403612969941316 0.5011609348080105 0.30736599911116513 0.5579602987266514 0.07544381362008734 0.25030556433799367 0.5467425221833215 0.11462245034836216 0.6671189459778499 0.7442851904714184 0.9070456282789325 0.7607320076068808 0.9336948181705308 0.7390494401705449 0.8107686041967987 0.7600269062739586 0.9767249625390109 0.07232813257778892 0.10016072996856784 0.18623857781215658 0.4019965339266628 0.9341555324351802 0.15264884207030383 0.3469694646084287 0.47811143750897334 0.9101764488968173 0.017320036012126505 0.753750794824542 0.12552396653070386 0.7942399257715564 0.3441983994749436 0.41785323126939056 0.7118538696032163 0.9720247711831732 0.15652551115305235 0.7213690235003531 0.7570623286795484 0.5334412027855987 0.26965623892379476 0.20536160854860697 0.37865369461333676 0.9848417459000935
0.10275552340751004 0.657663154288 0.6305839411202152 0.9023565482217364 0.8470189687959905 0.3818763456106359 0.9790167025910095 0.415256939761359 0.24342220672947912 0.0074655929303992785 0.0950241124874116 0.7009181522886366 0.9309684963326786 0.1716951667420069 0.16387775825029427 0.19503359381511975 0.738524542271209 0.969949719888158 0.5885231710990008 0.8791946104554124 0.8080130119536821 0.018141390476378638 0.11524152867447257 0.18680508233668702 0.36974195655641406 0.14228127927653922 0.2559870640044146 0.90381673531944 0.16910803708362843 0.06844560906150976 0.11979549767295061 0.6881420389803553 0.7003254874416049 0.6887684723246088 0.9354242118979618 0.36450227105661714 0.7332967928931079 0.5632062937105874 0.9305131635444691 0.08307260438795738 0.9541784763142298 0.7188305945157379 0.8878421016282209 0.5245292569023139 0.8570136050458836 0.29689049638614773 0.8718334467777558 0.6544239155069002 0.22978862200116124 0.8798423439829438 0.8175307752812471 0.46091452173175895 0.37907983265648704 0.09282341082892598 0.32005323731459256 0.6272701361100907 0.43184181785009756 0.46564736726867906 0.45198904282252594 0.5993812662197475 0.2611901869122124 0.791812350246278 0.5069691780604584 0.8368308211652249 0.011953073825748506 0.13246447717869647 0.0963176551799837 0.48583919433770917 0.9044609229883023 0.325812326792157 0.1517362086026094 0.42244330654143825 0.012172387132334705 0.5759197490138345 0.8702344247515377 0.4626867992811625 0.6948639146503556 0.5705556764175412 0.782606750265181 0.9808357007469152 0.8168174599498923 0.053553588598368784 0.24416925309688753 0.4709099030760273 0.23544772191340757 0.2926192780521304 0.05838368342957656 0.6225708878102739 0.8501343344265554 0.3044437622981603 0.8836389657379159 0.40282489532216903 0.9858744292669669 0.1086825047152975 0.0031344655195398863 0.7766591767704767 0.2352829551971528 0.7994648233591886 0.34655253625499993 0.751811924825105
0.2824828260117891 0.08356639575042069 0.5337691932246059 0.9545218587262609 0.843028005890733 0.5944072761442862 0.5699422928611354 0.44998198087891184 0.21923330295957244 0.3666418312317463 0.22209181459540195 0.3301191460148829 0.5881140674955928 0.8174449774908024 0.5027181888298473 0.5219649011337284 0.5087551577584266 0.7543014313091231 0.3384476104061144 0.6445075245196842 0.03236817740451725 0.24523658442246077 0.1572142475463313 0.9656349919630098 0.9637714535557 0.8549537941807644 0.9255638231880989 0.21044328488609276 0.792093604310446 0.5349887151123367 0.5343076292613405 0.6891394270064743 0.8359659834716038 0.564970360846024 0.11483876438760676 0.5385507900754496 0.7935454560288068 0.1516440224049872 0.3637614363738657 0.20502604995163964 0.9203519473666133 0.3071415922780961 0.22217313560412777 0.6268182251204146 0.1406220339594838 0.8028079964633366 0.6163345567412774 0.2709857086260258 0.9429890703742329 0.40348174926858393 0.273870835809928 0.4154637364986591 0.8383541622558581 0.9199394001389346 0.3168076914642378 0.3436654388816438 0.29611115462229054 0.9194607601577246 0.43370591493655153 0.7155305572886818 0.001352801008140947 0.9325133438346227 0.7950271311260163 0.0961384948768248 0.3853468774983525 0.5457038081265461 0.34858354580797424 0.9863624808247882 0.07109473399710486 0.5851146385474202 0.4871342732512093 0.6606675584659547 0.8080856203312505 0.6514366492905302 0.3795220878443236 0.2606126495564416 0.7109611943637799 0.053041578076645 0.36627260532123096 0.583932573950956 0.34662247807870505 0.4695307759654417 0.30923973187678067 0.7892047003349273 0.043676482491239565 0.0105699479394048 0.23788689365508653 0.27153164987494016 0.8572227573782075 0.24138248804219375 0.5715338509726008 0.7325582620968109 0.8329596482964168 0.771701545330663 0.5445348408233469 0.4310318484404524 0.28526018130617403 0.030120136162776312 0.10224933394109825 0.5530613977410418
0.3759868851233954 0.9317651117322454 0.6001719080079589 0.03890390735145721 0.7864281263633945 0.9049061936288444 0.3491966554699254 0.08094941859646698 0.15290217345356294 0.16016581249499762 0.611235575217882 0.8094973718485555 0.44273256728519084 0.5875222334248397 0.30265528108742157 0.9504728120130456 0.9252879360915638 0.5126486349485083 0.5582628334370054 0.870204790936908 0.7408472498538777 0.2485200036588574 0.01179156566745121 0.5067863973807247 0.908399824683211 0.4977107358664895 0.9451279524604506 0.8568337993339412 0.6987512534537288 0.8544880282374174 0.6131634546652186 0.14723186397314703 0.8421030111080149 0.10920254336487334 0.8671576586894721 0.5727349188420163 0.6747023353688508 0.17331894205732046 0.24056375867969704 0.9411187839269388 0.3509595583519328 0.5537336357605379 0.05894127745486788 0.7893291907744039 0.8124324354614256 0.38825884133255995 0.8888883228735963 0.03302951064896842 0.044107786111878045 0.9709952404125348 0.3250350619115855 0.2971100251171067 0.558362729558922 0.8886173869965509 0.009409163564994993 0.08217379579017048 0.21637812030643055 0.1893840569000249 0.28826581671758356 0.0007563985067343681 0.46872585430124625 0.2783065165393679 0.014586294559031376 0.2918307950371696 0.7634035734111771 0.5228380030811447 0.6352699164730116 0.06569126962654237 0.38532466105454677 0.43114336166507883 0.39300237141532035 0.8831587954820718 0.7785616074320759 0.6447796694483491 0.915440770953172 0.9887969864013502 0.23373793436492518 0.5109868253211075 0.07324853427594102 0.05461304893094765 0.009904308679132279 0.9375261225977735 0.16771333657418253 0.6070277956786971 0.8421271770628546 0.8095733324931536 0.6982538544358121 0.8295461865404106 0.44154951649152596 0.23313842919454852 0.5211157986712739 0.0012200232287814528 0.9540593960781127 0.9260761680748743 0.3341277299860619 0.1298222932727009 0.14358950892142985 0.008219060613864904 0.6255133296221191 0.7500301445068398
0.5738604361309326 0.2488585801416514 0.7635243858371636 0.11075892084998962 0.48403794033348424 0.9199936238132534 0.919867221140635 0.9656342261014369 0.4927343794090503 0.889847972861218 0.06431136279366123 0.13266908252394194 0.2951426981651126 0.7933937992971036 0.43375578087250577 0.3210858935348202 0.5952720945895765 0.7237373391949232 0.8072699433609515 0.24255151932256447 0.36852782706057197 0.8269752321719691 0.49821235602775016 0.5777453569734387 0.6238295288792493 0.9503023155330299 0.2422462296535982 0.164634670589055 0.15317305614541232 0.45723584319732513 0.47994797165970093 0.8024888895942914 0.7872564334674416 0.8236589823043617 0.558681530863857 0.3000188500844776 0.3878197509796626 0.5331676426445764 0.44964986291255826 0.9822018284258405 0.5943468496138463 0.6280589219344748 0.668506007527173 0.5692728236093988 0.8173315599887229 0.7187929478738528 0.04599065799285307 0.8006831122227489 0.7020775194293295 0.3139824296386883 0.2853380519427806 0.46371300288357364 0.44602719103518806 0.8394503089371662 0.7422152630395151 0.008041930428865474 0.5328785241207609 0.9060690305645005 0.4587236493101534 0.06970838865618012 0.5865036264354462 0.10045921580858441 0.43563230841179823 0.43330783730106803 0.2716803461022961 0.8268764952987973 0.3538658452662037 0.5147598786945999 0.5198517174669256 0.7935388318471687 0.9730424660200604 0.8742134609584196 0.14368556873300176 0.49382758153620854 0.9614521452893693 0.2724905300731151 0.4081866361755774 0.1287810307812126 0.8886989947432491 0.8096038570040299 0.9240597082311398 0.9963408391337947 0.18851826790835824 0.5360467409231009 0.5571017547223326 0.9159832229065028 0.010272624187169233 0.9336969192368862 0.2600291925777537 0.5178791242158998 0.6705075938298242 0.5574277212754047 0.7272723154326699 0.1387801971878101 0.6431565167483879 0.8655225579800273 0.0661755473869623 0.5230248610135578 0.84758986917335 0.8578639334095309
0.7688140136037349 0.22941007776014877 0.29524857187591913 0.2948809129960013 0.4023294839436151 0.46424557304010183 0.8257069571523484 0.13432868784004348 0.2476724042238292 0.09942920581848369 0.5597425127202446 0.26125762921568074 0.2676041992327395 0.3340886941843212 0.3876455041802177 0.7183875990431807 0.026836898469884907 0.6095908821613648 0.6357969951946345 0.22351169364568557 0.2836926818436102 0.764317719076813 0.5351409065588182 0.16530894661511109 0.4772089569285517 0.7439152130449433 0.3673266157636964 0.011542424763803072 0.29009528146804864 0.7156662785745465 0.8584117726140943 0.7278291661390455 0.3227150882778469 0.7943007095337796 0.6140568020882787 0.8230256435474339 0.5980293048455554 0.5671360007607095 0.5138037997998378 0.9818142984579414 0.6132063200141747 0.5335392706683066 0.48758218211665494 0.942003585536215 0.2370567036671698 0.22680888212292294 0.8198041543829979 0.03898058753823708 0.015773559990560626 0.8925156799830561 0.23552234786399717 0.32397296138445075 0.5490469925309365 0.41253115674467133 0.7154436932615986 0.33865356156082993 0.779519374301171 0.6516859648686099 0.22174827916154838 0.1941725256696505 0.23441403275744477 0.9729570767166131 0.9170846254701264 0.04585467765290807 0.07909790881267609 0.8121431368092257 0.180787145115329 0.033834828749385815 0.4556763087317113 0.7119971190537729 0.8137880851923883 0.509906154763881 0.9240681832703949 0.36500352620554055 0.7474196042762976 0.549858762409966 0.7219838901623896 0.44079904188142616 0.9161865328039057 0.486093197857127 0.7377078546436507 0.7039211555328174 0.035991080703138834 0.15641679154388666 0.22133850332456095 0.4777836840081069 0.21879380826722072 0.6401716758208045 0.2680425706931182 0.4636441855318113 0.7974645289218855 0.004123792949010552 0.636604144023281 0.3911078152452925 0.3193847174776462 0.553913395438392 0.5981619402700872 0.9271269539680164 0.6510158105413263 0.09678105358395561
0.20745437405239442 0.6822823181781179 0.2709882526644263 0.4976111430770742 0.013200534268848707 0.7470661987589534 0.1490559931937313 0.4333481484401205 0.19622525009179692 0.4948023346230621 0.8476156617911011 0.8581432749379557 0.509137209755597 0.11494241044440301 0.5456189516751325 0.9820174650532375 0.06442054351193716 0.09849978786282632 0.1016396088009004 0.6635449073458527 0.6847048031449804 0.2325478474131878 0.3099256638908229 0.6689259442764026 0.4878273393773932 0.8315839587046554 0.7117274353435771 0.4304522802852099 0.7910436660324227 0.7585965600383496 0.8636417266611862 0.5275737650617828 0.91353877928949 0.6508215308520225 0.31456667782642567 0.22026666874050504 0.48403803099186915 0.1958777230545221 0.32848958096539704 0.31560882405580093 0.9865834770888933 0.8187853891168337 0.006180906986848034 0.19305621659152472 0.10499136815832266 0.8890553851797113 0.949836880763389 0.7668266693901824 0.7388754517581128 0.6148824368916365 0.4341946181016194 0.20753737651008208 0.8536728438566364 0.4741253305266092 0.46990955724876793 0.510915346085622 0.4323144674946672 0.05606628191171359 0.4154009517372833 0.6522692232251346 0.30299869866634377 0.33298646681036825 0.14361438599374743 0.23000715502487745 0.9854174293163092 0.3374097474597223 0.38188043678892714 0.7559992563192792 0.12445054102954545 0.19901270740137256 0.21582264145067387 0.7889339464729721 0.22128131798553952 0.05744954893815035 0.5049535750917082 0.4208314661420973 0.26132058191158614 0.1408397485337637 0.17341771950907592 0.6229967837433524 0.692082667153373 0.9623072238460105 0.14260109831155443 0.3978029698250781 0.25877174646675405 0.4734261908871359 0.33590231450108854 0.2854522757092427 0.658016078633597 0.7205424040295151 0.7633005107863879 0.3885472571496922 0.5748239424437246 0.6894528744724214 0.1425540966785337 0.7877870151750703 0.02683178498313976 0.13556466404240874 0.5839341773829132 0.07196559864372509
0.06003397346914152 0.7810539039440714 0.11193943269793938 0.152317471870143 0.8687302528027311 0.7705025852172999 0.49019648944242034 0.9505521722142446 0.36257532274250714 0.9607052582809877 0.04146494404589496 0.7875058141808888 0.01603380547560862 0.5687460375243971 0.7234412475503607 0.4566538897018745 0.6776966851421935 0.16025441860137313 0.948485014053033 0.3260335579759224 0.22039610391275843 0.8013708671748977 0.827495844693613 0.8082850231937051 0.860516789250359 0.4767215922497573 0.23682689096824583 0.3421110556042176 0.19610894217482944 0.18375823292059357 0.5227234494719383 0.7642302688194043 0.7166013579643036 0.06986012355845939 0.7551493540593206 0.6243351252209596 0.9622661363674185 0.3985907293086175 0.6676683771225189 0.03734755798652856 0.04319675228189712 0.8047448563378585 0.6430558142219901 0.19430351388846157 0.3406810956921107 0.12702816645161885 0.7266868329014426 0.24864289303193898 0.6178000942691505 0.17749205542885016 0.483026023491692 0.1213590113712617 0.5864577720386114 0.07255005627856337 0.9251948581490528 0.3354923902774489 0.6442434236342514 0.720075623733229 0.1359044708575473 0.31806408744899994 0.658482049253753 0.11087625070740048 0.7513739088968995 0.9883329963143053 0.8910523493153947 0.5291832560303245 0.41300099382598454 0.5451709131906793 0.15867447936688506 0.9182980378340491 0.0033917122721864867 0.3079060718002604 0.7966126898720327 0.012595131472121213 0.0008915907735375095 0.2811797819620545 0.12373422467897655 0.8161901873605231 0.9147184699785706 0.06449763154217591 0.7533788294821614 0.38940891797140886 0.4667000666880734 0.9784626425509649 0.9883382504237485 0.39695819098354534 0.9835480192988036 0.4819836257408332 0.8837114469906882 0.6550614716838046 0.6701269946786779 0.1673009961059091 0.593765360879681 0.914848271955797 0.41641880315381097 0.11655905360349705 0.2013452271999434 0.892510798703867 0.09578178782547397 0.8104296079948802
0.11268470485192117 0.4079804671543319 0.7225390927529248 0.8006829427337199 0.4795125350747228 0.9034770916180672 0.6955765393109048 0.6287834771183892 0.0014389976556429263 0.692475630424868 0.08228443879839864 0.1661593315586064 0.20577336897224996 0.05071281123624605 0.9337150204019885 0.38392625635934696 0.30930376123043024 0.15726098263038246 0.5226809743082348 0.9848065301979265 0.5126190164945664 0.4611513592551342 0.9264894764385917 0.25323338111755644 0.930942664952461 0.24546458639161106 0.2342034455279286 0.10856376409473822 0.3477997622185819 0.5179811136400497 0.6215440650337565 0.5052871981996149 0.1610352072339447 0.5376047598782145 0.43845551211394307 0.13457430263456382 0.9308076497017255 0.9285476675312051 0.49280428974375445 0.28429958639820596 0.11783905265913108 0.6855751051232507 0.6191366883885854 0.6005878898214776 0.5385940845907146 0.7225365303015068 0.4652152241489528 0.42084978938968287 0.9961121223372873 0.8343677073155408 0.9702731612839938 0.8944486415970788 0.10005706591416785 0.23344236243668515 0.7480530165319207 0.9608110684864196 0.8584417997382531 0.3049988537309225 0.3218451438123151 0.2573960787764681 0.5001448140169816 0.8179065150625829 0.10183389417944733 0.31179011061957196 0.43642760521120816 0.2919609548211686 0.10167259788153982 0.30029947774817334 0.7639815823021002 0.9480686909122537 0.8494761283979315 0.43497184477080053 0.8780487272266533 0.38643972239156354 0.12313522541054389 0.5597258850210969 0.12659551287864712 0.9279112651851589 0.7017789603338792 0.11726859204919515 0.921750842121235 0.7749825832328264 0.0023596961719249965 0.45632340864045917 0.2781803688627421 0.05369189998793977 0.15505632866475727 0.20504503638583327 0.8708101787697482 0.7903429499814317 0.24885114248423157 0.1666667846736185 0.16295978263426691 0.3541390448564057 0.8542254056966645 0.9462989874143779 0.7328294124505003 0.5822874804689332 0.8573753300090371 0.2534490032724751
0.41826692392914244 0.5714779306051453 0.340342648124376 0.5107499512619241 0.9288014659144075 0.10894435133962388 0.9059813741244345 0.9009057586818101 0.8847576339463586 0.870746130840695 0.27026716510034854 0.46852079958770154 0.5212827631227622 0.7448580221139242 0.4331680678460649 0.8493774815847445 0.45529586597093474 0.7804949894910692 0.29081009325822793 0.8224311566385593 0.43468381627434616 0.769374962857738 0.12473306256677219 0.9065118370364375 0.886463059065617 0.6696474984687579 0.4590758454477928 0.3908680514154268 0.4197217901118564 0.9151929513019059 0.14871684765778015 0.45225264072328764 0.9799742588354663 0.22700428492778202 0.7301737226395082 0.4026463822051394 0.7281822145780131 0.24104324739539096 0.5789489102826848 0.6136746939563215 0.8836195576045002 0.14266610262956636 0.6869206701584412 0.6355059191344221 0.583023150974712 0.41292054588504146 0.36146304414437724 0.26243708435194146 0.5215568799505882 0.23627154022915586 0.6100018263817895 0.820367750836037 0.9741993130135855 0.42547941852911253 0.38006048927055835 0.15771859121562037 0.974213271997488 0.4121873374405409 0.4876759080615337 0.7172993064779224 0.3948358921330001 0.8659680817611115 0.694605722813605 0.7437530966752155 0.47946247432457 0.5431695984836525 0.5653979442963583 0.42161199135392047 0.9739287774335986 0.30499872412182716 0.8658698518403152 0.0976731301877557 0.6322220601844153 0.7054899183112072 0.7861621514208645 0.31630703870565047 0.41852203831127643 0.2843764196834604 0.5472278297176788 0.3536916649485484 0.6276366611768979 0.7942116270374417 0.5975997475172639 0.8019166613610922 0.12695421802811346 0.6338494055195035 0.6014485583211152 0.042353442879233705 0.2582137241465119 0.09711393589296524 0.5576622468304417 0.12379254364256986 0.7483385365326425 0.897860968720004 0.16468515718019971 0.22491605540579374 0.4461463023700595 0.3932002273678761 0.01068585696787383 0.6674195390244817
0.6856171071913035 0.2920715230710864 0.25927178777720006 0.06785967384927649 0.5294946520839142 0.7386722773787565 0.9280662646143417 0.911778255839845 0.701651494361286 0.22598661064579695 0.657586349160411 0.761790781750691 0.8578012700859046 0.9259358195278194 0.6801884671234256 0.6440808265533907 0.324808478497864 0.07904518678154637 0.5378313056268041 0.38787051191389155 0.7380945511251059 0.21179349056263552 0.6210487707509578 0.46353758584041016 0.8567316236481041 0.3032453560999413 0.9749931709705892 0.3005043918779956 0.27485426329985296 0.16479392076939015 0.7655054170145041 0.1504706628249124 0.462279441838072 0.4362755770143797 0.503953379295282 0.5302194980734504 0.215039942374175 0.7214780883284119 0.9171634047937236 0.9857606035418548 0.279254323480291 0.5859134991484171 0.8249534337891702 0.20114734279798396 0.6738515700177218 0.8511202193210038 0.3960794202144946 0.5154380477916236 0.005857430612238201 0.6238761496070847 0.7002642486919385 0.4259371698767568 0.2522478691042287 0.556207569538644 0.7960334246810316 0.39500817047804415 0.8187514671557069 0.34665036096164403 0.3096150606197152 0.6794231726040526 0.8454567231348933 0.1654019197132427 0.05642410815307575 0.6551586968818721 0.2595861870480177 0.4955390844264511 0.01998091006530356 0.7771370569888885 0.2371307147098508 0.5994299281572458 0.6957869442386428 0.6422280034450959 0.19488595455874502 0.16604993051339922 0.7241863785297796 0.9291547809092914 0.44026516677535954 0.13285972359356457 0.1491804442759087 0.36213206053429126 0.35972442382979253 0.7971813394542491 0.7192564087397708 0.8510946384939622 0.03316972756872438 0.8542426560688293 0.4336311772169268 0.26372435140415085 0.8693938473341216 0.8930970601039178 0.5088468768158793 0.9575666060959355 0.044791241570715234 0.6305815091387592 0.24236265664918066 0.8350124715249033 0.025562899041781995 0.7851712403435875 0.015349437773701458 0.7074164696992411
0.4535676813476788 0.8996091806104084 0.8757844351023725 0.43317826847271546 0.3857900216779353 0.35260186350638345 0.015095933845689746 0.1352868876515786 0.43524195236507845 0.34392915662006673 0.9440625933311231 0.6833031507074954 0.2602837933854132 0.7363268493838133 0.0281773078086478 0.4974655601111796 0.5683584053854285 0.9997017937307845 0.27972956805383187 0.1974772874866677 0.9657038282544941 0.3900464543943606 0.8637285513114149 0.38825596227865766 0.9177956267058408 0.11262192528280257 0.48962148427415697 0.02438776799351905 0.27427955231874435 0.5594698169440263 0.7321588130535396 0.1554884949686911 0.1560076332715784 0.018072107537204563 0.164850091656068 0.912237079279935 0.27092631480828067 0.9738874501452871 0.6137134426864219 0.5356702548350727 0.6871349449690137 0.8931596234425442 0.4240095227424233 0.9700500158009108 0.020113050059026305 0.16449216816655843 0.4613128592808001 0.2530699196477403 0.6130763001300056 0.5720394766872885 0.6106451029993061 0.7934315541021427 0.18259590684849836 0.12991367157221223 0.7655716286220986 0.3234440573238806 0.5725143073947392 0.02079672522049769 0.27154768162348863 0.7179157501559146 0.24260420980590403 0.6331914030961202 0.9655521889913392 0.14526751452949715 0.06182926354344387 0.6015039379407852 0.8457353649679145 0.4773440592012975 0.9748518123105339 0.7273505513740163 0.03733501857155064 0.3149990743745278 0.507162621532149 0.10184976046417582 0.5861091671108504 0.12246901392535137 0.3732711948815042 0.4024982913647317 0.7671086259796632 0.4902985051432307 0.4236582048320884 0.5175528385091203 0.16006816735963525 0.24683763962430816 0.19501437850587444 0.3787047535626773 0.21485934056027078 0.9332159109674015 0.035415946972537804 0.8833959172611993 0.713803540826467 0.24623200198895623 0.8505513852034605 0.9185581844713163 0.6700968242150256 0.2959200649613539 0.753458250019577 0.9594731053733796 0.2838083375546384 0.3602677655880666
0.5055683013623954 0.8970175526805032 0.17265099640229042 0.5792560578254918 0.9729441217928285 0.6159961355774519 0.8819444575101141 0.2843865710195528 0.7005948203668259 0.4432652698228272 0.07826406632600635 0.7982849144700559 0.7812217884263404 0.9750043439356502 0.3380843560513044 0.8408725308787548 0.6542537910122507 0.8462544868964568 0.23914085260870832 0.7804802813378195 0.04540396983160311 0.5487025377960062 0.00013264462492312834 0.930526283788413 0.997194902539086 0.15830641481245267 0.6536419802640843 0.9389231926756516 0.2211893508694408 0.041367260628841995 0.8179742078689817 0.6439825627038913 0.5377723219414627 0.3302448847091356 0.5532801370497207 0.5780843501011311 0.06358597132424382 0.7163116693169471 0.1577839858802903 0.0685516577052302 0.3382121919444002 0.22274263098831704 0.5556857162391533 0.7620379642942705 0.8432797878459631 0.6913499761240701 0.2753575646110782 0.6507306823311494 0.13701218218621347 0.08574038629878566 0.0007432297819833789 0.49800294952878643 0.5913066262219471 0.7966589915433213 0.632708790425536 0.24201900337192683 0.7196896331023334 0.718558564293227 0.5572016006343319 0.7722163259658728 0.8480259137461934 0.38255860311399437 0.1709550803575418 0.6478810741150852 0.6063564064020143 0.13408061809861216 0.5048652053088604 0.4480185984746875 0.5370097526147367 0.6248374838071324 0.48642150601715484 0.053123646550828685 0.7228340770290441 0.4167047105297209 0.43900719586159187 0.7152016680503505 0.9037860535661835 0.9588726273988757 0.29795427160920607 0.7380859982074619 0.9782380209958492 0.1983308007144038 0.5880651855524635 0.7994254332560701 0.07736562703107841 0.4744923425696135 0.10251564118729561 0.5434425193922815 0.8130180956139424 0.4471047558543241 0.18675277236971766 0.2093174107104424 0.9347729981251118 0.283042495577983 0.1951169031455393 0.6989784293374627 0.6052805108132608 0.3542106178635789 0.6803700760053583 0.40094646646793997
0.47833146727651643 0.8464363850178765 0.16789717030630513 0.888288157332857 0.6501623102633424 0.311833383688381 0.6847662356718548 0.3490578525430654 0.36818888274829353 0.4186810116286198 0.9132313460584801 0.14100984220221147 0.9004157253842385 0.3042421680654511 0.09983186103677011 0.2888651135779219 0.04604862130398468 0.34531617735691333 0.10286680626895994 0.6023157656693756 0.437921862152993 0.1760040726389862 0.9344858528616702 0.3793964114886489 0.625788783401536 0.38204898386297736 0.31453856946346503 0.28004866894674696 0.9425684293333779 0.4419809676485045 0.6088238632490973 0.7627177797858725 0.5215766471803384 0.5193424762984371 0.9020569278886029 0.14159762075126592 0.35517315825688855 0.9694610566912136 0.7110772091628866 0.0033774796364224313 0.25759289441552424 0.11069513184821389 0.952757751499677 0.9478044274690619 0.34071288042914427 0.5987134697502439 0.0845438383374828 0.463219668354946 0.6229688011444198 0.36720284796316993 0.22351949881111477 0.7969127135695143 0.5155948653244156 0.8419018062931654 0.38123150353982993 0.26618896314559104 0.4660377763826815 0.013999089821860933 0.2997363240589296 0.380527832616785 0.5329420299474162 0.4752128211792377 0.6662127936224348 0.7080035707187087 0.027849733906762375 0.8406236006497199 0.7264107367661036 0.6908364875449704 0.742197067062687 0.42716874546505657 0.9883102572193612 0.7759752596224354 0.3372865371128785 0.8661854247252642 0.27655787035998436 0.45088819379303036 0.016553910644206193 0.35765379603242153 0.4058735985615468 0.9811961661851332 0.9195028044924891 0.3611909434019316 0.5951142649497515 0.9237101357794435 0.7867786310629516 0.3815257601423975 0.6104401655554843 0.5711348951882405 0.7247806248251462 0.6608339966398526 0.8624935220211949 0.399832841524317 0.5696679279012379 0.7138261411715309 0.03788086999899909 0.7733173193677016 0.6209165900979281 0.08442695812243095 0.5156803182187719 0.46424622473949484
0.817539368693068 0.48250991884488303 0.7884618961288404 0.5046626362269007 0.7349487291660629 0.27634328070741876 0.2678113663771765 0.3269912609272262 0.4381366716718599 0.17009002466994638 0.4442904931359565 0.835326091796608 0.5007085977460716 0.6879372841384882 0.14754610367145948 0.29966085229783546 0.23845792186451764 0.17524686418939894 0.47127389285481314 0.34157369691393735 0.09460389943155989 0.022744008370135904 0.46993179912311556 0.1423335099624401 0.005763934637831425 0.8611304273141961 0.5994762042423456 0.5028944996277167 0.9278593013685225 0.6725686813849965 0.9510853913293379 0.927528777708672 0.5484464627398729 0.4964349578804451 0.4684526852980718 0.5851105995390856 0.3161771556392339 0.04162139889141647 0.09838350398893625 0.8884624791075744 0.16760292510024644 0.9691432688864977 0.5967209708461543 0.8560415125308692 0.8739920555877405 0.2970434374571219 0.8213267516840107 0.3458460648434647 0.5606343319155885 0.2102173455591656 0.2087093145710337 0.8348868159256174 0.0003978282889604001 0.01795726194023306 0.9394436227542121 0.3556661602728195 0.9255599038999048 0.9667039442204327 0.4396694075646679 0.4443982889213234 0.6226210390644044 0.7952352801279156 0.2078068933862791 0.4606906434348085 0.5247697715612998 0.7921448018736985 0.21972306874177827 0.2228016899676657 0.8607225510629012 0.9139349407141697 0.7963235946640501 0.29171560825497533 0.3009180230368397 0.10530793612745037 0.601909314149565 0.029058917284795927 0.3209899238940753 0.40996091800050205 0.6696018763474786 0.3128140144431536 0.1279828988722307 0.981086153057215 0.6150849675575037 0.6455440229722745 0.6714426605453024 0.2596284898575587 0.7085403030037692 0.3648254419830457 0.4015490139409994 0.18175769441741663 0.5459370298769775 0.7905264074497713 0.4842780814927169 0.13420836554004167 0.42269910429343194 0.5911344422994834 0.8101104959475186 0.9849297784308922 0.7479844174453887 0.3278498216945541
0.9730186448219916 0.6050649264250682 0.5731948567787218 0.4679427366182296 0.4574896736477858 0.12075221967710537 0.8515710223963286 0.14744293324106317 0.5559550734061314 0.524853820278389 0.09887949295577758 0.391215410860106 0.8456735674962685 0.3817183250188283 0.8688377754586172 0.45214450987265864 0.6119803092668759 0.4209245775912208 0.9571918106914079 0.23035817577302453 0.5241457598525703 0.7527385671776181 0.6720593523180861 0.9637573981123652 0.07259892680211599 0.2994483288904686 0.15055970944541075 0.18878624962291568 0.9105909976181376 0.760999741622006 0.45680694743983896 0.3738432981261284 0.2554974768719406 0.14247889077126008 0.7524004679900865 0.2873210023336764 0.044886209228518714 0.8400618013719858 0.8861081280557607 0.8338152497568527 0.35020270737871817 0.10559826546351592 0.019279201121548906 0.8941678078831605 0.6928625105718103 0.432922943990814 0.2964930300165637 0.5133909179531216 0.5845481431153059 0.5424813279235665 0.1443888653951163 0.028369030963710018 0.38896786163595165 0.5658411237374474 0.12100956485552872 0.18717786671493264 0.4751557498660701 0.31385286976011306 0.505731125041739 0.8344506811777129 0.35282536812329435 0.9242494324267521 0.797553906365394 0.135492126710536 0.3725409198209161 0.5179933258302285 0.13494705313059296 0.7837777776750758 0.9800817982762804 0.5861331599692006 0.32580788112768566 0.8659205572324262 0.10835931995693004 0.1506187896157184 0.6568008141880356 0.8221546044113671 0.5776857375672941 0.2926969283951135 0.3484630150928194 0.04580289428002038 0.3773969536569072 0.18530921586999827 0.23101180682615086 0.9898354581494735 0.9312440885470914 0.29271913427311536 0.5415275038086195 0.7196375283998812 0.4447021698789706 0.8628238172277858 0.9779743924671243 0.36042634120373773 0.4352061280170114 0.9054358610337199 0.3831001642239592 0.5511851285730733 0.8910624982601438 0.8415658303945457 0.3326447271736658 0.9285589515714117
0.9207988986491753 0.7105803848658824 0.6528848960709246 0.9194018852325105 0.7965396830180763 0.11756628183013629 0.8698372047983506 0.2011752529704649 0.3535175628383801 0.05985124854762647 0.7715567502909035 0.34725845555803436 0.2821956645838002 0.5333242443892169 0.30489338904803553 0.5351277002142141 0.7072673111051191 0.18197134855054953 0.9395106293764576 0.01632339267902727 0.9587271232756109 0.7497774037899986 0.12248124810763672 0.15872770744319553 0.2226686181052464 0.3195604288183236 0.3643545030961175 0.5885264374787093 0.5330404471599198 0.8672039571922713 0.8819596235356709 0.6115806510157502 0.34037228258559593 0.04052927135722506 0.8934123313887351 0.40301238957312324 0.3350542872698218 0.27018694906366414 0.5182675560290333 0.44940462885265475 0.7237351708658448 0.668925109005367 0.9961648741128263 0.9147963101823015 0.8117031246761831 0.42684852088369785 0.3606538224461888 0.1179622709418301 0.2719274365114219 0.9784547079879239 0.3798994274211329 0.15258976877278763 0.2684936546844563 0.15344171348228697 0.7003577249204611 0.7971577644576563 0.07247476809051556 0.14439987667713583 0.44875222955414973 0.44247715566202306 0.5692416686802315 0.9331237254860257 0.3420685253012682 0.45242915066611744 0.6812481045876869 0.25764791431902556 0.6581695751254257 0.3824193583687878 0.6882294868188524 0.12338660745650298 0.535879301761707 0.18058285831710919 0.5533103729223324 0.8643688445192754 0.4355049281524428 0.270818290505894 0.26698557699729797 0.20864577843375975 0.5402853922694613 0.033434186885747175 0.3510907342477333 0.44088993462855075 0.7376813576210832 0.5975621910910321 0.968503683871408 0.7519861020313848 0.6301327191754035 0.18570164404500777 0.2402662798266504 0.9878757277887773 0.6398761490109875 0.5693914390826647 0.033701091055206356 0.1497509927212768 0.335481230193276 0.06059184659158123 0.598716682124186 0.6095663055924296 0.3756533093625454 0.10593700800048789
0.7467920341027605 0.4311637131611836 0.35702546432931836 0.3665780869039206 0.4369615650404871 0.37398441186571085 0.2881944925857872 0.2464923419954822 0.39890876782990203 0.9047113677949049 0.9247444977884889 0.11581394881612506 0.10923926540958284 0.22585517646227204 0.5705393853313062 0.3611858382562718 0.25051273409217323 0.4203141593498487 0.2512135615107455 0.9222835702736419 0.5395921778240563 0.5041331973153335 0.8764967305182828 0.5893956486632438 0.6008591181609397 0.214264456149573 0.8261594450626808 0.1331034246604592 0.7939915714799545 0.5263476695095607 0.15839103206882854 0.6048611935511914 0.018992168069565385 0.7183168014700008 0.0918569845202819 0.6543270747621516 0.05556257142120524 0.24852088991894128 0.9069589813320732 0.627527812311115 0.5477938164178051 0.29657156945790064 0.6170652978534237 0.09458271484983338 0.009470000078760088 0.8164266946105326 0.17650572961661115 0.8315136913805762 0.26494071166192323 0.16208310390112557 0.3953191580381863 0.9457883790447502 0.5754902572882027 0.7959673327562494 0.4028410071548577 0.6223029872862138 0.39109525709667126 0.236734621083313 0.010687829273315907 0.8715125783715816 0.7535689225220881 0.7354284296608327 0.8449296246301563 0.45884913150167983 0.7978673891517473 0.25790370934470463 0.9465097229805485 0.10711980190424941 0.21109367471238316 0.13610893716910077 0.7555148715071415 0.8076906898278032 0.9359815662573139 0.6026743587868122 0.9473386048532181 0.8411527300888133 0.2991586285577036 0.14251391543396308 0.06690143725691444 0.383284571226266 0.6952443473450679 0.7944123679253691 0.4974892122813702 0.1169489284349684 0.6950551083581921 0.7204744239589791 0.9439317222118587 0.923217530452594 0.6437653009575363 0.2609952782660272 0.34269062494508673 0.5783773100218316 0.019286144837217134 0.2410171721939205 0.3806522745820926 0.3372126665450714 0.6247925483684307 0.06183532589939822 0.4913560913747391 0.4827734195599821
0.3186786622473742 0.9214215173477721 0.0806251280676673 0.9107254864597462 0.8245292159898647 0.07462058506305047 0.921050423447895 0.06237060811177164 0.4244620615829834 0.17723119815331356 0.4546997785856538 0.27817459092779795 0.6186300403652014 0.15403482096053522 0.12030422546962782 0.7324640867485486 0.664801065232076 0.6546788234096786 0.15941917558439478 0.7916625527171746 0.7737843449086178 0.9078115417317093 0.8617457212302847 0.8129016206106743 0.2943008311936961 0.7148045185818065 0.16987921606784628 0.48357241229822046 0.005913106541057589 0.5659177722041171 0.7799499444763593 0.19744433235155 0.9249361171070211 0.6435309373937431 0.2550430246632066 0.5193219320528483 0.03197575958086063 0.5871557716167337 0.2782008619279177 0.8599521611114831 0.06073850554754234 0.2085683236973408 0.9643764356553174 0.48720880641922604 0.6708172503393135 0.8090273095382046 0.6709105063762703 0.35368410044093146 0.6375437629583779 0.07699857301712643 0.04526402672375873 0.5737690320461273 0.864110411709998 0.3420508786462648 0.7801840213010395 0.36938761881142057 0.40458849461065505 0.5506657215076622 0.42164558433234556 0.3622320381194466 0.4202751168492338 0.5708441526757886 0.9969339734278492 0.9044900970969433 0.5803935460335998 0.6014895128820926 0.1270880315218983 0.6512332956017857 0.023378331062298696 0.02669784624014937 0.2738754198267068 0.0075450376918206885 0.7951130144933636 0.8913550446230049 0.23850416270547292 0.9383711508455729 0.6974550882105468 0.3039140490195361 0.5103383903375938 0.36215886427655497 0.5522925318752812 0.08108406882221242 0.7003808111231954 0.7435534502061177 0.8808608218580869 0.09787005997430609 0.2045036807531957 0.4902564900044494 0.29129142526298 0.40788117189859496 0.972913155876704 0.6837359825578762 0.16748277604864092 0.6222663775799171 0.02930567603546086 0.2717837858377279 0.9578731185792494 0.3757083465828216 0.7058467430730623 0.2952039176320508
0.629904487667777 0.7479825271741308 0.3715109346958051 0.11366357207128841 0.4544022972471301 0.08561339085886999 0.4432861787870055 0.08293211301710512 0.17710395536712764 0.36760747906746094 0.13981102857486227 0.9115978144524227 0.8115494121000356 0.2126139777538789 0.2541472649772101 0.6091380694673224 0.2108044016960593 0.9317380180409415 0.8314385354566001 0.9147560916463603 0.3667978836348962 0.20978082965602396 0.20671015832554207 0.7893386779313153 0.7753833228793265 0.16314802375557547 0.07074415007090429 0.010001199672531436 0.7679946089024643 0.8532876589229401 0.5990079216554866 0.4882473579556944 0.3551303949860626 0.6552858572214868 0.46770952444727754 0.34049708533056455 0.2673403498938536 0.030812007949731934 0.3309847923289224 0.8592540756705416 0.5478502685482796 0.0024481712885217055 0.8374675503148202 0.0740262005706116 0.35458856300243613 0.4397404917354154 0.03484721500724153 0.0915166071538629 0.3142173051869931 0.17465010274500992 0.7219451828498151 0.4667027997334301 0.8981784604543535 0.11238832101664764 0.6044953537143453 0.5576869849226237 0.8168265843488923 0.9261839017973919 0.1733730608564802 0.753725186430219 0.7537071643002545 0.1318230689996155 0.9542004667371129 0.842422693561717 0.675206727042321 0.7583025588666038 0.5124732264501473 0.0664275273918381 0.8058992299951646 0.9478965838221809 0.10461732193307283 0.5974231008255055 0.8140606638591835 0.6339255376367425 0.6198095488533104 0.20887682419782172 0.5074440425024531 0.8911253257331005 0.26649027323944396 0.3579012696442162 0.6753238046550302 0.2870320585747729 0.6599952195661887 0.9051286048882694 0.8869964864905294 0.7420146779785151 0.3658741709873201 0.952757771622642 0.9568828505267539 0.31892767622771356 0.39651982435828315 0.77804050722019 0.7813402584921552 0.01754225559733591 0.06330083636493067 0.6088426134478896 0.42987215477659213 0.3709353064730213 0.8780943757904673 0.12335152679740524
0.4698818619070315 0.6478440746429297 0.42075102877307724 0.5751677712657627 0.9255065301663272 0.9586143800287564 0.7754342701839502 0.13213924616098327 0.8275977273953177 0.09895432745911037 0.2731160165604011 0.1288614112896066 0.8585749400544278 0.19000551536885069 0.6020698241617534 0.9250628602043617 0.936506833763778 0.1841458610929959 0.5721703217876564 0.4882770868955758 0.9541885135434774 0.12774063790197554 0.4099568476964919 0.8118128758285282 0.5371589213134491 0.3635052488876882 0.08594420734400665 0.012883139283076273 0.025652884910884133 0.41631120645611286 0.8510879479301111 0.46909791660180966 0.5676029922948688 0.7216437639491959 0.01872546301639122 0.03588520298677789 0.4293477317713741 0.05181202129850415 0.33423765407047434 0.45339725584473034 0.6592445643229334 0.03360771250883188 0.7699481699709374 0.8529591013782735 0.7861811163114159 0.8064658529107641 0.039923368348519506 0.5395748484452578 0.45339562275158296 0.533192342592281 0.4309005746833664 0.5367085406450903 0.2831729677383773 0.5027484434930438 0.725386579717103 0.3989969650067521 0.5949777070317752 0.17924685660312545 0.9897339081595354 0.674010909122265 0.7473083262532261 0.7405394568323531 0.4673524183365054 0.823795101920145 0.7213696812882314 0.8773673603210609 0.13462461941182813 0.5508351610481652 0.31349470828993053 0.23809689360377406 0.623360054816356 0.6214986733630397 0.13131669965953796 0.7289110924951123 0.8037635575507398 0.7537812001844328 0.2990316041225727 0.7955417074558059 0.0025294297354424566 0.8421604363999345 0.6082104155742603 0.4851197979991303 0.36979182216712003 0.2116742906607959 0.7060783452289303 0.059644133404608946 0.9717925738365398 0.1023210190234638 0.6910749929673573 0.5881978768232645 0.11237986100258213 0.6527625574548936 0.5576326084441595 0.5940439094793685 0.6046800911891318 0.22725589284308156 0.3323810154119783 0.8019391119005185 0.6673824233969842 0.601236060895886
0.1720691832769624 0.7226141936845972 0.46579102930462735 0.9185368564838651 0.645033486220673 0.9391368770432413 0.041693629482922545 0.06605685182970245 0.7885022200922169 0.9378298911402956 0.7489791420728625 0.4835060054700202 0.940178206087508 0.614487533594096 0.2398502547397927 0.18776600550944633 0.32921411936449907 0.7034432161438442 0.924022169588172 0.9987461482834193 0.28313710587033536 0.6887528831614939 0.8721320943584715 0.5000998367658623 0.08208968193863408 0.7393972231414353 0.32662811000508674 0.6415845721441588 0.46251016705277614 0.39026234597460085 0.4966375229966452 0.4941662505054403 0.9586954120348425 0.5803429678564404 0.0143538254028035 0.4572363495032622 0.26447693372513537 0.9590505038383235 0.23000710030340454 0.25582443338884986 0.14626231128893663 0.6258852588764291 0.0028135260074897417 0.020955695173075384 0.1832175175350027 0.5244773884072456 0.09034551925503054 0.9593275076112056 0.9742299548970624 0.8467833752403421 0.04154478967104336 0.36162038183112577 0.05879094736004142 0.40910340782956744 0.260374714051945 0.4037420020666135 0.7791381024820276 0.9153066912747846 0.3456215961758753 0.9511576826645386 0.66541034091436 0.7773479951354697 0.7439280239693683 0.9137336096325438 0.6220535914072702 0.3212415718419587 0.6852307909179152 0.5386264650645686 0.6296885311074581 0.7642812513135457 0.4873239344567193 0.05637614663039958 0.23586805802629252 0.08175846453385716 0.5704735238243317 0.05842748552730559 0.8160643757371412 0.3710913391277574 0.5424578501844728 0.09266749623930715 0.15364076318036834 0.11727467973247496 0.22229493832811753 0.3532531843434533 0.35600193653057455 0.8112734616767606 0.21602947566477637 0.023230766800648284 0.7451717331753679 0.4510950575793008 0.31097172914948046 0.3244759863978979 0.9000389495901658 0.23650024861634567 0.8399947057460625 0.29066199350640354 0.6298216872583927 0.6275873873507734 0.45948689721345304 0.12750620157501136
0.2735835707599299 0.17147173285909023 0.9279161852385662 0.4384299977455174 0.43423447985478614 0.6186011599174333 0.8842421304628139 0.08798212145681017 0.24692344347242567 0.10821045274074692 0.5594153492292515 0.7729528023591759 0.4989935996308258 0.34188964614397477 0.6289523386991765 0.3976304203676918 0.7881696539984606 0.22521934879398287 0.3080219035549754 0.8204127736596826 0.9346847326940427 0.16757128665205134 0.4894026936960043 0.45627755458986197 0.6502731779352998 0.6120124552727214 0.6601659457278485 0.7575736311595276 0.8688642990053393 0.9523012578233363 0.6889912286425663 0.8129220041579938 0.793869183919856 0.7391956868692349 0.5180607840493687 0.705494202714951 0.01808448706381094 0.43439469781237516 0.5741419551910012 0.8495146232119557 0.4475534925115 0.9571011701116348 0.595044945668974 0.05590150444528619 0.3414174472926026 0.8275515542344727 0.5932427535917489 0.5368277752694192 0.3443480765680276 0.5307787003452354 0.26536068681310365 0.4122011551326076 0.9098018515567012 0.1493633833467467 0.3743010741171431 0.6699662327766476 0.4509180992816282 0.9159330659154927 0.18518446250650256 0.17424408996508378 0.8587047895770409 0.5545206437624991 0.044759544246389615 0.31450298084590833 0.3388818380447668 0.7870381127826734 0.3123896392213824 0.7805479814578844 0.8492636939285295 0.5328478535686394 0.30222117969180107 0.8313979170930303 0.6952259794098538 0.717079466928607 0.5216567792445802 0.39042885299033825 0.4477198948274983 0.8937199650131913 0.5287819015223505 0.42458553182782666 0.3956175021852081 0.39333908230466874 0.47673369641331953 0.2529818707646706 0.04819496532452949 0.5410118498699021 0.24996726669773317 0.20083941039903175 0.6034186424840151 0.20063545944782502 0.9657921088351664 0.4615388684447601 0.16565801442863715 0.5498691184537265 0.3176015603900896 0.3775457116928502 0.6233600669295196 0.5936551260220072 0.11521492562209423 0.34588983530353445
0.19221387826384928 0.4810077761702781 0.1321745133128418 0.5765071656785641 0.8296827387857205 0.25683101800943475 0.2743039146897396 0.44021580620041767 0.5766662043673546 0.18391308945776885 0.2784244107959424 0.316297860768442 0.3892639893520601 0.9567846517040319 0.48915877768683014 0.9281980667133689 0.646533107365987 0.31630702206577976 0.8889928639006893 0.4574647589608488 0.7760374637942635 0.2425657849233538 0.7222695542281607 0.597078908053244 0.23129596479126124 0.5365603459027581 0.4713132896226172 0.42514805184423454 0.9577057689784522 0.6744992359888219 0.3084310499447749 0.7492380395549312 0.8624438964468936 0.6969995161182385 0.9945834573130071 0.4391781489633263 0.24346986220183497 0.9373924409340779 0.3143156681019579 0.3331496727504516 0.5980451230578143 0.438947961032497 0.9999575020260525 0.48563922898229095 0.3649118792014604 0.06935509038309273 0.9184868977518201 0.18804334803136957 0.45966338648051375 0.22387235485365653 0.6700113968677505 0.5107863526953631 0.29271129965482034 0.852329598532632 0.4008638898808111 0.9199190573627611 0.6327425149676198 0.4914136696675292 0.4734123122730032 0.1544211082145308 0.36276938875520437 0.6897977027693138 0.6258873938779311 0.5256909843463127 0.38291843584847285 0.14732526634281307 0.01100628000524051 0.6714275880033788 0.4997556422947277 0.07638373608414872 0.28239186375675485 0.9445943195990832 0.7137675341990453 0.26887133931396434 0.8562227724957143 0.39775164270903585 0.19573767992498858 0.4252014634668638 0.21844831381193153 0.5517104307958429 0.3250413791906789 0.007968112328658572 0.634645107251461 0.29796220454007316 0.359122907085341 0.4213558349638864 0.2367280152427954 0.8642505580059164 0.0675204120557229 0.23878790437755626 0.5612510490894769 0.20348099878063208 0.4914924751130687 0.6784603492644028 0.3551554788389151 0.7749610637687955 0.047774869309875845 0.9086266845770897 0.6986225033260085 0.4370183805377643
0.48167685652656955 0.7957003836035215 0.827060744019135 0.10647733837823015 0.38492892869774586 0.6277810507686383 0.8058385494798312 0.41592134697301697 0.5466805912148897 0.2573338624557483 0.7825478378622667 0.5933299336092169 0.01403963265826258 0.9159078104482324 0.2862361143872548 0.5070983783799613 0.681492864196493 0.4631926679813516 0.7194176528938725 0.3518304795949996 0.20780185174064947 0.2722357446386494 0.5481673513320059 0.604687551568165 0.03713481063790136 0.703718704310008 0.6202591382931001 0.18052476854390143 0.6133410775809949 0.442061120777383 0.45598318401750215 0.7230830148847774 0.6909138500941385 0.7760644302560682 0.589978439174219 0.7225075811897076 0.7786858260902643 0.8179476715715518 0.8992818366327819 0.569102234938101 0.19417611942346513 0.8978303864642413 0.2816021156115639 0.11234654467435656 0.4585059202447066 0.6319757843759952 0.3559036132433703 0.08725813981292696 0.3839148425079476 0.5841228230876736 0.9505523992575715 0.4642578357267161 0.27233977211432625 0.17937702949243428 0.5000570703977296 0.5379638977640636 0.6061606811565903 0.5786887185363468 0.9796941258888356 0.7391988055860219 0.5325525577955295 0.3398361956067506 0.7979953910261379 0.4155133886896618 0.049318177189007995 0.7110975868148355 0.8910860350657591 0.5626039887259381 0.38104465668710374 0.4274568366727166 0.7873303463051577 0.4971992627439509 0.5566998292474754 0.18273061097109056 0.507598448092653 0.718712133806241 0.22596528590209586 0.25001013022084917 0.16358751052593934 0.3428827322935336 0.6720129832411719 0.03811707516343732 0.8066670755321107 0.5483471144423425 0.06664298005934577 0.6379364444739648 0.5819899864036687 0.18009960365091626 0.251203806628171 0.3431914213304522 0.44365867457576724 0.301268365333367 0.4015052779093783 0.8675807122225289 0.34309565190170344 0.8308559385391087 0.16485125303099124 0.6236012819440842 0.9788169284378259 0.8219234099730971
0.0629154971781658 0.5142967003108377 0.4865140461709101 0.23836161713249449 0.4606863829459289 0.6849142318502719 0.9633656703609189 0.6725926410591047 0.05226201201907288 0.7018858724535182 0.46023806124212474 0.3110165412144399 0.13124177227492506 0.3018446435959803 0.8777978863115895 0.7888012413204152 0.9800543792427363 0.5779724553041067 0.3790983547571035 0.26664854779089764 0.30809790680960514 0.5837811311258825 0.8119227207084962 0.9703217699477782 0.5034580942741773 0.6077631876050871 0.07421702559853849 0.3213366888250625 0.5090792850057029 0.3074528941217958 0.6144964338331432 0.1473733671606754 0.8841846184468479 0.03738019781147961 0.3179279516812852 0.5860029267695867 0.6700741329258816 0.2574144414058115 0.17484164694233617 0.2871754391958551 0.8540392598832208 0.018284674913734644 0.3280886590750878 0.828235230566533 0.38109880920373507 0.8918363888755679 0.38746184996213884 0.3689747261379006 0.06009003605837049 0.4387872977172046 0.10446702540958175 0.48813962985942594 0.7110339416328636 0.9336949957658444 0.22132065748451835 0.3410289525803608 0.055648559386808016 0.1818344801046271 0.07113765921522919 0.14632668547086702 0.21053935717376882 0.47411692919045434 0.2324060357050639 0.7657175532173366 0.31994753582435453 0.9074185588191098 0.8708718787747664 0.8021118683862806 0.11760408556931257 0.6020368588156437 0.5044334707288217 0.9388623041946295 0.32063916027832484 0.27014689717793083 0.9490434313528506 0.38014543690346936 0.758256142920037 0.9628564111730893 0.876614719016383 0.07348709356977345 0.6104363149752586 0.6194442503829626 0.2697524732315423 0.09489404332029394 0.40346568415669715 0.32212088845140396 0.3154888955862626 0.5478977052698324 0.9545759294496282 0.8062963601731464 0.7941702939031494 0.6818864039893514 0.27637178091569525 0.12672536028997772 0.7738963554795393 0.3576074677721167 0.3387111651230189 0.27035517197830716 0.20918978008047218 0.018360039384862414
0.9740569544219041 0.7569355134708836 0.019356759787936717 0.48123269100014743 0.1988700489773314 0.6390505040984025 0.43130410857802093 0.6553346466276934 0.10367723637540416 0.48503214977415143 0.9001361674222271 0.4629689756653439 0.5280542674106984 0.447185206277227 0.4059639769298403 0.4459481481681725 0.8241257205271719 0.6913288798095093 0.8908795825652819 0.013572192560139973 0.4297950348144166 0.9827875669655091 0.6829741513088503 0.41604501220903445 0.9267594011903962 0.22736535596021 0.09881539025873642 0.1899651377103574 0.1794103194929213 0.3565293629304471 0.4586125033720244 0.899433976990377 0.4637679730797154 0.5263228579967838 0.4821524846913847 0.9528575673101699 0.22714087953395345 0.6982473583393145 0.4026138444521159 0.5534683272950917 0.6884256683301796 0.706487021358246 0.7667133714403856 0.21328448297722347 0.6329964425842081 0.4831849369783848 0.09412579735763793 0.20160337457320276 0.28718988642242305 0.8509962506630104 0.3047629949094457 0.6066021712691722 0.6453194273038662 0.2512945397523886 0.9490397062520212 0.5402399713198287 0.8259380460987358 0.6777832468529967 0.9066240898483976 0.5608194502743167 0.2239755332359532 0.8916581638210964 0.1464667656432289 0.6833860828512562 0.9504376381955627 0.5485700242058437 0.6459364638152831 0.4333312929004036 0.7186204387442012 0.9114667766524581 0.2442185876708498 0.18214580133115343 0.721099149981537 0.8688271559009695 0.2345104446376025 0.5210846220571792 0.17361818813430807 0.8340879852360896 0.8456120976566962 0.44188451133245 0.6069043536556474 0.34926653791179074 0.8781773320293499 0.1320205742595819 0.9062514838063238 0.04029611294149815 0.48875529199337964 0.6699327658766209 0.007336147285689432 0.9455042511906838 0.05268855068020095 0.5572658508818212 0.3271048840562165 0.8438541106824539 0.945963681252136 0.00912877224257147 0.5205819849376742 0.11824072122846885 0.25321960940389476 0.4771005739552572
0.39532546101700083 0.5348592758361156 0.2502837837390932 0.45123484930699675 0.5041607404293451 0.0717162306397342 0.6848116416391836 0.20766096238825105 0.49073727764004993 0.685905148842641 0.9078262541095172 0.6464456961830333 0.3588316521650018 0.2518393134692126 0.11682141825612113 0.6944597406548604 0.646775038916631 0.31680711403073625 0.1478880628918937 0.18750368770193993 0.2638069564391111 0.4172538566019912 0.41603282300450894 0.009072782339441754 0.7948726059327331 0.5790579768705201 0.18019440989999913 0.2745027649074042 0.03725210372051424 0.9069612605899884 0.4981922000152367 0.9915227723576646 0.5517876056575234 0.016296795769331518 0.4145187132021635 0.5264058930708381 0.08854661825319843 0.4183861601256177 0.5519938027205227 0.6773631041584297 0.9375715127658709 0.9086863889444692 0.6968119768005119 0.19909455345891536 0.7878800659974621 0.6938930930638343 0.21908390083141316 0.9542320098119195 0.43060038377405074 0.18686265381896927 0.852923965734415 0.00464261065922833 0.9413072462432109 0.6954715147822508 0.5916527677645098 0.7214478464940504 0.23614475856860484 0.6182799732862992 0.7474318463995363 0.5849079628405158 0.8791812323175616 0.29949599105667724 0.49997831331094833 0.2756163896488094 0.9418908442778907 0.7916958634097258 0.6623294806237037 0.4251395152721499 0.7076641115570038 0.8560732840134715 0.7763056390116873 0.19673110388628 0.02410493103399991 0.6686172254751587 0.8961767046319338 0.2724035396274702 0.47410748214821485 0.06987302943767615 0.5592638342786501 0.8518860359004119 0.9696214293759415 0.564806236972328 0.19227447702133504 0.5317388272908423 0.034198229150995685 0.8928174066529662 0.7750908960357723 0.9100560015796879 0.5084110614916338 0.717193727011438 0.702184538762528 0.2471745854296713 0.047111696723330154 0.26601835374165583 0.7779331131278461 0.9245342712332032 0.6379322646248998 0.12749603574145785 0.8472753619006869 0.3100986444548476
0.22588992776324834 0.24269115440351618 0.8473214407400838 0.6515139416746979 0.1932009148363123 0.7852302484708971 0.9756624441387741 0.5091273457407006 0.55904432750544 0.6153981924952105 0.7035256599489077 0.1759562782439711 0.0919722530245497 0.5049307433638393 0.01938269734577447 0.7051195009184772 0.6392734141906983 0.1442983576203143 0.39941910784559087 0.6164029553684031 0.8474899657965227 0.13979095136461028 0.675675759750928 0.5285841876475902 0.6864225654515956 0.14782392873030714 0.2770017083694145 0.5484768429559448 0.9201810346681691 0.14766622331086432 0.1634896618534678 0.35227072034237783 0.5554110278710865 0.7383797479889659 0.24695570977998105 0.3679962966707734 0.6258796118110452 0.2714294846462366 0.9269495911712243 0.22897165649793905 0.623786147015424 0.636262202033809 0.6427951910975394 0.8538076454985165 0.7633488547727679 0.06347823359048599 0.19587347975618152 0.42559137372292233 0.4895660610893552 0.3855433692448659 0.10519786292736522 0.8935452516783472 0.5677522558858448 0.7680687244340622 0.8026404935446642 0.1376242350192779 0.7942398420749945 0.0030375051279186716 0.018397317377227163 0.6527571950035523 0.3795230640512237 0.49779848848691033 0.13056171547427642 0.7913383475518737 0.3764247345541931 0.7414049822170459 0.9518051077152595 0.16716473721317748 0.6337451330744053 0.4424025519742002 0.9312152343712732 0.7962696482360377 0.5384620742882223 0.0854582311578237 0.8809960921431232 0.8911365228691771 0.28107784089675314 0.7805862733634348 0.008415593527774101 0.15300916605041293 0.9809038791787107 0.29296018668682633 0.3145638044214395 0.8332963851882571 0.9687347321925529 0.11898013477014258 0.8090644028287787 0.7500292880358781 0.6485815776171693 0.2707700528355852 0.3262745255357301 0.2023548280997236 0.41769896603080514 0.21168066853986167 0.3158651676532307 0.5221944503704513 0.4352632921993458 0.35746002737271376 0.9187380548245843 0.517852889952527
0.4099419954256506 0.46086873100824366 0.904211862345834 0.7147068048312173 0.5711047289969785 0.9176342608747173 0.21861349260207918 0.5128966438259014 0.7294939876991992 0.5583841498898512 0.3425372951652834 0.5819229754929935 0.2058675183396016 0.7167381301177541 0.8733661471829786 0.8580375403063255 0.7090420221067038 0.40964443444963805 0.9314167398517352 0.06284048434567335 0.45556338870228597 0.7255786164091235 0.6191922709061108 0.7772555225574772 0.76277479517749 0.4222532358053158 0.13231092267584044 0.6081040752410292 0.4440931802946959 0.016085677534081633 0.06120026281888802 0.6583016840209466 0.31044057926268964 0.7280447715181871 0.32239124382829765 0.4291499720466564 0.5296832175778965 0.19337874094308583 0.17819214593853816 0.5657847284466359 0.3697824006546876 0.1707779913285511 0.6662143941006522 0.4894055114708541 0.39026539262129933 0.886802031563036 0.7957238237527392 0.008060815548328604 0.31991857104128807 0.90404069079913 0.2095947110898997 0.6705554671916627 0.8756081770008849 0.6232646468474832 0.7162317603466671 0.04319877602788902 0.13191631250718938 0.6042619392218853 0.3319624861738354 0.9380977688435425 0.11675140113554405 0.13978215039630804 0.6810315981236507 0.46198953284456923 0.7467897227350886 0.10593840631419804 0.26435370980613704 0.9792788770874075 0.23384487547591637 0.7290287339096646 0.2865625601195959 0.8220568232180965 0.793507768422021 0.49088830272668305 0.3480117462688308 0.6054185923201134 0.809461586507464 0.4238515221325846 0.7328797844407129 0.9995014276816973 0.2050020827580955 0.21582429328513053 0.7247980610325419 0.9970517132317981 0.4965796969753936 0.4487161384446796 0.752357319736507 0.20606718547844582 0.6034197066486908 0.49782299180953815 0.040041756778049775 0.8820525083644791 0.5082878421517686 0.90724205056912 0.8393432260466903 0.8032797186866242 0.8610598922467001 0.6293745004699454 0.932544991258146 0.8764367494249404
0.5704526211078715 0.6227046315328819 0.05874733561787415 0.5147034210236019 0.16675042671251028 0.2658204165847614 0.8079139333479769 0.5481962377028243 0.30560679225739673 0.5540164047522288 0.02975905341616014 0.6782434218129015 0.02191999788713528 0.15713707660459164 0.12641553739805844 0.9061756440688017 0.4434642583412166 0.44204231229067736 0.13216253250958188 0.4904728444535552 0.25784567087441834 0.6415394478749554 0.7099853171621505 0.30531548394313923 0.2377452419536359 0.12872542829062417 0.48992994162866754 0.5616644769612755 0.12572127969772096 0.8177461568963984 0.666735541190863 0.9831144590274489 0.7856510183512366 0.13077519800022586 0.23633991551809852 0.09141799976244591 0.6200770497100697 0.18323252891661346 0.7654765956668304 0.6163032377589123 0.9284213221761503 0.4340625072546094 0.1269982058685195 0.37314069900630376 0.5450671637063461 0.7934533546600447 0.9849048106555607 0.7018189877912239 0.4737510416388906 0.5375257376427953 0.9468915182664787 0.4580291057237871 0.874326628526185 0.2398948780939295 0.07433154198985437 0.0028686129516802827 0.7080891284170024 0.36361837087052595 0.9478355082747392 0.7612118186595682 0.33820037679170134 0.9815864709093138 0.05452658242265862 0.008505782391814432 0.2179357256089891 0.7301642095003311 0.9817758524412876 0.2393591027552292 0.17532557973103413 0.2454153105370035 0.3180792261850409 0.9825140725844503 0.7215152362167038 0.4962397362494021 0.10161454671113579 0.0059951282162366 0.501017634712704 0.7282438886276842 0.47363360346277883 0.6975781166632692 0.11353285750922504 0.12579228037267542 0.5206553471886213 0.41239066967558413 0.9266092273818537 0.3797482093993977 0.4034525537326683 0.22784406156378023 0.5889215144338739 0.6011026659871854 0.5477260543742907 0.7721630553720036 0.07777661976761885 0.8804955578243281 0.08156971367883636 0.8235968256625885 0.21756755862185162 0.5352045990983907 0.02368970589710584 0.3376762033862931
0.3041028558928216 0.42100118748454696 0.6766105738135005 0.18758361382515754 0.8904399787338434 0.1703245615716874 0.868602670499391 0.19634758430671784 0.3323479483479207 0.023472658779761457 0.23711119545010095 0.05046715809843738 0.6261679886909437 0.5212847553077702 0.5801431304818375 0.44610609221271513 0.9122869886829692 0.4054738540210068 0.2991096681220653 0.4208219336676029 0.4617723423990229 0.8059692555870238 0.9640147194383866 0.892522628497491 0.5170333928866946 0.24470324566270119 0.001704965958637339 0.4801156277889411 0.597590792003508 0.785070505727103 0.0738021134114788 0.25815649210946745 0.7201412481432634 0.9167782154761325 0.7888221819634476 0.6126794610993063 0.15387467445601188 0.7090758371629217 0.09474025263454755 0.06751807607622007 0.8211207726547157 0.5165686432119289 0.9456946239087689 0.8562960414839341 0.22539662603276256 0.3214359440476505 0.7554686297745462 0.8215418905583033 0.756505836124228 0.17645582492889678 0.5252593244018258 0.18211467028481643 0.8001772012170161 0.7668678842529566 0.15093401278824858 0.9826851838826534 0.9729000944183527 0.146456160720007 0.8034238367500284 0.7827548050826914 0.7674107646564841 0.9392328323410573 0.05800004491629973 0.1114262202486902 0.7884780212771088 0.7322139105438905 0.878311182750392 0.576306583682426 0.5332136827684355 0.7651921053123183 0.20539012204881302 0.6579875472710411 0.7496857123570945 0.06849882194083867 0.13544065496275481 0.22923894707007664 0.4050595896196746 0.9180081244790649 0.5031803816539626 0.3341341664580828 0.9635580007641616 0.7729143102896846 0.9654585870735156 0.18840363146874284 0.003405749099607891 0.09293163123164716 0.735606533701424 0.6355254077438882 0.06666928095650992 0.9015516421519986 0.11846040305986927 0.0931114487136041 0.7120128942421028 0.47145875732953113 0.9345750860428956 0.49942799096240875 0.2856713882820232 0.6222407365916417 0.6230320763091217 0.2437964654575493
0.1442260042769392 0.01258399396695431 0.020714855975586643 0.7609541038137109 0.053355726818891114 0.11313996035920504 0.49022371787672414 0.3942102073252658 0.5530061935739481 0.16802650375012973 0.479358355388976 0.9152776642688444 0.44073658764725787 0.4446090084866898 0.8575693915876695 0.10495781367830903 0.16517008881412543 0.7572526217506168 0.08987827305607565 0.21726529527321092 0.4452826596925541 0.10187182197877886 0.703570932357037 0.647641301523028 0.5814946855527918 0.1328714763955663 0.7652499941110231 0.702002464696598 0.22157085008980104 0.3140090694623775 0.6380783651650365 0.055581974554393176 0.39823246062204365 0.3200761681512567 0.08385837679075014 0.05809410443399865 0.4539545024725604 0.8135832334190832 0.1614351460733554 0.38843356685913155 0.4121978399143301 0.5405050382532507 0.843771536132153 0.051315948748128726 0.17158544316874746 0.37705588693784053 0.019669452260515308 0.5926974279844018 0.5359778793933677 0.39760620449565065 0.8630708876898311 0.08823968732453535 0.8476817181285008 0.2419687284244283 0.724481700426594 0.9032657925903096 0.24821674453039555 0.8195416630833146 0.5094632296444871 0.7750219375580648 0.06556959604917556 0.7489327628173555 0.7929350447389499 0.12726267155075832 0.9758677778160115 0.03666130600350481 0.08664746580219196 0.9492916243858378 0.2064117292909915 0.8469908102674854 0.2416904793577429 0.119762083829141 0.6697382288640051 0.05482098092599552 0.20223653270678432 0.9053250165822255 0.21057666906514028 0.7412636535257602 0.005476921784658195 0.4270065735006655 0.6950675486916548 0.018516576071414215 0.46706495757354316 0.5922669566716032 0.7945408303746206 0.13356541320977056 0.9488006898429338 0.8635301131979926 0.5992750545389113 0.026819280517533683 0.0022278915892227635 0.17828064913677333 0.2178744071337172 0.8759681337054637 0.33448332463432695 0.6264986695479281 0.943976538190426 0.6257730618560017 0.7644766449079567 0.9402030264198614
0.8707407945940686 0.0430966019360256 0.8507435999394619 0.16888811494185896 0.16902378214819347 0.9081840484430385 0.3776097196698259 0.7087451379419096 0.8654021274657573 0.6522362920652492 0.8633904910046624 0.38139026524485875 0.08073809496386775 0.5055982866300262 0.5990903176238451 0.5516781718042909 0.7833709474881432 0.8473996459728776 0.34195418423139834 0.24901226914737706 0.9289839828921598 0.6189713004769728 0.7071677000729142 0.6853969097540025 0.7339299629357671 0.7058835364922099 0.2313649764371576 0.6004703905950419 0.29654073871334896 0.4141778020921576 0.38016110296336225 0.8664918523899967 0.7256907044098376 0.38856909607875223 0.8303318733677675 0.6710081017553728 0.7337963255339274 0.7008735045016562 0.7130091820813375 0.5992522750671405 0.7248442631544086 0.6307982411034904 0.4015470843208101 0.5563678052824398 0.5412533996751617 0.8855904623186546 0.26425583256229523 0.8600872559450811 0.9177670285424153 0.46711080900211266 0.06969119065768103 0.9829158775421195 0.6392369109654085 0.34441008473099544 0.32128945496415195 0.055941063704812666 0.08509969255657424 0.32898783047676705 0.6540542500009201 0.8834735575856555 0.20193903081210596 0.3485870169248324 0.9205581166007665 0.8225830855928464 0.6823431655158471 0.2450505523504224 0.020968981415323662 0.13650420095765015 0.04974894682737785 0.4474802097373801 0.901791911335828 0.5602231013005429 0.20630993375375095 0.7149995973303366 0.689395905436401 0.647243441168367 0.6707234706623887 0.9787525255395729 0.6366850271932378 0.20781969921718857 0.5605741144417957 0.07746835763713078 0.9890429800314483 0.5369947085753032 0.06871468178614593 0.37609096103052253 0.8861458427232651 0.8288267908893463 0.9689931152635132 0.34819127238962966 0.5744267668082598 0.29697601373911486 0.6940336028778027 0.9815592230497445 0.926325756747942 0.5092746758685125 0.7787762347039813 0.7489532805189811 0.5676239730842965 0.21830012446426816
0.11801358294393949 0.5714366925907686 0.38512330259370775 0.2293048022483022 0.34880781355662205 0.8933031432883373 0.9914701224724473 0.40397042817662376 0.0369856168025583 0.6402401278146488 0.4324750702924057 0.08862904088864032 0.2955749313953282 0.36676469290330227 0.4765135248812945 0.013996275283707948 0.12184190762435765 0.37334156454062106 0.38876600666557715 0.10748629173363888 0.9003229555806592 0.8458180967121187 0.3094694612328739 0.5744286281395488 0.9561831789771748 0.21915641096255867 0.3994489341948668 0.9052224412385591 0.8161869472016753 0.8963004693123517 0.17020543029302648 0.6670253884373677 0.30948725734014615 0.7548551144480903 0.26948113838175747 0.727364959066824 0.405647406703628 0.5370415537720615 0.5904543089980259 0.6028921036373637 0.8335942973647893 0.8917386435101705 0.8862575961638361 0.014951003574997568 0.9143451401123861 0.5877673766504128 0.43280330756725405 0.9513086913354895 0.5661934521765046 0.6283817034193396 0.29048964273468625 0.15098987371261485 0.7737293770822227 0.48652386481353327 0.1898700511415764 0.459004625329123 0.7631239767821631 0.3616283969088795 0.5375890061379642 0.9420892636571985 0.5668392255148986 0.8680709806984284 0.25911195808837095 0.6680175467192243 0.5361784791173598 0.8437529677781549 0.6071320964730053 0.8758094695428272 0.3495667332615844 0.8160376903182858 0.804603896050149 0.5526764335011102 0.7993961722670219 0.3460618145444305 0.6944809376684328 0.13295251826545285 0.015187677073048467 0.03463188959773833 0.823853149673589 0.012986618311306097 0.21845218402762845 0.8420111657600022 0.7922501524259866 0.11405138948245452 0.7218798060946705 0.7811070355352555 0.5424324035979996 0.8024827996552815 0.554858303237751 0.8387225600136199 0.07286144258106497 0.9628212487452277 0.9130791713373362 0.4073187914886016 0.2958131578796752 0.1675618214630118 0.8074162435057041 0.15270316078944257 0.7293038210046999 0.2038555316006646
0.7467491542635897 0.5573926069544748 0.9947816474554695 0.1715568397129068 0.024388176335047196 0.42223328135006644 0.7390976567449027 0.883221997084473 0.26689229886911037 0.8073160715781239 0.5095582000378527 0.585030611871927 0.3197825967710112 0.6949758524145965 0.9908902828722079 0.20905133765613837 0.9841521232827795 0.5076646997174707 0.6613238416981562 0.23982769046854824 0.22806127443909796 0.572174148785004 0.39278185220765016 0.0668402119534246 0.19890686103975885 0.6688063452989148 0.8917463353119051 0.3329056154789697 0.7450494969543647 0.8341141519496357 0.7028371214224362 0.45477655098208114 0.9856854592031368 0.6819273444001378 0.3702254897310616 0.023115777697712225 0.6334262662670332 0.9297833220496148 0.14816793582129195 0.2360413050463538 0.8285288156477698 0.5711015550991486 0.5584154871502532 0.2996428673003777 0.6194382830957511 0.38927484644751 0.7075994305618349 0.6992858938129993 0.01903125933421712 0.8133343201559035 0.6687715363322221 0.0015331823397262134 0.7083216899939353 0.49594195560730725 0.12022021480187706 0.5154867061923714 0.6247658618007533 0.5667501713506132 0.9962402169529738 0.7040109192560191 0.6751316161247833 0.5112339157408977 0.4036227207488705 0.16438655184619022 0.44665318362302353 0.07518248468539657 0.42863510708140284 0.7755799396993502 0.5064948229506463 0.2545963922276815 0.5189526190497245 0.16511412560001348 0.5743837993788488 0.7380343789586021 0.15600415540169554 0.49535773311710374 0.2319535636525618 0.21543057952969247 0.39744169495391424 0.8206607126947129 0.02136074221079043 0.19781990121105497 0.9936999834369804 0.45426952004920607 0.16393878234256887 0.39210000407826084 0.6211580765166157 0.6886150423878243 0.8874043197282524 0.3851989018710881 0.9916208079768613 0.55542805943448 0.4406897373491445 0.7684214466886913 0.2407902224338061 0.6096215940950884 0.20095277236890186 0.7010548975858251 0.8298718631548806 0.7044584318352473
0.05469809470197884 0.8547977100935891 0.3238265840907436 0.8482449882053972 0.08259551994010361 0.13102614315535654 0.7253907315342291 0.5924856672688168 0.6276300215172832 0.4557083829234878 0.7665368118286522 0.9515472173619054 0.6865893719792684 0.3133213086993655 0.8517142693617208 0.7507546020577255 0.4287036727770519 0.7168029977720533 0.9996419651124652 0.14851412632759597 0.3652152614002194 0.5826065827982086 0.8833428938273694 0.3653645848388194 0.40257943481098535 0.4744400728211291 0.45264022409192717 0.91116877824024 0.7938393032112756 0.9992198432548465 0.6174621238286274 0.6026090817829037 0.1421809838381911 0.32737767720567956 0.07556996936893101 0.4081695589865516 0.7253054427081224 0.8323960656630235 0.9982956530406433 0.3334988545428227 0.126985682296469 0.1312878001967398 0.756437299339385 0.917310810575963 0.1602195792810237 0.09389196758873974 0.428954302986172 0.2590112431215066 0.29471042773080447 0.5751094541667705 0.6925633070700272 0.5926847179084923 0.43948148680577326 0.05675163629951696 0.7608814863641289 0.06617470604337172 0.10344377093250212 0.6613520092783873 0.8987454425773571 0.7967897715682212 0.07772196782574636 0.7218704654337355 0.11374174752394928 0.6786025028117908 0.6550618915405333 0.7517875455124009 0.255489427461972 0.9914603332106813 0.3044919747688154 0.8147149291605186 0.25453578479267636 0.4540874881238933 0.46137325466200685 0.664883350628823 0.22082270568802864 0.8900183503721639 0.49167724111855915 0.6117271996471315 0.6830756726292248 0.5739470292045724 0.8545444099137803 0.8967192210827344 0.5776948392517943 0.6816720137657235 0.7236941372414814 0.10631185042834368 0.6755379168195973 0.47687365346999655 0.0750018789325515 0.09326946895755495 0.28031478983753944 0.49893632823539535 0.39023131779676923 0.307267770591908 0.5792165977628273 0.6637427896758947 0.9278736811068283 0.9090690989221238 0.668805569245825 0.14773025981641663
0.614379465045024 0.44808903476378537 0.38514549321685554 0.6500530363533226 0.15832318037172233 0.43996522589087184 0.7731356134847808 0.18281142804455697 0.04506142288449133 0.24513511896434348 0.18938901605868186 0.468910565905446 0.4884443291411359 0.54585989250369 0.34683871739323324 0.6878581812001263 0.7202009314462897 0.008861206927234466 0.32163298797608064 0.9055470131074014 0.6069897558236031 0.33504616740165427 0.9141399040363342 0.6586597999534534 0.7464575076939912 0.4780507148337909 0.31724163107511405 0.34604560330388945 0.23492685882345676 0.6159622975490303 0.08501549987902501 0.7280503450963528 0.19585709359908976 0.19759331742387387 0.656425786924397 0.9668736006980477 0.41037930355971464 0.43083756992693234 0.34963900399894243 0.698375753222308 0.07807202177830264 0.43838309927125496 0.35405483244124425 0.6608849311302463 0.14241672010507223 0.30747730785256566 0.03300102197023724 0.09174566186169697 0.7085631079796726 0.6863643185671082 0.7115356230803016 0.024974722875461652 0.033559206793649654 0.027519109379509743 0.30878329815299377 0.08147762461488528 0.9968027168065107 0.4833844464193897 0.29002895940465345 0.909777743751939 0.46865515975456695 0.5115892105183829 0.16253418902293326 0.48316826478617414 0.9205120867404024 0.2533201546081648 0.6536141746299803 0.2658375084857376 0.17728771921041597 0.8020683798114409 0.9138819995559214 0.510969024385527 0.6739712670223635 0.6766303634772558 0.4743249873170128 0.757665413767847 0.875434838362074 0.9073445991887672 0.2611599924203202 0.943023455754923 0.12324205759015638 0.735015265293835 0.17886296355062703 0.28985271825169356 0.03784289476453706 0.187869727108411 0.43089112276687647 0.05558257562207192 0.38668233023511367 0.376046913676237 0.7226247973817683 0.8762453037651299 0.34167894487087314 0.012055950924868108 0.09545030641960361 0.7432080023313389 0.21606413421007897 0.3775134483908068 0.9516726147700973 0.31125695760346184
0.3423118748372824 0.9780164861096161 0.31665683439295356 0.9463250655821416 0.7420070641618163 0.04625640739145276 0.11362785220436122 0.3436849586040073 0.19939972667794303 0.15009008841757254 0.7650041075697266 0.26516969023297365 0.41569837781381724 0.6573246349522242 0.6313868973057497 0.6419217944652705 0.056497215863045125 0.20113319310283162 0.6778251661870618 0.7566454979577948 0.97622325156101 0.309100541191083 0.11779911547566313 0.18819550709179145 0.2998788566832412 0.25779164358842377 0.20836145458330368 0.4418182683054718 0.3912517802289932 0.9762496638641807 0.379959254157339 0.007379166247097446 0.021909290658448932 0.9593423708379454 0.42302938633640985 0.08093243005377537 0.5513498363268883 0.9491984381999024 0.17044964605860535 0.7947369516622272 0.8416242042936661 0.3018200001085475 0.8945330524014927 0.1278766987369767 0.098076838714794 0.9049304565538702 0.7873084647457447 0.5035434139704442 0.5420804780299951 0.01237766455248579 0.9746001657717871 0.4372027527996807 0.4610680634597303 0.45389439494936734 0.54795059907981 0.16219790347663077 0.16912237737198144 0.07924945374275816 0.8192687886136274 0.6100888738496283 0.6491476375368324 0.2609323014001087 0.0672494394159161 0.13787591154830559 0.09918500713336142 0.09694873829917694 0.9158594545169034 0.6071178944853243 0.1543268456775816 0.24210935933403877 0.08654789167247534 0.29219905921392153 0.21303118524139342 0.3885841168778593 0.7414823276917736 0.7780106503156745 0.2298128919779061 0.026246339360592175 0.3780879695838002 0.5577648240847696 0.14142288429654248 0.9551769668141644 0.7512477214905324 0.7135001570765379 0.016815156175278956 0.12678798756457943 0.3909728204641558 0.19865881579464384 0.3081405622666059 0.24980607191184068 0.24316698470852882 0.6052281175763691 0.8313206736439216 0.563784862738835 0.3505564223126365 0.012642298135669194 0.1706448454916757 0.6816576838343887 0.3646750048268197 0.5544648959529503
0.9613435280803129 0.1942013319701642 0.2540219032285249 0.3443247952130536 0.8498818769140271 0.31829506745626845 0.47785175195347773 0.11444965928584683 0.24757174290488748 0.9345813732513703 0.2723603188161543 0.6502464638995534 0.8685462815211461 0.7589577828705464 0.17927560199829207 0.4223516028222001 0.49418429868448777 0.6896394214510657 0.6395437491639279 0.7082557892893331 0.7826629364301294 0.17215453163261574 0.17770242382989487 0.2108671638718813 0.6925660246503875 0.41892885074628083 0.25635844731129576 0.7662078404407411 0.07829827422579161 0.0866507836067385 0.540140309434016 0.5601480893700742 0.8561522676100415 0.2919055870029832 0.6299116119695303 0.4402160044567255 0.8938354979482731 0.9205376251460556 0.36828822195320843 0.035294189459014524 0.038540247049093534 0.953568122347076 0.8844132652870674 0.3197863084369632 0.9140203695922998 0.9198462184171009 0.9965010799403855 0.46547690923687846 0.21986976398200253 0.25695435463973093 0.19776655826072298 0.7253736234990267 0.008544895143891007 0.6929642102749957 0.9497375760278111 0.4705478605210215 0.9804644921854881 0.5240528329197802 0.48916503927838806 0.6212357336372909 0.1416320631396366 0.16299097108540572 0.7564237676685021 0.39415367821992886 0.2196540106991136 0.665465624692558 0.03798486529325007 0.4526085640903944 0.17912026096068923 0.22320637395544884 0.34434601907610085 0.13008551619347264 0.519493541069499 0.09237424318614473 0.5713169199332612 0.2615374225262057 0.7196784231179298 0.1707660581581284 0.6363351512769602 0.651606527787485 0.6629548557595307 0.7716446266248059 0.9129191255943372 7.010235286042388e-05 0.9910470962179254 0.9846115765660913 0.8426643636755716 0.849375321196896 0.9643849152608256 0.6387859379187127 0.1705372993007621 0.4712834648046441 0.35250516035813806 0.06404186330712758 0.892664552026316 0.8952476965084558 0.9402363250022265 0.4156658265280785 0.03769702916509432 0.25588468428297373
0.4107427442205215 0.7820949235450635 0.6984391827274774 0.41807019960419767 0.2692970053752398 0.11462878549348376 0.027406438681677026 0.13989803123439648 0.8471249227921767 0.5250328437015891 0.3785537870941591 0.9402708828180497 0.09965894318300594 0.06821926938111522 0.8064072194558459 0.5945010053463379 0.07958259183157224 0.8275003164744452 0.9017163480729306 0.5628052710655499 0.06468596080188871 0.8783099508799519 0.39903161982734126 0.8759967787057417 0.22547282273509017 0.8633819390494105 0.5664424011219141 0.32479610500461686 0.45849329099265235 0.0423564470382356 0.8758539369377092 0.09812004967714683 0.5823652808583967 0.6207875444820098 0.0678700739015311 0.5715225448032698 0.9744060837361264 0.8276480508248056 0.20717607902159696 0.9675608847709125 0.9602767263556352 0.8107419949114492 0.8004263231700722 0.640461718123186 0.4499681528097954 0.4714104820479311 0.554381349336369 0.061308144517016494 0.9282222718558335 0.6490695495645092 0.4252997378408562 0.3571456839615502 0.9960212178642099 0.4832242063624246 0.22849329809476837 0.19307287480787005 0.8957583304821584 0.8705614191541301 0.2543549306936693 0.930149363403414 0.07109758538424527 0.7491730633268495 0.9927379685894903 0.2204509125145545 0.8593264679174181 0.11015577032973234 0.30076929039387934 0.6874660910936755 0.9598732419928009 0.5735593761014771 0.622365259840909 0.8528771892141128 0.113888628971335 0.40566012426013076 0.7202477202077505 0.21121147033394494 0.6691456868670227 0.19278796318828761 0.05500543392497714 0.4904994209494604 0.9094046970613627 0.9422937759183639 0.7056174254830563 0.5780625954152364 0.8393780189232481 0.716751967292333 0.5501269438908865 0.13889424762824287 0.5714653073637191 0.42942201321706175 0.6641076329592994 0.8273944264010331 0.9458759329456217 0.9611498877283238 0.5068169715521949 0.5574537920233777 0.0786144997446997 0.3589551309282656 0.6067191073354462 0.6853197942175732
0.36044071640664255 0.3898199599188682 0.3312920566092228 0.8614796525797054 0.055818266710127684 0.46694138579536026 0.32119030778624647 0.762377063678517 0.5146538878394402 0.3642673392356881 0.36062477851039665 0.8621461037233599 0.5862989378914994 0.3444766173606355 0.9760348977496736 0.07539250923715934 0.11282903184114512 0.400653472478528 0.20044759994985029 0.8342374607778784 0.6810379140058975 0.8827898760225822 0.31100392901087315 0.33406943616081375 0.39926463221112984 0.9727348369747767 0.8276355915028201 0.7068522131568031 0.0556020324213361 0.09834932997756485 0.9784770817873489 0.06614654262727437 0.4181366276474243 0.9798089466991795 0.28373637748473446 0.20157423676496644 0.03306048984123078 0.5417731344280402 0.14668484961977146 0.9972201153980076 0.8858198004410275 0.6790623299297393 0.9490559422815432 0.48040420369938985 0.7646786522262382 0.649958843070072 0.7276857200473311 0.05492430136866633 0.4540393739710843 0.13119789668623982 0.4869180943624105 0.23160947739837767 0.8824068830882705 0.6512389213113292 0.6061649526613252 0.40131613055613446 0.27954930193896643 0.9618177848139575 0.03370780106938098 0.8123828882335934 0.5576698573779224 0.08135995671022511 0.47693921733513556 0.7940543170011103 0.4447303763425071 0.5649263585780558 0.29841036458740844 0.42321341627888176 0.14121256113119307 0.8527103632715369 0.18538686048226827 0.8796142800063513 0.8291531231079461 0.2392917607501477 0.784101046370047 0.24021919562247107 0.05090802487577917 0.04963548453810729 0.13645958411326342 0.16692056233530383 0.6005544033674062 0.16478462052712695 0.953109287711093 0.9136371704263999 0.18857126042548222 0.9785800260332538 0.7163319917064876 0.9042661371948512 0.3330845231701508 0.02131330345597382 0.6160683840891039 0.6989279771096725 0.2859354446494625 0.4001002194274933 0.22192906224184128 0.9959038248592456 0.4576519917558195 0.7958262970598897 0.8260208109451073 0.39655124967106214
0.9074284375270327 0.3245854134965409 0.965107360974623 0.0617798273405924 0.044461063986185545 0.651300187851598 0.4791315477984034 0.9092307538449828 0.05664558412802245 0.6383365391600002 0.4574513744092019 0.1197357261875398 0.8129898290946096 0.17607991588430227 0.13640503352276678 0.5121264656922737 0.8627759749000913 0.2387206057555783 0.6537199398287977 0.8677330435065583 0.29021870392097826 0.7855133818353415 0.3664489440613157 0.9006405003599347 0.2867050255042858 0.7714614731422601 0.8259223679614821 0.6247503417873096 0.6513391024264564 0.4060822251527222 0.4878115586296119 0.738126565261528 0.015526942521826959 0.5767186739888814 0.2458989552818578 0.4074560368275544 0.8189455446234518 0.18599363523471613 0.238466414051417 0.0781328253525847 0.38675031368241275 0.9301967143803309 0.1642541401598404 0.385505643747067 0.5892750373609811 0.3327291092898178 0.3736389447459525 0.7927036715220833 0.09938293455532476 0.26256117716999283 0.9865189158712295 0.5670692851344961 0.34600529525152557 0.04918420455072792 0.089895713175977 0.23281776363199658 0.3063976214856835 0.5701641442488334 0.08143289629897188 0.01866883968103361 0.02272646462020922 0.6559987971678168 0.5206038748711201 0.24817675731436084 0.5701623237815483 0.47492681634394707 0.03153749381372384 0.36909539228273824 0.17092836824867141 0.4877126996968212 0.7523863772837207 0.45487641348234975 0.8068643273549616 0.844112865112285 0.36263969982922084 0.9069029207876105 0.5492318823624008 0.734417066460939 0.5222838549072448 0.7273963067474588 0.35206317376672747 0.4873332400175632 0.8199280902711494 0.9791225305296472 0.4382723427121261 0.6569184498777197 0.39208626653199663 0.6343008389265419 0.8550723158709839 0.6385070369505252 0.548611546402077 0.5226978533686708 0.4817036390947701 0.8762026354734406 0.10110395722076249 0.8169500145999646 0.9842367980552172 0.7936894185422896 0.7916980392361544 0.4639190249980565
0.4259087857328838 0.4197511666782815 0.9078031848733775 0.41366757693142864 0.6730978873626273 0.6038065094067736 0.8432158515926846 0.9729484759280504 0.9403667513518763 0.6622481949778634 0.10135271414565095 0.8060797283419086 0.7373828922011039 0.062320839429150454 0.9841258082240688 0.9570285144680534 0.6931682893997683 0.9943171625911962 0.755428960669041 0.7251621222713478 0.11580612274667923 0.7536308885647697 0.7751768686541067 0.5345732043973318 0.10232969332642328 0.012506748950713464 0.525351001907046 0.21152314609182687 0.5257527801360903 0.7800025521804292 0.6863941124528903 0.24388191127972447 0.16469882176957462 0.8700881384547009 0.20645121807754763 0.7656168225488635 0.20648244207209565 0.5473099202590241 0.027738690847666003 0.12142708237879851 0.15629129406649855 0.37048918317079227 0.021347405873198944 0.06861371213366763 0.08926820326288853 0.7991699385247014 0.255527728206969 0.48789628823555864 0.41501002784028607 0.988097200019308 0.42457386003278563 0.6645179372217285 0.5301760482435536 0.6273689408354122 0.9669326283944006 0.7136950257068088 0.7844250547416572 0.18175382132854168 0.9432990611173201 0.9965258118812438 0.14972224085094143 0.6871744222146665 0.3359550923197435 0.3936090914512379 0.72569293584158 0.18157448110185015 0.16942661872592857 0.5605812264122989 0.3346221398527235 0.25513648100682584 0.6699002156666323 0.0483826446612855 0.822240487734566 0.7401174406258664 0.08378556839899065 0.7699059324169689 0.5944790320793075 0.09171622153617165 0.9003307986850128 0.3904802121954083 0.07147168195466236 0.47187232509290544 0.15401812492922773 0.9945314318653994 0.9692665706979434 0.4207832295168342 0.2531944894175835 0.14900069282750206 0.8862017242272608 0.6177766968835751 0.07010996963036531 0.5869458186471734 0.6105079728116156 0.43907667890315105 0.9596169009207091 0.052857754677331004 0.7076047553287279 0.6704291377664682 0.9587205219831456 0.372620584431856
0.7313800859192432 0.5501060909132458 0.11105173767218834 0.7462092700184637 0.4961663768139739 0.02619899673618087 0.7715386107980559 0.09188635256552347 0.29962194473150716 0.3994511376574422 0.9642157720785328 0.28062880780025534 0.37768091976598206 0.16314817757688227 0.8276379558320364 0.025930401436673356 0.47919915443631145 0.33947916654967547 0.7165693675563877 0.42257148084175655 0.8216239685921549 0.5978588327521864 0.24589286544983702 0.761451446611461 0.706051872602859 0.3721223564912701 0.5998082074888841 0.5185796120070268 0.3944016582169674 0.8890674484404223 0.37046427251011715 0.0177181621550051 0.2624008445771684 0.047523903471275886 0.8862152910735558 0.4817058940674852 0.9180766552025875 0.2739675433118729 0.4182737694897286 0.17652899969591118 0.4466033491438032 0.5504140275087023 0.60029669031856 0.04564967141458476 0.6239348103877916 0.703079140745795 0.2914506635108679 0.12784137170075482 0.5718135698771702 0.49312739131781336 0.4429665736212931 0.8635619637664955 0.8261935138494169 0.25826294237539116 0.2897020937015098 0.9702198419298772 0.38500254127659583 0.14753502486730152 0.39914410450660476 0.2732887579300153 0.01313170985413492 0.4383253248962664 0.9397789946748025 0.07571783313863012 0.9532728603023262 0.3335029639254663 0.6985369661582734 0.8045889682278733 0.1585129624165943 0.5480447473312482 0.7170609340192337 0.9766058310446503 0.917943476082374 0.4838378052970238 0.431406111277418 0.9657321696990341 0.07182598167495602 0.49482609102741915 0.319141302224374 0.19035190093049525 0.45611184566660057 0.04145844842709445 0.32877832493048365 0.6878063119471396 0.6583372908568248 0.593248594512394 0.02226394202555637 0.0697056151724762 0.15720827033884044 0.7078190543427171 0.09585603363144157 0.15771448493321227 0.5998433600112278 0.4857379104497115 0.35639143315966826 0.19502502862106952 0.26686042819967903 0.5205887009910395 0.7291566983698158 0.6214407666210048
0.8748375583541665 0.22954039244197744 0.07168700657753235 0.21118648591809208 0.7328799189568264 0.6259731261123802 0.7950257931417353 0.7922224562008023 0.45576250252064 0.7291126797083644 0.2608173502829869 0.7917122037533524 0.023005329972118793 0.04282832854965124 0.9802972546108929 0.4481119914387268 0.9132306663654497 0.7720264946305349 0.7820508267464537 0.27954425471265343 0.9057124574161877 0.6026129391603576 0.28851012245858065 0.21858433506705643 0.8278460607259529 0.8052369300506782 0.22791747745467128 0.766987876749769 0.8074344711456953 0.04529793883664468 0.6827055776672744 0.3285503888252521 0.40414061469581686 0.38522499687984135 0.24176318727096935 0.5296859500655411 0.9569322352161242 0.44461198958739245 0.11103531596525729 0.6982736784364452 0.9352339152496822 0.18587171769999788 0.38580601243674195 0.5730947700463392 0.4931028855186971 0.9031863122001194 0.7220144172092279 0.3591603685132332 0.38795035199272065 0.9879274033290154 0.6761986836877438 0.12338355340860063 0.40311868928581185 0.9722609954801248 0.3537952557462932 0.056174456234554304 0.7269923517233979 0.18314497756109271 0.3405036386013073 0.8424239025491678 0.8181815509205128 0.5081042152071715 0.015945798465205607 0.1346769632125594 0.8608678920149249 0.6863959880304187 0.6383365904099245 0.8625612774960572 0.06117978559201065 0.7825554751204735 0.9039307782580362 0.15382050614229326 0.22403218781929313 0.9804734034698396 0.6392999947247173 0.8198604374157908 0.4909191054607437 0.7606610502551233 0.734042467664726 0.8035159385801474 0.23146331791690322 0.8211870753332661 0.5518757556607186 0.8058112879313161 0.8109570980265384 0.42695380207067957 0.48207068494055283 0.9866221182837152 0.10425434569883063 0.9725127589885874 0.5712887073331582 0.11074474806205414 0.597668012887319 0.8552893645146298 0.359808565997902 0.7322861491552621 0.8310479154486308 0.9582397026952244 0.33826078147772565 0.4153947848554018
0.609486283611574 0.9711530727502835 0.15856676850124518 0.16345030591428478 0.7286630388960839 0.2336718306975547 0.9079180547357318 0.018809921511039995 0.9227563278079387 0.0866561917013321 0.885752059816827 0.939002433918065 0.7756433018737734 0.276425228647295 0.4652585546758653 0.6263378329199878 0.5480165341421307 0.8869431752443458 0.038224505043972457 0.5836763299440703 0.1056455408764786 0.5955481769294451 0.8134588241380784 0.9087763684707578 0.6675705485391921 0.3027832388779529 0.8830546689409177 0.044246184181987225 0.7869774733493848 0.7786692392669773 0.5665290642594 0.4383860340140605 0.30337659567930764 0.23439925009304685 0.33338163547442035 0.2604609815815172 0.9110295003011817 0.343915790522034 0.8697464321441131 0.8345057793158128 0.8254545687800071 0.6241401759102025 0.6357486246849697 0.4338191455657707 0.5967715936232507 0.8976546358635966 0.42509694029805345 0.10384738813374139 0.007641186555639723 0.4070136503992148 0.19386253591330393 0.9373772956446869 0.5810467525444544 0.2696046705611532 0.5806083066685623 0.5954567129998809 0.5081221541045255 0.1567307065317053 0.44000928974816544 0.5328089054323769 0.7404028289665215 0.5988778605379705 0.06435413108885557 0.9679661978400299 0.20434365170733015 0.0845567193119553 0.37011904718537847 0.7997889160987444 0.6638851916526167 0.7482401379674272 0.20697122202349805 0.7920997803127697 0.900066056505201 0.7476949737632803 0.34589011459873775 0.6015896300666718 0.239813103757606 0.22415416395076226 0.9254836028645848 0.8992638479892051 0.26700979196826036 0.10521257714449395 0.9374201489650097 0.9348439062068683 0.8925556342813616 0.9299302920763974 0.4143193831983708 0.795914789007997 0.19332242684133916 0.6124655648372185 0.9771040761670723 0.4002466541828307 0.4203928995631302 0.1542311769120297 0.5399100089814698 0.04333053353192129 0.46056803791544176 0.7179299555070239 0.6102435460902548 0.013526506303568664
0.5957760928896306 0.09500682740759281 0.7421258315381489 0.4564676344253117 0.855408965987442 0.4792899312470681 0.1502615135645794 0.12253155481804323 0.5237765814171744 0.7956727033859915 0.00948789121462612 0.08578567091615352 0.03652560848344666 0.8499414520975744 0.11252432743024232 0.6065156071740725 0.6900451257316991 0.27759801240226345 0.6770454702445922 0.4128026874965285 0.7739599214280697 0.44933886159788083 0.6617965850817784 0.7615149958997255 0.3201247079572811 0.5343398716644663 0.5098915349332531 0.763692207654904 0.20805737749625952 0.05180671203090914 0.4888201868932067 0.7460023158499757 0.7763251619861293 0.9602195807253615 0.23106151069649383 0.22640827436935262 0.8315101428375974 0.47613101748140396 0.523320684248278 0.7488412085583509 0.9835083995249665 0.4617932201687087 0.3201460614878102 0.23231435249124388 0.9471549636408614 0.22779331997696206 0.8421927563660728 0.5888842455585483 0.646602892921836 0.5619556694633387 0.4424508659594424 0.41649509975809795 0.8081598269459132 0.5357474740186512 0.12326185388731015 0.16752563206551785 0.4525926485326528 0.6547545883709489 0.42999852405950956 0.8386423717228744 0.22434056395674062 0.23095254004731014 0.5354745645746297 0.9005547367859252 0.25309468442624106 0.1274498707506888 0.24385486326495942 0.7014465934427808 0.2732717225096446 0.7069887485661409 0.6701463290452201 0.6622417516534138 0.4615180538095236 0.40627491272846206 0.9839421074007935 0.80792678046181 0.08548486185409887 0.05162475453030302 0.8427673829240856 0.09876558078691577 0.4039819361769731 0.844229654693928 0.2965680609166683 0.8786117423973949 0.8895860444149417 0.44665189055366294 0.09188027386163644 0.2294813294292004 0.5544065865848558 0.17148912898969926 0.8720229017405116 0.9479775618117645 0.6059021140853501 0.002358937805637673 0.46365931190647747 0.33867078268470163 0.22239597115950283 0.10767778058816957 0.24144874114173842 0.38978120656067194
0.10408102437702105 0.0144362454582031 0.6423388591474346 0.4406884578453988 0.9415121042157032 0.6261520833403186 0.9372129288116875 0.5733076008171818 0.8175021816620061 0.322897543141219 0.33015368897724684 0.6934804501465525 0.8909928912048527 0.7940735901895724 0.19661455574527686 0.8631680728699571 0.36444972294442024 0.2560933935232953 0.6753520854590084 0.12195768157780817 0.6811026655657991 0.9513941675666088 0.6090482610467275 0.7085509699970829 0.577814998063854 0.2599534117215673 0.22253617570128525 0.23544097424460975 0.9671031556784485 0.10498145072329168 0.1536366370183896 0.14379885696082984 0.9161347771226236 0.23122029212732664 0.06774062774604384 0.017126714500778628 0.05229075537233141 0.7819822166779886 0.8190888563223367 0.26252007326115767 0.2732649763218684 0.14277482984478362 0.21321436410195682 0.3234947623577804 0.6938624549578403 0.5329301204122641 0.8613666494018676 0.9382978927414681 0.8074472710031424 0.07550503743751791 0.08283397277051918 0.8523052585704911 0.9001011194321286 0.16165541935926975 0.5881836719410984 0.8440087731389452 0.3368189965538826 0.522900008875908 0.6088708630329903 0.7020942622357009 0.03610708806292795 0.030908792530158102 0.05259639349460876 0.7324595582981822 0.08173381839499971 0.7607651262114786 0.40169932761962823 0.07547360914835799 0.6675925496367757 0.2259199175444626 0.9209831674017293 0.47576414854317717 0.2750708959225817 0.5638218365168525 0.26277152785504865 0.327929149160069 0.03692050233600863 0.33120306913749875 0.050533115799305195 0.020315087046543612 0.8119957804628716 0.6252188427249582 0.11824282551178589 0.8807722373813303 0.5358748608337855 0.07870020510274967 0.8298082745901892 0.09740771182052599 0.4897744165340383 0.5827835155934167 0.5246107464189781 0.9942102547622836 0.12128442621952817 0.3318944387805133 0.36435944300135514 0.4231054071929302 0.48545370084051687 0.3091503664412193 0.0030100105248996867 0.7490101801470281
0.32194737380862604 0.9209464320724283 0.902090278157529 0.5591567797821656 0.06302290535546473 0.22286169086477892 0.20867813948974778 0.6790630985797415 0.9119935676812759 0.7316503969154449 0.9617311879419894 0.4377857646340033 0.8557536738802735 0.008391339321206837 0.00036274500296795686 0.9910218159258039 0.6840807620711878 0.23537321668563527 0.2093691071658489 0.26264180539494786 0.20543987019492826 0.8567916719264073 0.8328410797672082 0.8867071053642149 0.3476831139729569 0.8564646336583651 0.9842268549869118 0.4930175013631708 0.23238502497879499 0.8587954556895648 0.8685522093191256 0.9770545178731698 0.05492747436668477 0.7532456281681768 0.4024809014198357 0.24783331504375905 0.440544543453364 0.7118115763468839 0.5703673084597104 0.29508422519827315 0.7368658290999877 0.34873305404643185 0.6403596510837783 0.5734382515050811 0.4775556120148724 0.8881946527791117 0.37308632171793765 0.73383628594969 0.5884681384674533 0.7093277317494397 0.8287800140904132 0.17532527018819877 0.0022127632075651382 0.15634239824725193 0.6439793764708972 0.9990293596145452 0.3886210055630773 0.2376733168579701 0.31047788147406863 0.702185588501649 0.3472242804504988 0.8178634833883605 0.0595250460456489 0.15189479137263295 0.7419213410611367 0.647366018301112 0.08953245301489587 0.8559757487659293 0.3111924348204551 0.07886176799390765 0.42442797071796134 0.8089930053272514 0.8530864943553618 0.6900184933183342 0.9308837230386247 0.49981486814297427 0.3193344932722243 0.07701953855344135 0.9834042915939456 0.1700323286777916 0.8689033892101173 0.29719242171154925 0.9885606706185629 0.03833139452816481 0.7512149653319138 0.5889098282194178 0.7549967023224771 0.14814966529736628 0.44814821894297263 0.26070934036497906 0.05446980022069714 0.8510590673478494 0.17461605732365038 0.5651792195768341 0.6103955139525524 0.8265154657856266 0.4768645922129595 0.32121097106709884 0.1419132335131288 0.1703899936104054
0.7801117229429251 0.20774856207704429 0.7207208729425261 0.21967890717728555 0.2743906419811569 0.9570717915020687 0.7893965240683257 0.6433190712372752 0.053266258689120716 0.19804340595382708 0.9455809758561649 0.7086251961192307 0.16077277579518734 0.386422376662635 0.3455402021543348 0.5711070179840574 0.8735099546207205 0.23982250607178635 0.6610624779132269 0.8148397758332594 0.15965283812832765 0.2977463916283375 0.8107501388905299 0.16729527260019117 0.31642351748982656 0.6017305991209582 0.38125035438214216 0.3016008493123692 0.6526603898248605 0.02719503744676699 0.3618442184719778 0.26907914891009166 0.17301779751506252 0.7483375222368082 0.6228947939984696 0.8430240732692117 0.267943134291574 0.6484457711251292 0.3734943968289043 0.9420262977332358 0.5681902451627525 0.898679843230998 0.573092629635418 0.5337753973168111 0.19345662931919838 0.07331953194558305 0.3117981848102577 0.0253676023515661 0.101832930292729 0.5798382335749352 0.45079078116098137 0.1966580131886605 0.6374862467434992 0.09248424490634866 0.298042848040737 0.6356608869978666 0.9179892561250139 0.36323033098424606 0.5025054757473182 0.47358917033569126 0.9187816044198525 0.2666452371044402 0.8005180842860545 0.20703977064735746 0.2791927067603517 0.33609624130114935 0.6779335470144829 0.6508384718011438 0.22435389372033177 0.3895724507849414 0.4109544644150036 0.5340682311020181 0.19405865985740267 0.5666098968734951 0.9268493903617889 0.9261143251340631 0.33971738774049853 0.5712069432049723 0.7039482876943693 0.12122761035102703 0.3306935684655393 0.8795304859906657 0.310795187381104 0.9747168245191017 0.4236974812817681 0.2528243641599537 0.46432626738356675 0.2646326408085501 0.3723520136080215 0.7045604790169613 0.8768438000233331 0.44675231018839645 0.6152141971833961 0.7656812548598868 0.6008513907917588 0.36951678507059416 0.31736122240310016 0.4207359407079163 0.31080451023593625 0.38349289871354175
0.9296464042160336 0.1741436115439463 0.0433208915390777 0.6031703081733425 0.761853388878479 0.07855275304690013 0.4973421029410977 0.2887714574107757 0.7454998250486535 0.05910853981847497 0.12308092183573505 0.5005865134690722 0.18369100826229534 0.41193636707458103 0.828329160263373 0.07462480587345421 0.1974127174132957 0.6233022226243565 0.3745066415388937 0.18278691756823306 0.14057945998255172 0.2465245713313441 0.26037599607724304 0.6220950191371957 0.027041904917771364 0.15195220139478993 0.528754654607619 0.564305424749456 0.18851010186123585 0.16355449409952105 0.031120346776884356 0.35807678632906215 0.23875244214426128 0.45853807860028073 0.7499263886877942 0.2516122026058798 0.7727938302227613 0.7780062128645767 0.044332781079974515 0.761130133870103 0.7826118336442266 0.9278367829069475 0.027052700988733136 0.10131800550724879 0.6080739985184112 0.6226181425135769 0.9948782307430293 0.6088935951333486 0.8388849101035815 0.7726745580078063 0.0242320995662626 0.3381667305572813 0.23996501504104173 0.9064935510192906 0.2720846960734151 0.5170300015914164 0.8138941201748202 0.71433133637409 0.4116523714120328 0.6048277864175273 0.07044243518413329 0.38302767772973156 0.7776899952862414 0.833399992715845 0.7104881234079746 0.6972515102456247 0.8663331307284188 0.20917361508458965 0.11569671374179269 0.4967081380612365 0.2016990458739405 0.7231339174152078 0.5454989128881943 0.8218028328462595 0.997549476720326 0.06201732745122379 0.8725287468220584 0.4110956364022019 0.7005958350861424 0.029503467874257283 0.8738258673775965 0.4917817673106084 0.72853824646332 0.30813108258177757 0.4272153898647514 0.8666537918818983 0.17010605540736756 0.039674706141725746 0.38887173628801164 0.04405753726427952 0.3514119256813618 0.842175094526398 0.6728883916995947 0.8613459642775582 0.4363197511950181 0.3119830936953937 0.3494806842121897 0.9920716583620857 0.8689183698067048 0.037412976694674804
0.9700038740998248 0.3742881840329272 0.4536296460436322 0.8927396505349873 0.7718334792524151 0.5947817313790351 0.4045808438872066 0.09278370012873882 0.23159751346042012 0.2833869727384578 0.20556440226198824 0.2697318830453902 0.16455154877356193 0.6067246889067363 0.8562962392640306 0.4453118289953746 0.8600988873965736 0.467005502567046 0.009737750346739293 0.08067775814215339 0.2907443039252374 0.6527630984009924 0.41874652027163184 0.38740571842432414 0.6775489326597823 0.12958537401198478 0.7266145820914754 0.9395185692619835 0.043615434739676995 0.5070673830486234 0.11163383765727741 0.26716802410802576 0.5787004444232833 0.18186936132438603 0.5284860087184048 0.9243469805512851 0.5435772862706322 0.4798808991580521 0.1729429556392441 0.7567588058317417 0.07756325890686289 0.18591404015115265 0.36301937641934157 0.006100803559892287 0.8526889029912426 0.5457050088739827 0.743967457520176 0.7177518403935668 0.6165873679897667 0.9749094665383707 0.7585078761119882 0.09751053389550124 0.1734629530230417 0.625418112807961 0.13474214022976505 0.09624041396511807 0.5049494686145561 0.5610425923741936 0.4730212201214774 0.5295257923178817 0.2573357340729281 0.7111577566452807 0.12622226310567297 0.6438816206563619 0.11177252804375437 0.85453645055493 0.9985707197154262 0.8269073468958125 0.7339604939704105 0.8432910812514756 0.7536656882619006 0.8652168159182937 0.5509069362608193 0.8588944075977791 0.016263599452902122 0.20527264868616002 0.13406866612950463 0.6860283207159507 0.2936708926962721 0.6547052823473573 0.10938615977579691 0.4473811233243459 0.07269761270017039 0.023138640298561053 0.8588192741385043 0.33357532223397346 0.4685903186217255 0.6601671912602837 0.5550728109413025 0.8067017363729334 0.23435849485583338 0.5268639275285613 0.7683711721517612 0.5305139035992634 0.30923428489225935 0.41041126077254464 0.32283318921158066 0.8799966286915833 0.011912553419181737 0.009132575282861155
0.22958710273305616 0.5195787707707269 0.9078463555659164 0.007714245710982781 0.8526733486729264 0.9920478923820713 0.09854124164173506 0.6822528812818529 0.47127101520731296 0.5332723427037279 0.8984189652427719 0.25220920368868116 0.309596121729212 0.7510444193749113 0.5569678922374808 0.30675271246647884 0.030449413007350823 0.31537306400882537 0.32551542476633644 0.9131183469582895 0.8357077081493521 0.9838652866542213 0.15707618535928958 0.6720280329076664 0.9911650493327205 0.5601347689943762 0.9431329607324621 0.0036225100004652067 0.2039911064468526 0.09592336104417121 0.686612886317586 0.5403715632010375 0.5654097768857321 0.31705678394328485 0.6686947904628763 0.600351512783827 0.08198985854134255 0.11331369826795912 0.13435644428524685 0.009337360010892692 0.680941482281391 0.6680497584210326 0.6440877810722399 0.424094775587851 0.5644417247396991 0.9515747310752878 0.004359428594657877 0.3256246978866346 0.4354127152847491 0.3825587048522481 0.34541137800590305 0.56389294118759 0.7759240424958225 0.5458517583974812 0.3730301129513057 0.7643555221251753 0.6217484549051449 0.1495506016395841 0.5481173023611356 0.11404596686521318 0.3327706810026224 0.19384877854522264 0.586198510025159 0.3665256977185959 0.5887290114070985 0.6343436436999951 0.516213298993766 0.4660974883299869 0.5540370493717219 0.2928099830083676 0.5110935732021004 0.7250762850209118 0.9008620561203173 0.5780036536111958 0.8713935736755698 0.7831474660198534 0.48920273056563046 0.7675536265802944 0.14313338814311227 0.24341600109997696 0.05599933952453218 0.5052449094588763 0.37634275908392223 0.8243258445520584 0.4401226851290815 0.35125341076975236 0.5795600663414181 0.7943781837797165 0.8134538723038597 0.6431691274964114 0.9222279708027363 0.4009693470040807 0.7774828033467855 0.25937806303618904 0.21236213197485 0.6337882955327477 0.8395433703208216 0.8866320492767347 0.702381571209852 0.9839135997747105
0.8708669721864404 0.560003185316159 0.01595226580752096 0.5484811302429354 0.9503772964306203 0.9824947097289666 0.7670072871957259 0.015510710523354843 0.5118060303521552 0.13797387365698022 0.4004091908511379 0.4016009624566189 0.4519996855185895 0.6246076105166031 0.7318204232188517 0.3887600960031109 0.34113540854070423 0.6866165370174612 0.7577363642106787 0.49259392267658686 0.10367580340364735 0.5047183382214563 0.9732030155364976 0.22985130043334168 0.6334744967918151 0.953868486266511 0.21027783216753904 0.9637574400385092 0.972328916019395 0.4292376948949248 0.00010249641557058542 0.6468062733735225 0.3042443766689812 0.22669470442734263 0.6813384053053946 0.1828990670933377 0.7471526307238562 0.3259174571048845 0.22309937471666597 0.5765122909061536 0.7516064597489827 0.9450959264928176 0.3512154872432469 0.3603086105762633 0.9515099122385133 0.019513614279037417 0.22276228377355356 0.4941916499063391 0.25857678352674895 0.17102407983693113 0.8768130129970573 0.3265986039151746 0.717387678810014 0.7656837629899124 0.7858701505401129 0.8427963075304716 0.4292565994959874 0.27787547287686876 0.9425072767193162 0.791427655976907 0.37076606883576946 0.3723499348792294 0.49775857139535795 0.6130001896079431 0.009038875177484917 0.6309473973388419 0.9433259848095421 0.6219211010624013 0.3622474990970558 0.7688915548170812 0.14239168694532112 0.5986360362577998 0.7889757975008398 0.033687020352524355 0.8323554781267266 0.7646482966364301 0.7768204124240158 0.9818504531661697 0.28703768315733613 0.26248016709891997 0.3802945154240056 0.6089123133074025 0.7719765825175144 0.2575513265638536 0.19518546503333212 0.2691879960271544 0.06437986659730865 0.35194323400678906 0.9443667456453906 0.5699551898513641 0.16171398020015837 0.599788036686163 0.06801941430641645 0.2590255970509453 0.9758351611758704 0.09871564852647974 0.6309515166606671 0.17873990922374894 0.3588437163865764 0.26835175150268886
0.35944405348462005 0.46554488751152723 0.7909630014526134 0.045458837246968864 0.35518538743663286 0.40638743104976227 0.9334451317783156 0.5017399071567004 0.6746828796985487 0.8013756449627323 0.18481586325456667 0.2189410610625876 0.16489342339873336 0.43654850546168267 0.2903617409117576 0.7333850098382774 0.4752528587359576 0.07966699629591845 0.27124212818034743 0.06302171390027567 0.05266145305750147 0.1807890433395909 0.9351403053685249 0.29578224184265123 0.35361143645661763 0.045027122903839145 0.6767884178916898 0.15696908737898596 0.7399230704552635 0.9513462142502197 0.9770228818766907 0.9812404079373933 0.5058382084805438 0.012038009479275913 0.8539223057693783 0.9398448442759307 0.8944884214675417 0.941844100108969 0.361574430702743 0.9705181179329669 0.4704105310769323 0.09366692951135946 0.8347587134113454 0.28472782963174437 0.26262244720218186 0.989335702505676 0.18295552578319574 0.47717216936283136 0.910626991422471 0.7833786059648764 0.025526356450684906 0.9865609630638814 0.6134817265742423 0.4347315747498288 0.24902645980355376 0.7665562579534039 0.9152362124728524 0.19406585281230293 0.40619535852843947 0.5349131514965934 0.04254421866864466 0.6845761486009878 0.8738269674269703 0.06615986365820392 0.5439985900071951 0.9607577510840698 0.8390463182248972 0.46471543599375953 0.7519718417858029 0.30351982170028835 0.09965134676575493 0.9017284920152056 0.3700930709205741 0.23003431120373197 0.9484483411064428 0.8480491873953868 0.5600761004944674 0.10329895118073018 0.37449578046647347 0.49233974731689434 0.8886623389758684 0.3916739703426242 0.5702684235241501 0.9292199730932185 0.8204869632699687 0.8479383458290654 0.7202231172512998 0.5462408366996921 0.1961198185598504 0.03566880898903102 0.6156978269051452 0.7456433721318072 0.3859660784091463 0.9753161158256872 0.9821555802229346 0.42035745533568625 0.5290790591907039 0.2808330690455797 0.19383345965496723 0.3018632962049538
0.592767945197935 0.4321982313180037 0.7945336102334561 0.12655094902059838 0.2734252297723273 0.5852095066066798 0.13840118811482094 0.6406810324386775 0.6026770570989075 0.46034537340303816 0.231497748070973 0.9225841201489371 0.6898303444213805 0.6936403568266557 0.2687758661511962 0.030983556990239802 0.2584553968795722 0.28364456107239644 0.6549682319696214 0.38914635833060096 0.4325658204700331 0.3228651498691705 0.368059450361398 0.7455792953230665 0.858803100292488 0.06524159657881745 0.7739632858078604 0.35675944133158843 0.4259116762734825 0.05874367736232644 0.24103230964734068 0.2205568453722183 0.33359261508661586 0.8626167976680553 0.307969931669137 0.3177308128226304 0.5133869327871027 0.16194742681959795 0.6825480531215401 0.727065104107036 0.4595056835752198 0.9342925545101866 0.46583180956728176 0.2789150304251783 0.3368628441616929 0.14624287645328993 0.7684090278822636 0.32709858382066404 0.830900847282238 0.6224964547945776 0.11166754024687775 0.37671198602919165 0.4719217405232763 0.6071413424308788 0.37675035055926764 0.17418794132888582 0.07428006732962322 0.3465638391889273 0.7319385197686586 0.5318860441121009 0.6780153922043841 0.5711739406846439 0.4157194758248125 0.48346250553077375 0.12459071422685875 0.4353921086106116 0.11925954929661942 0.2491322912567433 0.7262841386584835 0.4892815110863574 0.573814497700869 0.8535462596000294 0.3142587466229382 0.22944085582554252 0.4611492051110052 0.4809121691463957 0.8604742275699532 0.06687581624028294 0.9334515544290583 0.3944367519571854 0.43634473253923245 0.061068588149613134 0.33885641789898346 0.03455154861244969 0.34039237283385193 0.07201325004858228 0.333294574688191 0.48743220770021034 0.7239018137420864 0.17612253797776412 0.360816430080804 0.8652134535478614 0.910686837565637 0.5448080067392418 0.6047953872491779 0.42106180930719805 0.4078621108405439 0.8659737252932198 0.1426565359801586 0.5486753448734193
0.4265450376310864 0.12332871469147555 0.06104525186418952 0.09397667587589908 0.7732540379572922 0.7116496537287281 0.38047622916916757 0.12807753951973055 0.20581093923406912 0.01794432208787533 0.08702161002719377 0.3325185713212382 0.8608474604357543 0.5564646700665112 0.7476628010070606 0.8418422672185398 0.22407315939225614 0.9103426040103425 0.012499813378463509 0.6819146168191358 0.6409781984074256 0.5432531795884828 0.0752334710135858 0.02673249515491316 0.4881707630271279 0.5640311038071799 0.08331200142874662 0.9007075392929076 0.6576390040307263 0.5563270384423533 0.7556837116248959 0.29441066305406827 0.06768639922558761 0.8137168913319965 0.374159558333373 0.09976486292093045 0.22356011781928053 0.9807422401913186 0.0983069861129614 0.03728495831127543 0.4122479382834833 0.38681557335864714 0.17930585569056012 0.265688910826018 0.3444378042970466 0.5737147598513765 0.9812110333907053 0.3118698462144802 0.41942163234911756 0.15639342848273208 0.02165541049406594 0.5330839661587918 0.10391308883786887 0.9494998653995591 0.81872837435779 0.8769672587795069 0.15510443872064628 0.8836970049009224 0.21848056827739293 0.3919610987108275 0.0642425360071982 0.07330069682202633 0.8752773153688248 0.8920771332349043 0.10583747008739042 0.48957150707397445 0.09189976006996337 0.6484306628952876 0.2685538773706063 0.6752035503729036 0.8163572796314614 0.47386541966337836 0.6787871348467974 0.1024653010483968 0.7514498082272052 0.4273869439852873 0.023450394117632167 0.9193810718302794 0.7408530230228035 0.09267063948612464 0.16877021882385757 0.2323223745971149 0.7529211522471186 0.5464868611988081 0.4928213088612755 0.3255811882046429 0.5409495036668506 0.4074871414157063 0.5649524990262725 0.2670930207787192 0.04306095089430595 0.2404569293933827 0.3122674762490403 0.7853291761088851 0.2402311717226605 0.9832732151292545 0.43817634501655045 0.24753284718125468 0.12207894207286807 0.44159520128904617
0.5705041154736307 0.2306401545618384 0.5185802077020062 0.9733525436398031 0.24923402588471055 0.6832777765260127 0.37403547593369324 0.878098819047489 0.5211040943490994 0.898946558541853 0.9627994542465693 0.6497713642460392 0.4076809916778136 0.03188581475181562 0.9591070979598519 0.2735354137781164 0.6797580950792768 0.8300397216842857 0.9665939402004197 0.848887299563362 0.4684286746385753 0.833959540543431 0.5351274315959479 0.9999181136179226 0.7933315305727281 0.32915939937315464 0.9764202083134809 0.48694117536327153 0.035842844153410214 0.3393687912189094 0.8302445520730642 0.7647508726493205 0.04993654443372786 0.7611214741747211 0.3809100186067841 0.8099141554258481 0.37362219744384617 0.08083587293581307 0.7982601227101698 0.3816118622377126 0.4168723731865387 0.15402930247620983 0.1510931333726634 0.08758848751417181 0.8105928655962836 0.31492163961905895 0.024585998865477743 0.7591199395100974 0.965680814715236 0.6264163537694805 0.8308564797574985 0.9246150924846356 0.7261599908811748 0.7131219950425376 0.5792262496915269 0.17405281077376755 0.3572986449243877 0.3750607478345319 0.06737477372109846 0.9670306990412116 0.8535938680576733 0.5962345682721278 0.9970754191391182 0.9246574414000237 0.4092205606715966 0.8804604117175017 0.6050499623052898 0.1880925187309962 0.12986667119914752 0.426512924652818 0.5523872277066733 0.7536952864718144 0.2929538448698549 0.1971004366567174 0.13029044061862727 0.6625403556007541 0.6169089923341303 0.16861622603667104 0.9510512704490047 0.7946301124496745 0.9737439622563465 0.15438963223292734 0.17224163027389494 0.5157777834185704 0.7737398636151761 0.1508964377136448 0.24734939570224634 0.16642529031362574 0.4660824953135717 0.05936059692626505 0.6316088136595892 0.9090030988572567 0.6117900348631976 0.5426479272101903 0.17391641877650266 0.21877212038342253 0.38410169918707693 0.9164454908103784 0.851840469220932 0.2890398786205183
0.8928939275761629 0.9148202986595502 0.042678701359382565 0.4180571492829207 0.6117037425892767 0.6974739526951115 0.05478056798681785 0.4828451079414381 0.9637736294538976 0.708131243367978 0.6701208729107543 0.5609360584492479 0.47641721237210266 0.2978047705722011 0.8138275490984148 0.5589044509878572 0.5089799419239457 0.9881502939217732 0.9309049017761234 0.1434019300443249 0.34528686785898655 0.0536690111710908 0.5503339042382227 0.45277346284984055 0.6514540641018564 0.7226711845874718 0.9975281834179022 0.23578133478988084 0.09827179998433311 0.27380941160361716 0.8460450352936049 0.8228024521512926 0.5006835813874358 0.9613910950719402 0.5517231591975442 0.44757060155939776 0.9858556728457472 0.21245306789116802 0.9863755047172917 0.4614048216273289 0.04919063694956605 0.6927979362117248 0.4511273708481326 0.6179901735797765 0.9590378886613496 0.6176318306534564 0.7704771657532354 0.1640538137237847 0.28800046794161827 0.059086789137335116 0.27711446580727117 0.7557383948013299 0.18255203545644838 0.7755851544462732 0.08831561555905676 0.07484196401082466 0.9608816412012975 0.62717994008613 0.9963447498954932 0.8613367339662763 0.40140525324880605 0.15541060374760796 0.14673024058434625 0.8584492203110435 0.4249049893704959 0.6939070714132365 0.8268299275759708 0.6908638694442136 0.07554425427534606 0.1680074127533696 0.684334043286829 0.3921516636776149 0.7164951791639511 0.23229438241730205 0.9696674177620033 0.9115128721707434 0.2833034540689602 0.9010832672008401 0.19876416644968142 0.6816371007595515 0.7850194053846897 0.2152492058285418 0.9291978336524738 0.00829609110787688 0.9070281471960647 0.7653338672320315 0.12269107820170111 0.5917090752284793 0.7453291227838573 0.6055996547963166 0.16627975243593607 0.7740914574376184 0.16392329988522236 0.18542371026602367 0.3460199870786481 0.9226246444994128 0.3922586230824979 0.07116752015353611 0.9766703867790252 0.7392234606985821
0.5288404115165304 0.16531253357072262 0.4464079607884561 0.1953993476035053 0.4691557463786771 0.5244507143884872 0.35082301791107773 0.5943466579758554 0.000585343159068219 0.7442192479474043 0.39443442921758454 0.16228787054595406 0.4803375029689686 0.8580990263830963 0.5136695275137975 0.9445296507814718 0.22392721667591065 0.12395558081964031 0.8539406029273731 0.02152297173354112 0.3417993077198035 0.2892814924706397 0.3008423099247459 0.03939092417636114 0.6703215671263371 0.8920852420159583 0.5669640248193291 0.6813343446768839 0.08062490157712343 0.6765534239524148 0.8028540643379252 0.6113594465626181 0.7096445878442992 0.006054076223877325 0.11236778033921813 0.6536033947235642 0.700391685450244 0.9984345946902106 0.5714694632375625 0.24497528375933486 0.757447743102041 0.4121083007315408 0.12460063285255452 0.3812532385881938 0.12015999707114478 0.8383802543088135 0.47093429104897555 0.04754559966887739 0.6775621179338065 0.3436408712800575 0.580856630649552 0.011517522323890472 0.06541703067016835 0.5806122970762513 0.895233863981347 0.2557122152030623 0.37737106314376734 0.16212872952027213 0.856116180520804 0.8508882194725204 0.21042824956284656 0.2114150392150197 0.8912011551631799 0.2708875839893874 0.34509348324433287 0.34463853513573395 0.4347845577778465 0.47472746627144635 0.15154340068165817 0.06667913394899017 0.8722765548231367 0.34669332608925063 0.17606645977595814 0.8056870272611684 0.659261023396441 0.25895376892389144 0.6607538498572793 0.7399697683244592 0.2549888620756191 0.42674368430191634 0.509915114084573 0.9834462666931802 0.7187441189853384 0.00891221396007491 0.7056429909144175 0.1854160577405637 0.127567996310613 0.16362813988061609 0.02845802346652404 0.8784630564976951 0.7230612647327903 0.33393381762751984 0.9896852630629883 0.7351603015950569 0.7514987405736699 0.3841318214520074 0.5508842296370109 0.6982180101528246 0.4713095080786722 0.5650911839919668
0.5650885913512405 0.4244790504340896 0.5084655186467487 0.3321896170456744 0.5983729579586236 0.749565926028059 0.8386612009836074 0.8007070471947215 0.6465839627970279 0.3123408118252933 0.6858329420342562 0.5783200166327324 0.38004429448432686 0.5096806272826415 0.6539198112835343 0.5667871052914806 0.16747562787900183 0.43684349701052727 0.9817987482684364 0.47088556309014973 0.7367485581603357 0.7457913932431729 0.6947053351218617 0.48785959617070207 0.8092780819692883 0.3156161009122922 0.871840313284341 0.0009499719791623562 0.5533708207299479 0.22751508460156067 0.0485115432854375 0.3329885357217862 0.14128782120318562 0.6939313441361904 0.4297841575169816 0.3538009067880393 0.9116855428806928 0.3835820507953759 0.7020432156353548 0.2897220132033791 0.4601971210620013 0.9874782211569254 0.3848749310824341 0.9682660733696772 0.9357281907274689 0.8369375293484123 0.23004783382985916 0.509687158762667 0.7731570069464856 0.5690836483679546 0.6094553732591409 0.5696911940112056 0.309017559319394 0.8029025634416105 0.7753631663609545 0.6941685246315901 0.7247711070589887 0.037982644656146314 0.0798742039277559 0.23927190025784006 0.7455754142644566 0.7802835982301447 0.07082474921833881 0.2106098048892946 0.24794619237825577 0.45935580825516775 0.4235115357492357 0.8104038645592708 0.3549121622580672 0.23225484713537492 0.5830035234989138 0.5003241676585208 0.9526696059982133 0.32105145074929087 0.8265923041901116 0.6658062468801444 0.536019313197604 0.00014853949826421076 0.7728696871905186 0.013131359263856335 0.9132602201423551 0.7744177069203049 0.8559408761729841 0.8948414717058721 0.15067179959923982 0.2711005941307749 0.7097877506434697 0.7632035925376764 0.5417076905082492 0.45993710329027326 0.8923248860905174 0.9293200921033078 0.7215039859734882 0.45477884323415696 0.9748586658607763 0.2526932870533556 0.7958873852004664 0.4995174191108669 0.8676268095057672 0.5108053038015078
0.6150695417580513 0.9551353232843851 0.25517918778171844 0.6565084793885813 0.3687702169575773 0.12100816375095835 0.13371954223106086 0.6215517914439798 0.4181418306644853 0.07215337471357763 0.24617292904290744 0.821270565359724 0.6265462175238503 0.45439136173452943 0.12605708998137632 0.47097704074913216 0.5054140442829269 0.9809584655995187 0.18936294881204108 0.21832441324497354 0.4983189405973849 0.10908232291012443 0.5836155643988066 0.7390983841081956 0.27168615095015247 0.6301337333808549 0.10619262750640568 0.8615767275508471 0.729478682690216 0.6991492339094599 0.8769213753105539 0.06081795121436717 0.07207151742170825 0.8098976785670011 0.8864111534210669 0.2345067351367145 0.49587743606241164 0.6646209160843545 0.7481496165844858 0.7808880072841056 0.3323007489588691 0.08356665460932089 0.12111725319402611 0.4865067171254983 0.5360286150313528 0.6300639815640102 0.7503919066603618 0.8021387337872863 0.45204072005059204 0.9432051601399879 0.04141843372515974 0.9398324173786262 0.6055680428517601 0.6793943115948875 0.21637779580176653 0.840964837191899 0.5579003362215244 0.7762763970048422 0.7005187929160096 0.7424328939277697 0.1622626402584274 0.5303628481210296 0.3189906247516049 0.4338211038467329 0.06284659385494096 0.24029944757289623 0.17477193818683945 0.15712379494497153 0.37360691888241326 0.34253732449398033 0.48683057900402116 0.2890874429890318 0.6554027381622153 0.8629128273965541 0.5025833976661112 0.19898810084859175 0.0434601691372658 0.21245998706727487 0.036552409442561995 0.16422132376681498 0.8317084057880417 0.5150654668492065 0.13911009464562651 0.8785596104638935 0.7954741081750286 0.9939428906748822 0.37596490121313186 0.22173671306445053 0.3714252399409401 0.32917141505992487 0.32863198548932626 0.3667167442449022 0.19656414481227613 0.5722407872497353 0.05735730521820992 0.43142882101347646 0.14954437734917725 0.050232756090679564 0.7196923122855281 0.14522475423777048
0.1400698395490173 0.49999289052712503 0.6750430916223703 0.4812472211058203 0.6247319465614989 0.05901265884415019 0.5084334444045048 0.7691103986609121 0.530626298975985 0.3879671959299563 0.5027141962482863 0.18361373264517344 0.914185542268936 0.6106971532857204 0.009211717838642941 0.041685920868579696 0.799264233703142 0.5451878299653622 0.5148230766349197 0.6627872027872546 0.9256010563444471 0.44184157308934846 0.10014457566701962 0.3765069089508052 0.003186681262740132 0.40844372556993425 0.45465919431320156 0.1406849612373814 0.5569190477095773 0.8735576059056644 0.609915223777042 0.8789240796880471 0.9365754923131568 0.860455479496563 0.970097057118192 0.7825409765196925 0.095615730725084 0.227213894519109 0.6087223614494411 0.7862407915240874 0.1663785262506582 0.424670026916225 0.7826583849505876 0.9089259738544672 0.29292796371811747 0.04537133359313639 0.3845222064669517 0.6521141490786408 0.9540127239618709 0.9555332176165657 0.8218428538859852 0.3249505440106023 0.04374195482748999 0.1613861384037525 0.26801750414550374 0.2782057587243587 0.4527716784386693 0.9515114031643749 0.4384608120833915 0.6603983392925179 0.9298902264190065 0.10861101966731967 0.14420780452759752 0.4541522377021777 0.8400045272760981 0.8109768849167898 0.062160086622299326 0.1775151166302097 0.380241424307752 0.5888015709176978 0.9330886845966194 0.15141081705543968 0.6164185220336946 0.1926751924103598 0.903760768929517 0.09612136827237916 0.6517708480975687 0.4661924745961288 0.8440349110510661 0.16615212764843723 0.5506806692663156 0.033193163008580995 0.7651974926295573 0.9839189971408454 0.08216907339223545 0.2798948393493661 0.6585479117015033 0.4275126188072219 0.7727928831323093 0.5575767621608948 0.050380053341741116 0.634471226332981 0.1771636860360133 0.1597387026426743 0.583757862493182 0.7172601499536935 0.5369209353880338 0.2881402543579964 0.7972284604143081 0.6230364647316239
0.5497343113544066 0.4744041571309906 0.5679260134848894 0.4894376486922981 0.477247891480196 0.941722977215582 0.25041133404075244 0.11031194724458815 0.5719635451423456 0.4900044313383334 0.9502415208942413 0.598250527721272 0.09612081809594186 0.8034047496528745 0.772280827173298 0.9897713191747726 0.3382069456735245 0.47718286352010275 0.04822044798435465 0.5591686212134807 0.9667220944102441 0.7008687930527104 0.5138035540601906 0.7712285420916496 0.006089547675763418 0.47411807766897396 0.544636361366571 0.9238674545488844 0.42739236335564357 0.47962265788075 0.7935365025794706 0.3521833365387673 0.5720231757550843 0.17914941928384698 0.6597862492274742 0.31231184687812086 0.44286428377717235 0.2062174106983411 0.7988590375513968 0.7752755012320104 0.23605595550914082 0.30633388643808157 0.03701079989360856 0.36525909050378935 0.48154717756555443 0.7683370966625138 0.23263772257001658 0.5316865427363227 0.633149198564832 0.28440885075997024 0.9623882424685959 0.8838570950134862 0.6561253447767214 0.9938201026907372 0.13251251745250614 0.24292772318497957 0.43214661736173055 0.5820754993091349 0.6601267896862113 0.4742725868458625 0.3130641533782458 0.03514284605332618 0.35693238697100893 0.02667021440640205 0.39317293951981747 0.10728511850065225 0.25001899044870624 0.9238833957196165 0.845048117508506 0.030117443646397346 0.7088612578465391 0.14932206477090249 0.41372869852475025 0.8722456001953066 0.06866698543583827 0.3803825839072267 0.9072133879065557 0.9401791461285258 0.8257178118617465 0.07564577760243518 0.8336133358336175 0.2463394364154734 0.17000244349184357 0.5904198893525081 0.25730630971786583 0.9838627526759184 0.9946917716104652 0.6396601283584933 0.06912359360686782 0.7037026523143831 0.14111406874969712 0.8781657323085861 0.21738773914104492 0.45726959075659157 0.19154100754066505 0.8449364719089946 0.5433834777484697 0.2608273079936254 0.6460005583807293 0.052245555649958364
0.28154250140277204 0.783817309914253 0.9780870129997766 0.9400146717351556 0.16117544231085867 0.23145522338364755 0.6913609581895673 0.35977950239461487 0.2735438236099146 0.004561875139147409 0.5692236279411035 0.6584737325932802 0.24606181084376977 0.7938804691368915 0.854257372571503 0.5138518821616331 0.09715856763255748 0.49416120281886355 0.9877146862657695 0.9030187390625088 0.1824295613031357 0.3284982047285665 0.19785242294321936 0.44921035178174384 0.9572881139515738 0.6403423728960009 0.7000105242595678 0.9421663681138595 0.31380414533060075 0.988366685733109 0.13746232010595194 0.4890282996847922 0.961343603833081 0.21878527979814766 0.33946895919005393 0.3665162465499766 0.5158935962527358 0.5498196341361213 0.47909199217175913 0.6424279167135558 0.5033406341732788 0.817504629921345 0.11806123584377703 0.4872798174034052 0.5975140124251661 0.6674011138476749 0.9329652832496642 0.6579326334654472 0.09758224957634476 0.6781108071070377 0.3137478137059425 0.3378157211622108 0.9937158410038908 0.4324926210232767 0.8419839137662374 0.21248930691471324 0.20090413822995568 0.31622607628207877 0.12640691970917384 0.28952032609215606 0.31364257311981847 0.6902663647100593 0.6202809753955091 0.6906169452832019 0.9591106451364517 0.31869955593292765 0.53731865062777 0.3683772945454944 0.5289809757873348 0.4735836918020008 0.26032212426627854 0.7967789855098951 0.16392837983795883 0.040237149604956834 0.2802480017702492 0.8021821101380827 0.6439246138030592 0.6760388717860515 0.46395175822645873 0.30633854398020144 0.830384918785933 0.8325408129926881 0.7551678135259925 0.1512616614700235 0.6034607328796852 0.4503886423553288 0.9293976786763193 0.756879900269842 0.015854598482657356 0.05073567942973223 0.34878164324603633 0.7570301470716103 0.4181549394269043 0.8175193766853445 0.1109719291237562 0.7209574465114933 0.48238948293998785 0.1946920383652141 0.14056717179888778 0.9815350934794808
0.9640466162736289 0.3292908896791319 0.4747930993629442 0.31297410723736907 0.04674227829056821 0.4574190666479713 0.6450195056136406 0.3202126793969454 0.6457309467965369 0.8006483811812651 0.8570764623254813 0.9244656972499723 0.4749877394301275 0.2970071518909818 0.5747588817144067 0.3242236798910628 0.7562431631108525 0.8669232201050421 0.7407627409884977 0.9452500894596129 0.5799157013511875 0.9744069261154431 0.1009767309907087 0.12652593132228618 0.20320429333555434 0.7030690975999777 0.648313811399891 0.44087208598482286 0.35489274715702546 0.08799530743120121 0.8701584448361223 0.8555115638097696 0.1166180717405132 0.2550019364838678 0.36816407310023835 0.1084950154187947 0.8981294651015013 0.9503854303894171 0.43596840807614456 0.7121687056209356 0.5726599088137652 0.14236319420469845 0.20688129103106057 0.5135780090709078 0.9766441148870466 0.06755273610975199 0.3435117203523326 0.7459840709997506 0.9519542787371066 0.2037306975030604 0.3777646138352988 0.7670979525711098 0.09974502690033171 0.6631617960303192 0.853154650613771 0.054489933770868415 0.4235065287182468 0.8000434054033218 0.6049266734218823 0.598582584197294 0.9593165856285417 0.9545237380513887 0.3337906212652779 0.7738670037687966 0.7861659276073456 0.133232725046871 0.12089895576508702 0.9326356038785542 0.49566097203348036 0.09920241184506695 0.8391304155048015 0.26928048846907815 0.9670603068385636 0.9676295372373312 0.16101163118644624 0.42778313771466214 0.0794692960903276 0.25790696746784614 0.9085882818780299 0.4164533182229496 0.4247861246062714 0.12141939770953536 0.5315173559048089 0.11017786402251228 0.6015766194340724 0.04495680417920345 0.5207806544323718 0.04575204040532199 0.28742255069368217 0.8153160377602842 0.7836738456058354 0.4047403185469084 0.8219803447983097 0.7145454894362541 0.2436841923775861 0.00682561525305414 0.5195056482704224 0.333574154121728 0.049351300405077514 0.9881509203078253
0.2053107661440028 0.04988555352783264 0.8575040400871051 0.5059218678387003 0.7295204281830587 0.9893571966970834 0.8038503425627339 0.9421609801519978 0.7151332230007598 0.08174653171304525 0.47608328158888347 0.17095754832390297 0.9559180381853496 0.5904230696649665 0.3907104891056451 0.7525166390086432 0.8904965072685902 0.9376089505183799 0.21185015388950856 0.32718328625841075 0.09878306060803199 0.39725472782612425 0.0601047841355693 0.11987947450137915 0.25082604332021663 0.24897928360648514 0.12993213208730436 0.25607357998051117 0.7376362946058924 0.4453071774065084 0.09559918240868381 0.014678785116507553 0.5691397077071515 0.444558882611249 0.12431331642174015 0.9082786878788596 0.12718933629044482 0.6869260787973295 0.7735297189699378 0.2561273791878652 0.8938049679788493 0.744145890425362 0.4189697402596414 0.64880670114787 0.35581766952928007 0.9991012938150537 0.2852366728611765 0.9993967019237855 0.2823483159613107 0.12514169875927073 0.9130863896994174 0.018333437382180295 0.8535728311336852 0.24773445142691575 0.9360375203579797 0.09239512191014976 0.874016370023022 0.6127642735805489 0.12766747638998266 0.6711771637907727 0.11557849203193526 0.17351741938088916 0.04194058684392277 0.3858254316647459 0.4304390298924995 0.3898170505311037 0.7854481051728123 0.9988231179262543 0.6369594805002828 0.11742488539252138 0.9086389654034085 0.6909193821130906 0.671310656355518 0.5956811703511727 0.4650909268542288 0.4989146977783573 0.014874422468187043 0.656046048213553 0.9720606276593484 0.7550440146847666 0.4154906488526434 0.5631328190193108 0.3082367587272702 0.38566134153609455 0.9608573749666603 0.7417634009954498 0.3796904390430602 0.892487326653355 0.07297766923285243 0.4216517150647423 0.5909293371395736 0.49362700875455146 0.4979217980017756 0.4578992052918006 0.08438819112382911 0.6975724933641083 0.7690998017383319 0.0206797752649035 0.17252493319222684 0.24252009998773316
0.3803253844841411 0.5692370563355622 0.5098706640589863 0.7298081145724677 0.15298922247351188 0.7860734001700423 0.41258433000744166 0.23711678096081323 0.27892910211850863 0.8567512011265995 0.8332935101070352 0.8011430635076026 0.7156724001601206 0.7410865945929036 0.4786679443314765 0.3846791546903041 0.26593861120279305 0.682089427664508 0.20854471069200275 0.5547001938815992 0.2886478597050298 0.5228682213065694 0.5191672089366006 0.3342152115321857 0.2695451251581952 0.36490903583609746 0.6896906676603256 0.8486234029811585 0.3132311888646968 0.7234750828751567 0.12470801694797451 0.6291530887091884 0.7926935205851593 0.9095644516958296 0.0978553453078812 0.9200710174716883 0.10905636737548696 0.8306939335962703 0.5359182639262979 0.32430506691924876 0.37748181969593364 0.37016720242608336 0.6380377865068437 0.8249210644642656 0.6360530216617916 0.6662266682944759 0.46784923706455017 0.45793393641901114 0.2748299235022632 0.6082134499728222 0.0974437431288584 0.6822288321770191 0.6915513212496598 0.9463748404848961 0.29152001160181884 0.8204063678056585 0.8238624576135024 0.9668330798717654 0.31304597579748905 0.02422806365645569 0.22762678801472125 0.169314682321562 0.21988040408324183 0.11311035864617558 0.8514303616219436 0.1315504318588726 0.5961043661428482 0.7891733450997181 0.6628832539063686 0.8599875295367063 0.673003659073909 0.7569918233538032 0.855640384105822 0.9593357149311512 0.6682127636440871 0.9316939875125444 0.30188007658749216 0.023503871440449742 0.9237376627788677 0.20258458322733963 0.7698933267930769 0.7288936178701867 0.824091034560202 0.15350566930311615 0.10080669842410217 0.33747483082561325 0.1808761932706907 0.6681823570152607 0.8440435708276022 0.2691863605395656 0.0869676811509531 0.1410630504617556 0.6418884064483799 0.9671235930500749 0.5047531744679569 0.028826757937958303 0.4937314452817272 0.2761672919411816 0.6691714850971842 0.8087628093171214
0.16545225483021853 0.40484758160309153 0.3626128163151744 0.3692854100478047 0.26228922790543974 0.3358141069450268 0.6705413408257382 0.20969872678230228 0.23391395751658084 0.4681573684743203 0.20302162254649647 0.5508049753001208 0.30967674068772855 0.7246589220760687 0.7095432261837712 0.662634476685306 0.7369234581945588 0.9154238161775625 0.758941560671046 0.0003365856586656779 0.7755571355872256 0.46356192887531733 0.9119899588003473 0.7007580525539063 0.9146706488588822 0.6554846388736745 0.12177304328863425 0.14509801353139007 0.9196074608376723 0.4806398833279296 0.07091899389018486 0.9865352496690258 0.09602535329111406 0.6114702685414328 0.4101493757857051 0.4948892482633763 0.724077057858632 0.7236338157422871 0.9736448049051488 0.3625309149367061 0.4223297367855616 0.6726148828256784 0.3691611429165871 0.5039749645966366 0.8668609347625998 0.4326483009921763 0.1866374093322043 0.5829737072209914 0.8258957507557121 0.7200738854070878 0.668022078113236 0.7389527602658886 0.9658954522119354 0.4740859809619702 0.6773595201347224 0.7132405193082498 0.5169740480114885 0.32990102249505426 0.13545636430690733 0.37730488081733327 0.31437993984539137 0.5245416244618146 0.5790200476954857 0.25771384850476475 0.016419486201124434 0.0756985040932121 0.12497512151331758 0.1511851939961827 0.8357058492858971 0.06262595881580957 0.8980038323554039 0.9472197392067261 0.14651233585110368 0.21331089229159172 0.263396797492756 0.4575174633064709 0.4442274468222941 0.7123297455037703 0.4544993402173888 0.00887877259499581 0.22390900929870483 0.6003776230932746 0.9365383791520456 0.9288231374826701 0.8434131515585086 0.747124866740932 0.056219470884796285 0.5815520856500549 0.1926305204688672 0.5486995874346128 0.2182437536616153 0.35552200862638383 0.326209191215996 0.37964100090730735 0.7306971953541453 0.8292225302609251 0.9527923012335624 0.06586076501530103 0.21296883119606735 0.6174057498394045
0.4599189208203315 0.42539001660033793 0.7644387539229177 0.2346896445571529 0.6143369169329989 0.9203195304519707 0.42924492106203715 0.7459939039706374 0.4468044478342599 0.6703384751953279 0.11792644084465376 0.45847590062615584 0.2819036860256716 0.18787866355043525 0.31242126352120025 0.7621632880711324 0.47723752998729296 0.1683276368201344 0.11251545152203957 0.6835366521867621 0.27079956791129445 0.8319831516165169 0.6577387585962917 0.4208616574660853 0.5839465835670817 0.8732112137261676 0.9711958817638933 0.5626692268737726 0.5153183420425484 0.6697620285122077 0.9974158893873074 0.14750839148311778 0.278141692552194 0.35700890465906854 0.061311048913100574 0.20801135650399893 0.9236398192981188 0.029225744426421785 0.6937180512747655 0.546420865552988 0.02772290158655344 0.2959922085654808 0.22774017928843715 0.1176610576105408 0.2152647853395293 0.9129825108664703 0.14187928520600457 0.4806222785714306 0.44256936223618604 0.22735697395318366 0.8605825927408977 0.918082895150153 0.8283078735473031 0.37568528633751774 0.9381375682871727 0.08860712668487392 0.11877785905672744 0.7367871269801438 0.8324411727763008 0.44240416522328263 0.5119944234514796 0.6508550627016384 0.7466290082922569 0.9395249248548421 0.7685731295369318 0.559553049811248 0.010792891691448592 0.7683553334682371 0.4230525201737223 0.6184598887707441 0.9821888983620567 0.20128082244173773 0.2843690856400499 0.57408619820463 0.10042531429486101 0.8317809724358458 0.6617283515161066 0.6389601361464998 0.736295949184467 0.07217773660110305 0.07633682494034588 0.012238594304955663 0.28235225282172327 0.27007579098534473 0.8695379303625477 0.6974724273196035 0.2024989729824196 0.027062144497234764 0.19652857997131534 0.854624426636414 0.7748647699674781 0.9223299246421213 0.9275326413684608 0.10763332567888173 0.7510527650760612 0.03866640937946764 0.4116295794553859 0.28387550157965336 0.03430086648645092 0.29178040387748994
0.8804732116211059 0.1291776016314008 0.13164843173594165 0.7409517428973148 0.6670869128824913 0.26151962909239157 0.7684038759347428 0.6159334760627873 0.208762955987433 0.6731098556877145 0.21086204933180108 0.8541617711865793 0.5606695893802661 0.7798808382406514 0.2106554900244627 0.488887314744782 0.19470989703652075 0.9863487678032484 0.7833923581097125 0.835225222864783 0.7742366739729417 0.524521617150341 0.014237399358294267 0.3972654857882568 0.24236212412102076 0.6916103915337471 0.47249289775466496 0.7167561817304463 0.48546412379851167 0.4372129282616807 0.91812789333683 0.6334440585664844 0.9859068782435632 0.806834218942563 0.015086490430896715 0.9896559110397471 0.7732303179292503 0.2895940909452548 0.14540147716769258 0.5476016950435789 0.7525136523054835 0.14936960961546009 0.532644304459951 0.6571381704975143 0.7593943184304213 0.3693408207015849 0.7717120540958018 0.17252276866583438 0.5700838962069634 0.6356706378962503 0.1641145983417568 0.5862780495791551 0.6991414927301437 0.7642909788451803 0.32215258798819835 0.15662605074317137 0.16284864340424487 0.9906965248234375 0.24921340412549176 0.37086073439330436 0.7934748944764046 0.02573209076295002 0.7961032697981973 0.8755520994116606 0.157941611468004 0.8396014004361497 0.1776241958923388 0.7788931535850907 0.4525511998313082 0.7982072839629891 0.8703473921571233 0.14285591252095042 0.5244680067450586 0.09067296668157188 0.024877944414303688 0.7118787072852084 0.734427196926952 0.8148222443030257 0.5107793633401143 0.8908901928243388 0.8986567419203122 0.16775912682908634 0.48116850149917545 0.26365588057167066 0.4251502754115387 0.7110109807020758 0.9277142627048656 0.17802699899081065 0.18161274879622635 0.9849182783836711 0.651680690286988 0.6842072949488789 0.22037560278386303 0.7725777258288496 0.15565777044845208 0.524124396944821 0.411036876228808 0.8136728076583801 0.1104386698932559 0.7385006848143065
0.7435875220253176 0.026250223290585906 0.46030825775208284 0.5475327710540105 0.7189010413831837 0.887997199090975 0.6094552682016154 0.17958143750884648 0.2856994274605036 0.8691056260711499 0.048348226853950904 0.13628880194453397 0.5267617709351767 0.4283610379562395 0.8242986667897455 0.893742284586957 0.5559381435317603 0.9843761562504261 0.24928077887081446 0.5751761002953827 0.07584268178338305 0.09853027668877656 0.3727795682322864 0.8571641513674055 0.09492540258138693 0.7369503730397672 0.4079581275161934 0.8352397532841515 0.8985477430872724 0.9449062834218371 0.8858286002354898 0.7663009798604942 0.2554195032265849 0.33639387621173966 0.11206026449291251 0.7141166951081093 0.34138980000048236 0.9203622184999934 0.8982582881181441 0.5267292228086818 0.25764693513354564 0.40222042262198154 0.015238496371971166 0.8231487099068152 0.9923598154951612 0.832879908697432 0.09432178369978039 0.3891652828284171 0.45528381078078095 0.4610228472882185 0.9042588428321249 0.17146601720866905 0.638129140880831 0.6439391631654017 0.25198801958269246 0.41385851198868207 0.5670386925851463 0.8489639415685487 0.6567175639514659 0.2382642877478569 0.23092489584069997 0.6656348099620147 0.10648044856325178 0.8149651996064255 0.22993359971454586 0.6960078397878277 0.5529191441005977 0.5034710697658181 0.3168319909982267 0.7016528832140517 0.7507448241694279 0.23756084262662458 0.5155221754225945 0.02591983095145478 0.15411309069549817 0.04438579821971145 0.05864707565473071 0.8377113326576573 0.8387403013025008 0.5419967496065481 0.02166899683539003 0.06502768006043746 0.4492842174404442 0.2109490887927563 0.7247107134312808 0.2925556705389786 0.2236213462245219 0.49761558263057193 0.29146915150130226 0.22432219784316376 0.9912562673921904 0.2295708040354676 0.23385922127807246 0.06358817967754138 0.24563205467194194 0.34757176603826656 0.6415713777414456 0.8753082161639331 0.8259548423005612 0.6818783890744377
0.9850783254752185 0.571179662945017 0.8288643629542451 0.2816859572312136 0.6686620751026603 0.34804436002980055 0.3349513692371291 0.519677665769684 0.13785737572494072 0.8556548081107002 0.396976383570396 0.1692854787795398 0.8054380609901096 0.6769896215105301 0.9293435338767467 0.609155510674943 0.9479548976936877 0.15340394004888236 0.7153936543898916 0.5288965133228664 0.9594105196309853 0.5545985066662149 0.16291154337192582 0.5603511938910875 0.8172555998429852 0.08440328185469426 0.7707197864516828 0.031488522209721426 0.22020659265682396 0.8249867085053756 0.013296524565731938 0.9975295437564188 0.38180514953225986 0.6954594162806665 0.541322906903649 0.002158245901413669 0.5600069540652939 0.8254333613966314 0.6951977303809777 0.9168924142960161 0.73836616411068 0.8153153598988988 0.7921154899922056 0.34396567958783786 0.63297794601765 0.801272112337243 0.9771779447303213 0.23833027301616783 0.21661364738025835 0.9224920087648611 0.13656146650875833 0.6456626679265305 0.18380606007142175 0.8301952972151053 0.863918069819892 0.17786761278926566 0.5015141296551711 0.4560108390109796 0.12270216060882211 0.08696837133867985 0.9066731834036518 0.48197925338143155 0.921229498976641 0.903323181121412 0.9677873637864446 0.28457187985921717 0.730320897658438 0.8170786693501054 0.7195416762198282 0.45574610785911807 0.9392119823503692 0.37762647404271876 0.025127412464467258 0.5023176433591339 0.3924607075895692 0.8034284925509785 0.4502689968714466 0.6450433673882543 0.6564347860001765 0.21029550909856887 0.2263634420788886 0.9285812848238241 0.055728649495624505 0.966956238434645 0.042110894450335445 0.6789243351934627 0.8783761656874932 0.46950941499402854 0.7773833026250633 0.33919647370307193 0.828485054688301 0.0424001123083928 0.8324073133138442 0.7954382921172837 0.584314128998992 0.2995715115996176 0.44945300194176574 0.9193437837864465 0.889207845782051 0.6600339983000221
0.3379388358128209 0.34843520231703207 0.9680869767255968 0.580079611252855 0.5085548184331011 0.2836110876094685 0.046766993540858115 0.845252239287463 0.9806783920722955 0.6726748269050464 0.2985976248121469 0.1194742700064294 0.09829697910234625 0.4290664536105271 0.6582950743530458 0.18131650343832728 0.5031006457991581 0.4123022975341343 0.905353544209437 0.13260915289870534 0.4075931244958474 0.05252250469909536 0.47422971813261594 0.9446465089560699 0.9900613503842199 0.4362573234265411 0.5619243528695559 0.7427489546687065 0.740240536022907 0.027363077951789827 0.7730541811776938 0.8053561376724665 0.5638822234083231 0.6579381930006166 0.027892124077065317 0.2510275156512074 0.7704789539016426 0.060389516911578345 0.9623165459443197 0.9612264846782644 0.5832007446347474 0.26849775018557986 0.5104968621214474 0.3789520205066287 0.5513991869346851 0.08903254607319444 0.5662572748847109 0.5801186468217647 0.8705291764100715 0.6116554490720089 0.7084659858451802 0.4685200085969241 0.9714846166781026 0.18512046585406916 0.6663818705483152 0.5584430133559355 0.22719383175264074 0.12302418425709039 0.1563457094122055 0.3237445816241433 0.5174647446196811 0.09373870988331623 0.6321639075062456 0.6897785322410404 0.40753456609530103 0.5704351009122541 0.6966014125415044 0.5918512010498196 0.20139399853273532 0.8033359083698108 0.06886494983767366 0.20844539008717844 0.5998442925081306 0.9067893065053846 0.9555055414985907 0.29553711162394936 0.931710788255528 0.2838162890733116 0.7723555684793871 0.9131253905478526 0.019735056187200284 0.8641548173296999 0.7888253100640438 0.03524329323635811 0.49076152394061534 0.7543825744219906 0.1781318276745617 0.2789747508584204 0.6585325224664798 0.30423827045754825 0.09085424629018124 0.6922630461844339 0.9059227039713883 0.6722245239601211 0.5964887799103122 0.5348566267434575 0.6320431448812708 0.44109140080890274 0.35709528414786407 0.010130590361672964
0.7244646007508687 0.7263350453601949 0.4609145034225248 0.4213950579025363 0.8336574192076647 0.7092524478021748 0.9204005502578086 0.5980906137758253 0.7343743060899959 0.06531430460364007 0.013972044099859526 0.23880953500546498 0.4309065043621291 0.24293251421030826 0.8699444587494428 0.8216958737236346 0.6319895605194994 0.7541510302623634 0.8998355694669141 0.6172958838244949 0.6474850367646738 0.9222668100699969 0.30106685481571727 0.7854973231006527 0.6456180311208247 0.718163809053705 0.37257375306927987 0.7065010604034457 0.25279403539638023 0.7569091230728229 0.7791792791077411 0.5762788102372554 0.5745975839546021 0.08847952151248017 0.6548367414842119 0.9460008543162436 0.9542602178496331 0.4937262830444663 0.3402796115822839 0.26994850677442805 0.6294847498474535 0.4121345656485619 0.8118442708100181 0.25997097261491575 0.5852909616744983 0.9337274827897067 0.8200936592961653 0.22019868633604134 0.6035707144246384 0.18554166151693585 0.9840502930661994 0.6270550206084035 0.32571733104899536 0.09003707475123435 0.9154573387872652 0.7120020665381562 0.22170555841611095 0.7675612345227669 0.4677260773738483 0.08112627854345267 0.8497499607688668 0.9060146636632896 0.3690465000983051 0.8658244495046841 0.6482905979524762 0.5654018715139871 0.5757333862003391 0.6503714224524745 0.8244403409447018 0.9949122733916138 0.5125416441060424 0.8273313777804513 0.46113065006666887 0.9444923755555822 0.09998290006048405 0.11256165673995011 0.7731831114708652 0.34511018691773887 0.7010847036003238 0.9826522831295421 0.8237372778805978 0.25110356171169523 0.6615116374031327 0.6174920416910341 0.5223290667331345 0.6531435450458252 0.001009740352050592 0.3170487936834887 0.540656976331365 0.6387475201849501 0.44818295518391416 0.8553590515049478 0.15432685059855056 0.7688816765424183 0.3590318758937495 0.3057579519086252 0.20793502039368095 0.9026734146047357 0.8083095985997012 0.9804849125398454
0.7519893760659057 0.5059276173550716 0.40647074779588277 0.7050012547886034 0.8534599275652215 0.8103245080056848 0.6328969292603792 0.7097012854459792 0.9068433764976773 0.7223060892669789 0.7794085127161959 0.9319953281318154 0.5572326486784034 0.5934286354240466 0.22882219307430862 0.4203527544462794 0.1338736302980541 0.9405889673565953 0.921217697815891 0.7740281386297795 0.1867506756777777 0.07873483357429456 0.5439241344134803 0.23993079647795867 0.8600402347730006 0.32297315127441784 0.9613318611426733 0.3642068632338131 0.8944003912423564 0.526006993330494 0.5833678008834573 0.46963706742106526 0.9621929881272671 0.9900719336984447 0.2322067943970182 0.6591836374020567 0.8968315724497963 0.27739348897766414 0.018578018719926703 0.12497216829706936 0.2988913162029867 0.7985265964462809 0.8611938752864673 0.09992253176065036 0.07397851170275005 0.26647395583808975 0.15003734564940407 0.10720355029152562 0.7134756362103827 0.1368949667592333 0.7437674517668064 0.17960293205455946 0.28708460853540085 0.9361440234009968 0.8804371703847071 0.8860344413905133 0.7739618429188486 0.002469385382013023 0.18913969467701475 0.5473358724463367 0.5377528020025908 0.8163254549277659 0.14080457768634835 0.8683845963846195 0.7739757957263301 0.5994291597243502 0.13411365039451917 0.43615715315681813 0.3538521739472812 0.7542673770986479 0.8295760381324866 0.8679684100626831 0.6153258083714729 0.854693482357466 0.34065417556699995 0.3287562332035011 0.27034727959390836 0.9425994768947488 0.6157949536111004 0.3374110115800363 0.31087505847062813 0.32422361004708544 0.6282519298929813 0.6483983730299561 0.481633935549293 0.8704407781172173 0.9855527913773715 0.41163513987487943 0.39674319270974934 0.650668875436116 0.7418281918600212 0.783757938849117 0.0900173377678204 0.41875341201529015 0.35853095458223383 0.6034195799970163 0.8565204934878473 0.793766494342759 0.2973633924753283 0.5622741140219445
0.8345706384487139 0.07884710955695129 0.2805181697922532 0.03139532442859283 0.11296312133142539 0.9680904692356043 0.2325936111533231 0.0010651001973380758 0.373151584581771 0.8264822784948788 0.6583823343791593 0.7569740731178518 0.8763631977024686 0.3845015658650084 0.10371916917827384 0.7166653966579353 0.47666881914568227 0.6242891527644414 0.3830958898546193 0.755267658497722 0.22454235115666865 0.8873485252065516 0.9288943010761583 0.08589333989560355 0.7236638412316573 0.8136490620995562 0.279029719220235 0.28582272251306595 0.12254902010378277 0.9942755566514587 0.9418728126269119 0.46177289854181314 0.2540415556825819 0.4228577073924348 0.7531312199613422 0.7259123618057363 0.4698975689300726 0.11860000656894987 0.9010925893817546 0.41685948341468704 0.6328004130775148 0.19202960305923222 0.5606871959693627 0.9629153161335626 0.664151101502054 0.8447398761815161 0.16402035760918077 0.6642810012438111 0.6976111807776558 0.009611567371022978 0.48845528486712964 0.4903912289515171 0.7943850166295033 0.8305751509209526 0.07038020405073098 0.5632162277297412 0.6610851635483347 0.9403902041285181 0.8727622267466657 0.78768973905155 0.20771622051835492 0.12779014182635295 0.8237679748996347 0.8920938358769054 0.21154563251081393 0.3235070468336383 0.34958795166151757 0.8419384302595063 0.5003253923705852 0.07685882267264266 0.8737565191806259 0.7807195394931137 0.9794355197061309 0.3041116121902827 0.7148789894546959 0.3006897876681063 0.7511432537460935 0.8774278983801682 0.5759409569629074 0.5997438296178771 0.4524071846961062 0.9583269109648715 0.35913929918863874 0.9947145717891319 0.7737754921096763 0.4726929967784741 0.6202241334546418 0.4875524082146455 0.3081687976122146 0.48508030360215504 0.0232801481015259 0.750054821646366 0.01312433229502541 0.1279358848850376 0.4975171956503207 0.3863413187330954 0.351542373295914 0.3869797865862431 0.9873938074394287 0.9332814763751038
0.3523202196721822 0.3325369070984121 0.5272162920218854 0.6035661290046271 0.6661433292423737 0.2130674203244005 0.24622141404315923 0.8226703846524551 0.5537418989094323 0.5628338617197576 0.15282169094881248 0.9045046388849599 0.7077067846666867 0.8991812818675021 0.25529200715851685 0.04867788740373724 0.9974444249418501 0.13451837233736674 0.1402698517575428 0.046093888163294516 0.8210772729081497 0.3933750339738483 0.17867211424661344 0.2783672216236769 0.16667801024133533 0.8670317045791006 0.9211013142714276 0.4835762397164025 0.905145423377981 0.19913689485374586 0.7366632568416117 0.9459822852396791 0.5320020393695795 0.8572522250466466 0.5612539359477084 0.8935099160510956 0.7327627482250355 0.9521831893488236 0.8059072922718217 0.3354456247007074 0.6626466965776171 0.07511386973388767 0.9294964103214037 0.9138634281379795 0.42659555339120026 0.38675327294031725 0.6673918207910495 0.2748780968644343 0.19905650636435968 0.9184900634407892 0.14293800699209525 0.004455049359044061 0.6191808912747448 0.19727830927296486 0.28156915682051753 0.8895100217623332 0.5660074397218025 0.4113351062503344 0.41018627455079315 0.9500741900750149 0.795057464143862 0.9021989401794788 0.2787227417783119 0.8181198251991932 0.356047560157318 0.7612429048311737 0.49055185184567784 0.9048354285420536 0.8731543998895864 0.2861217736552226 0.40225403268070437 0.6096255970191089 0.9090567411686123 0.11822030905700698 0.7282524153400336 0.35992418556619443 0.12737766636960224 0.921075044380157 0.6272451512735658 0.7475335684961756 0.17294295930358727 0.11099687186353802 0.15535286833149808 0.13064294904331986 0.40036566118251227 0.40011466259957773 0.9678999595802474 0.2651742551532097 0.8474707677614349 0.37286116016871007 0.8147918934289206 0.3410306896443125 0.3841233118303 0.26607729172700445 0.1116223332866273 0.0074364478722245275 0.4427403400844572 0.4492349620368 0.7072495342373918 0.16898805952029716
0.10259377020974336 0.3412201711350661 0.8123279197210225 0.6947976766847409 0.8971385883303268 0.782001377620677 0.9112563155456763 0.3531562417595514 0.5119294578041593 0.7962359533340011 0.6323252400686896 0.29102661132013574 0.38266801971061504 0.5903817991592419 0.3951373073771437 0.29528797794999095 0.4051682488874361 0.6518746397132745 0.21572431410482928 0.5431190859446215 0.24854607156040287 0.20553320225215488 0.22078564542082513 0.9096628789814607 0.5151747231422628 0.8354055123951593 0.8139926762881617 0.8432539052825127 0.9198134543339546 0.9991819291373155 0.20014447063130947 0.19888483326513218 0.1672210055372494 0.08123535535906679 0.5140410933441434 0.05037714309446062 0.29433783968817273 0.32918198923959063 0.5094627138201574 0.8771182640876288 0.5454377418870018 0.07568385025664681 0.3842114718305135 0.5496733688246678 0.35234463599758536 0.5650576199908469 0.6263119954755865 0.2803075021149376 0.26811079565255136 0.7926514975347901 0.12112293392744167 0.3917905708378332 0.4440566254969288 0.5403874013620288 0.5762408108272096 0.7104161876597788 0.23924745815077286 0.7807546953017956 0.07155197445946393 0.8666470481265849 0.16602383199137605 0.4617354971661929 0.5238675417795327 0.7319017744354828 0.31803826804516167 0.6746370140184216 0.05889269609290437 0.28250423903683797 0.5147196322385845 0.21352492866273665 0.7152646410911666 0.9000276364640871 0.04140078827079097 0.19625565742334838 0.2731740864868888 0.4630567100890798 0.6444740048629602 0.9322810837275213 0.17527689638591515 0.8055928259906117 0.2925473183127467 0.04765185362871793 0.6427553854913647 0.4742768320712748 0.755581591832032 0.27756147032756096 0.018680155040634805 0.14291493218834617 0.9790960355826805 0.9835890409994924 0.01871792009172224 0.0672368819316822 0.9473056023569106 0.16518569239141145 0.04891881655922137 0.9967943331764615 0.6571198649117821 0.5946596296370914 0.6040604848333473 0.6763682957725093
0.8437665731255688 0.4870363777806461 0.9572884654971755 0.14298557715404614 0.22788689348494962 0.36578574313113543 0.5798282333439985 0.9283773246539331 0.8489013302937706 0.20390772784237876 0.47941322755764704 0.7358951021085134 0.035226490688283985 0.6059935563287687 0.14419726042799597 0.4107214552921805 0.531177480706842 0.21716028184243263 0.7754241201442502 0.09202675141343397 0.46618965246179966 0.36966114700148944 0.708397692392039 0.3424518243395698 0.6433331596305919 0.7825451013394511 0.6403897308959704 0.6214670046036493 0.505472477428116 0.8826533168661744 0.16716764266676065 0.1495290511549171 0.22559787138948095 0.08383542144453926 0.8274756286609252 0.3850555580238826 0.28355552592788313 0.4410523927082982 0.2828371563180795 0.9624675645168782 0.4338515513876283 0.8757114439837185 0.7922324466699168 0.3373672287875956 0.4320910978808298 0.669014861930332 0.24996280632294 0.21750659480131262 0.9270273939758705 0.3208793651563693 0.27865584704709634 0.5603618168772619 0.9841998618408634 0.04258145984965156 0.8870195231617765 0.12937549100903112 0.2038475034034195 0.5575032736595847 0.10136037471738402 0.963024549354248 0.7775506205140914 0.5374757810723648 0.42715963906859 0.6250951815057882 0.9610942848043531 0.15123560508492895 0.37565541534975255 0.9345919244754167 0.2644431213191344 0.4948961144906806 0.7303208077338834 0.013791902013203572 0.8824229277544444 0.4447720923372954 0.7735898267773145 0.314114109393958 0.20856130280687235 0.9009586978094926 0.6843584366704385 0.8739839255802779 0.09610987473332067 0.6084799364671262 0.35807258031552125 0.2794397615423214 0.24188348400644732 0.4931104206966692 0.7789354634441126 0.08163155085220875 0.36249037564403863 0.20128273384680284 0.49144883670474016 0.7834623390856276 0.9600264163624539 0.42963565812495785 0.3082674299630287 0.614487842686795 0.9636904858159758 0.1698545838718175 0.2962042914362156 0.9927487223541921
0.301829698802055 0.781918355923544 0.33609469366010736 0.377885233273318 0.809757537773317 0.2688761976316073 0.16253738134884865 0.026951419192216886 0.7713496515575785 0.2956155324907439 0.4126279586552165 0.08513834806732923 0.5309139427295275 0.03358359116223797 0.9927796919876526 0.008225219150273855 0.5921186119458218 0.8344306905496456 0.9739035292882745 0.09843597044159702 0.5239458411627153 0.6781520542372492 0.020751323466290383 0.2090194775158617 0.7436590723173456 0.23995943370397366 0.28313322955379505 0.6865850401569645 0.5664887535149793 0.9708272658529051 0.8541504370859793 0.2885973112502407 0.22993270831469048 0.010025724817512849 0.6185975107941489 0.17455833428857226 0.8722409353475148 0.4099886421928919 0.027234630134973625 0.23123202538156717 0.710972518661719 0.6008295508271501 0.7953800036455151 0.031608271706235924 0.8162225585946838 0.999095233550942 0.49236293258174646 0.6456338749736037 0.627622096508699 0.5401938765232562 0.09628078547565311 0.22984120216375292 0.8168390009389459 0.7196846749394699 0.3197480260912229 0.4620614540661898 0.8638650940188269 0.636255102755564 0.833308838906824 0.05200888819374083 0.29112504313782905 0.06280029451666524 0.45498080307943833 0.4200096722404867 0.6384361029148882 0.6067914838197298 0.38984522624396 0.11437279548670798 0.5953804039250906 0.4013560053032078 0.5425919657029433 0.960613566174886 0.20838200400442008 0.37909536124612486 0.41215926602255437 0.6858456293750146 0.9621855109745339 0.25251991508999927 0.3024794971671686 0.46808282832234127 0.6525559168188534 0.13232117853035097 0.9756879902556486 0.5753383707568398 0.709625197037425 0.33479824031510863 0.11409121650689213 0.9720150983932917 0.9180397114156349 0.5746107861405424 0.0756446342389312 0.39796519662913 0.7010570875753762 0.4114225262441449 0.9526553329240539 0.892445240219719 0.3525975287839376 0.9539573687440545 0.9339409112076514 0.7158405324630223
0.6807119977190026 0.9656458330107712 0.802391486768969 0.5165557761449728 0.021248103977613786 0.6208489440669992 0.5345024894919574 0.3067122529256745 0.49428410078056073 0.3552649607852403 0.9470406994254892 0.039359368246619786 0.17247245385279142 0.8889290922617912 0.1745065542846913 0.38935141503336523 0.39048023532753606 0.013726052484629214 0.26454473558805436 0.4986685361035693 0.7071772872661201 0.09071180511140386 0.469087513286117 0.9241069461095647 0.2560194890697104 0.6511142725189256 0.5851797653340305 0.7058615062885273 0.07604858164103889 0.3558361721614911 0.6427496472633577 0.11983690566874938 0.5210466510461255 0.2701403651508184 0.33459993937677834 0.9416312139998737 0.23200846429523525 0.7519063857359504 0.9592098523752274 0.613271579010251 0.8689840617687409 0.4879593813481735 0.9810424010978027 0.7250109765776506 0.7600217423946253 0.907573801886536 0.07755442380920352 0.1574597530951526 0.5721838916668409 0.488629405450103 0.17672028448478838 0.8710772553174616 0.7889810070322651 0.1866424786382367 0.29510576876497363 0.4455584558739589 0.8410574829281213 0.31359952912528444 0.7897756375943312 0.6378637835763068 0.012987329988464968 0.24574580438728566 0.4112170750955678 0.265770074799239 0.9305939924668559 0.40571376789658486 0.1845561693710015 0.7860339357157377 0.23574720537531602 0.06901032284874586 0.8033937433815105 0.14976951180055353 0.12300514367789961 0.6463143667663755 0.9913249190050671 0.08010167296844506 0.25528179713365184 0.35780146575400806 0.6685160048947791 0.6010175057062169 0.11726660695198565 0.7505826437691252 0.7944627772271972 0.311395618416624 0.4323786172989803 0.22219823822259233 0.9665504787495349 0.89757657591023 0.629590273924085 0.6408865322242447 0.5563057182627007 0.11990705122659329 0.03583669585022664 0.6910379055407448 0.9111577949517862 0.783325610017759 0.21100262150331117 0.9058083058602827 0.9000462837802614 0.29273272532411376
0.6848438724983176 0.8859598079789694 0.8061256648617062 0.9000603006411391 0.3857429023142642 0.11449656807686459 0.11741664063400103 0.4194907924255542 0.8986941053684632 0.3883323456559834 0.48651053395780697 0.21634919231512728 0.13769503400963656 0.7582637440710513 0.03644214357779085 0.24762579213378333 0.25911484850514377 0.8565111534199287 0.7105867891889757 0.13582726519949528 0.9271454430098416 0.8129179874255797 0.36242666922752087 0.39549379020321995 0.4488805340548332 0.4973649878272193 0.9657008334523086 0.5459874322104759 0.6919971104948491 0.7901108988935818 0.8417720692960391 0.9514264190873317 0.20207296703802213 0.4356112631306438 0.21598493604472135 0.5002169121028864 0.7493116784854963 0.8909914806884867 0.04109128933781159 0.8635152125839161 0.2968502622367325 0.7741426651362082 0.05874648839120322 0.22799830838021984 0.3474593778736418 0.8310006831065248 0.7395282131646591 0.3426586409839396 0.9329585238628578 0.3493978774947496 0.9145026188773069 0.7472481559018892 0.36022315427055285 0.3517649294580627 0.7529637675898286 0.6679627853985315 0.6874953344389277 0.11006773307941653 0.7608335459975414 0.09925498238962815 0.8721099502637073 0.3812306108160811 0.9584981552167178 0.9765454187546043 0.9317301256240494 0.5327475938434288 0.48147573922373477 0.3715953559405275 0.636608223714321 0.34355863403379006 0.08670632434656533 0.5974780933276899 0.5958609391610222 0.15999554340839262 0.7597015540093217 0.04537308546818808 0.7605250176854296 0.2823384573426989 0.31360468652460327 0.38243639647319194 0.43655219974542503 0.7877609078985547 0.11373755202680114 0.46444364495572166 0.2567450305753509 0.6241634463767333 0.9770967401631397 0.1520976856521682 0.6951372549768058 0.671609646070819 0.49820351427884424 0.4298389231722318 0.1596000777960258 0.2052386403393215 0.4402011309430963 0.6989647520265524 0.26743793034507546 0.4411086900814837 0.9605499612052596 0.19216025779418378
0.00478564600226572 0.6105466929128589 0.9359232444500899 0.6535026712787553 0.6912685849806347 0.12305761802644521 0.6471977520303124 0.7673222728534064 0.6584647574548524 0.7717433457006676 0.5131406186370293 0.6125748508486993 0.20805414150685964 0.2624352439367106 0.5070733340626166 0.8181408846740325 0.35387968986068485 0.5466387187162648 0.42056404368991707 0.5633938011700009 0.9603089781850599 0.7719700357915885 0.6533541462699833 0.2185193395279047 0.8023809646049022 0.8760397184595674 0.4720478888817652 0.20577809632492894 0.24049489191645868 0.40187413504122316 0.17579927232550885 0.867324586532418 0.6340488282030685 0.44858627674224316 0.2889455513047984 0.7687305160911242 0.2722679523260373 0.7813299070992458 0.9035152775513479 0.7794251434886181 0.28079380546660737 0.4753654073554945 0.20666010749996067 0.7925179541337988 0.10904816798602879 0.844087153269887 0.43987915238545205 0.664559815913754 0.7551650451850634 0.06773127517948208 0.1381075208357293 0.4707959774193752 0.9957750905453056 0.14147641509285835 0.12293029581809889 0.7591341797762 0.7802905644882848 0.13776022267988397 0.797829015286992 0.3643336918002047 0.8643118944209913 0.19204574256674434 0.9691446983805433 0.035548831374747514 0.8830955708143978 0.6198554102856286 0.2979676140129215 0.08375284775696079 0.5268632835161352 0.18911567913833405 0.9435087811658637 0.8621904305654111 0.7442407673178224 0.582596249566277 0.21330114622099683 0.9360746922768043 0.7892802024712174 0.7460713312196039 0.4195502523699628 0.0812513738614914 0.9773616791590114 0.4730031439939597 0.6392584153063455 0.7548848554236911 0.49717969174858767 0.6679837251739866 0.8278673456562946 0.4835061265074906 0.8667714632466216 0.744091609826085 0.8531868744970589 0.5473464159259387 0.14246804379951472 0.09882379182927359 0.4848171852112352 0.3144457422805683 0.9363235451862696 0.3278338462853492 0.2994675918760833 0.361967477972415
0.2180068948695586 0.2983336608298529 0.33831464592439 0.9125745762317689 0.8970889248413021 0.45525655383508323 0.23983781985074215 0.8962073358113897 0.25919329007452563 0.3749897078799803 0.6776605918557809 0.5895362477147856 0.7175367916007014 0.1795337406874299 0.21731572095730423 0.5739768290322244 0.16084100478107133 0.15781992060951888 0.9537240867044919 0.14468122153690544 0.10071423634307897 0.29579568261582123 0.9724415719615089 0.48866568365162477 0.5871475842737474 0.706742215162728 0.29562547406723494 0.6221506514830701 0.9674954065488246 0.3443673005433989 0.014663089438182952 0.20871606407609222 0.2063521795239508 0.25212150527486454 0.7097241546137188 0.8145160831127225 0.04957829861714336 0.11469837064216482 0.5811608703437464 0.7464076481841584 0.5355081022437248 0.7557076680296416 0.12530693515509272 0.14700973620311109 0.3395319851474864 0.05826099314014599 0.8688326221301788 0.004105210364059864 0.2223441702344201 0.4732368769825527 0.004643523164112318 0.8357203732220972 0.9345923822883366 0.6678444362325854 0.5585448086017348 0.1593011598469276 0.7752166559547957 0.8420533653497015 0.9514313283793003 0.8143430757066312 0.698604760393575 0.9448421843238898 0.9421551107296552 0.9866110755154409 0.226793674487221 0.6983639195847835 0.313915163186845 0.3389807737137819 0.894726173071731 0.73232024164493 0.034566011085862214 0.9184421909851971 0.4025894952315823 0.44151680166179186 0.11179708341343142 0.33279111507635584 0.07526397849447997 0.29431995636280694 0.289477390044265 0.6246399581328332 0.9727265200949533 0.29233253558728645 0.16697413267449368 0.06864012410979303 0.7701383075259656 0.832664172023962 0.1174374809738783 0.9776026288021434 0.9822568746880977 0.34247783728821835 0.4474604139512104 0.7911404834915211 0.6044512191448992 0.5517262683123286 0.9115394713075399 0.7228068679258176 0.48853819322476477 0.9626800960599395 0.8625206438605709 0.5122693709012521
0.602709779274127 0.913065728337039 0.4542503636144304 0.7756817948825631 0.0237490061934722 0.08443599631454135 0.2547539403207666 0.25418106530897233 0.9282601173724806 0.013690581894569065 0.19284871749080412 0.5181408555849613 0.8277456476342308 0.9580073589827462 0.13580036893893854 0.3394334457445237 0.2951901545568958 0.04601217368458643 0.7269536539389228 0.13501839504574875 0.2918316080950173 0.8139246624258678 0.7287384292466463 0.5921239884545823 0.0978462993093755 0.8527136168397759 0.8243788511736929 0.6299320237400311 0.8186647166683012 0.5063482003627263 0.9333178954490895 0.680706215909372 0.40051975316435073 0.996111407634897 0.5717010607866401 0.007049522595286684 0.486961876972542 0.9354426451461388 0.7097499685624322 0.7240826206543372 0.8895971838641673 0.005091975829501494 0.3177990926139086 0.19413819707779933 0.47393645709293253 0.8641325557857552 0.7384413786802131 0.9600228010353058 0.09302523627267945 0.49628652327838085 0.9558302247760967 0.02677604924938648 0.2797428908684165 0.2548239371715515 0.038626205395772883 0.6453600209177871 0.4596735516115057 0.9972393168811948 0.3989619761737786 0.40619177738135115 0.7875481065426916 0.1978576535055524 0.44804202954209926 0.7548884993057606 0.6324898022434529 0.2205434432475133 0.904397089483664 0.8772178085176615 0.4604365016584756 0.6685523290184853 0.31102699337581285 0.009959182831346558 0.23418011182333553 0.5532337772093128 0.8948162799401653 0.3685475148393882 0.6635787113842773 0.0006625531655229944 0.9575353879403651 0.7719771633367881 0.29397499117691406 0.10578039966711816 0.9192340160231922 0.2986049535431001 0.36126858031137343 0.8166661690976837 0.48814289215145 0.7371262179752149 0.3265977009524349 0.3284691497332315 0.8299611710657664 0.19950156175043154 0.41972746387168947 0.7168376048487588 0.6308489584187753 0.34436655495276913 0.15786472401606078 0.3189975749428243 0.6905087829789541 0.4547600255370332
0.534191175804868 0.9125943438544871 0.3634779306576197 0.16573475371113222 0.5113616013899646 0.23203329522099725 0.4730174272559339 0.2175765590650397 0.012950135019714981 0.3301887788219072 0.10088326792132629 0.82936615396696 0.03083061924093977 0.998164879909272 0.8841096000487256 0.1229976423801955 0.26702265448896734 0.9651533334949438 0.09616873387996427 0.7598480621208785 0.33025658883935916 0.4085422679494267 0.002134426161587988 0.03950328012808224 0.4807254094571066 0.06077778633393116 0.8258670452381557 0.6271241694975372 0.9625656728509404 0.6396626799999915 0.16550181362145033 0.05113156680694375 0.11505725940992828 0.5103926398331122 0.15137986860608432 0.16953333184135777 0.8307550379640561 0.057619520744285 0.7798081096263529 0.12077037831380155 0.028510960852291434 0.9549526939842815 0.17141047826661326 0.8831330708672631 0.46049747285925735 0.16046961608297017 0.3812612548703179 0.18686538399207253 0.844743535372195 0.2899748021431292 0.4426873091621307 0.054568252043230236 0.17253705077511117 0.4397298886243154 0.06817270319052804 0.8271123507023507 0.7442521944293551 0.19749752112757268 0.9721814253087137 0.8717361982118182 0.0012644712632534638 0.30035780018767266 0.44569823709014156 0.6447946978909388 0.7397393403433241 0.6152262758795817 0.32775058352414144 0.34342675553878077 0.6335061691463386 0.6770845840864312 0.6366210332290131 0.182784111637307 0.22127759044654083 0.38064312628608576 0.8443157041206053 0.2921917012417976 0.248990193958598 0.28229618504498 0.37251313828189425 0.7374874769717531 0.3279545093827918 0.6831044371074253 0.7935527374157425 0.18828120583276253 0.017430454109888305 0.9304648909375561 0.936773969715447 0.5344870294250575 0.14955785986996373 0.9435990732183828 0.7795181040784288 0.7780905165218615 0.37075814408100694 0.42053510800533056 0.7228961498603355 0.5233833144099452 0.6912896890403768 0.8256785117453226 0.007245884892603027 0.3636347384070816
0.35296957133437146 0.9533058042305727 0.8514928686539653 0.6704196650434641 0.13030092694794893 0.8610719872999258 0.3526728893856067 0.6674718730690312 0.15578185611383089 0.9503590726477018 0.6657742833602559 0.43507028336671405 0.6481299145207796 0.9010518864053872 0.6863629491318756 0.4356357373136156 0.5047565675760944 0.10860612783993273 0.3970794819976189 0.04491114047935396 0.9830592847481813 0.40312842970814533 0.4400665164447508 0.2212682953929237 0.8253634336006417 0.21725708793107512 0.6333426448266923 0.7921493003707989 0.03209578896549137 0.19045692391338775 0.5637962809547793 0.49553277414607844 0.16379512969216647 0.5054616303637712 0.6242392715181175 0.45818031809839355 0.3909851849332452 0.22744827948747448 0.014144154714090695 0.8623750422906556 0.709931101735384 0.9233004236279628 0.21269435312565932 0.38848757377776477 0.510538309518036 0.5843085503726455 0.9014762426276278 0.6924064088430586 0.13744193804447635 0.7747614005826313 0.5613860270776647 0.14728242272319303 0.2757734753892228 0.2237296003484186 0.09696829441116017 0.17796156888830494 0.12436713373211727 0.06443466472379356 0.8838682612190425 0.5130291531259344 0.03572668918137023 0.6609762632663982 0.08470529425257123 0.8668839078832064 0.9160652984301033 0.1993391957636853 0.26342907057318365 0.04365811155109178 0.487035246434952 0.1542650792350969 0.7870354943057927 0.8442188137182497 0.953604382077958 0.6688130388206499 0.6249346266927562 0.5150009541218631 0.7894732665075352 0.4307471942552026 0.17170803829129133 0.09496778911917447 0.9097110218362583 0.7345453168392908 0.8224804078092252 0.736259857592713 0.3119353985287735 0.02977266271691048 0.43982474121040904 0.2838123414641751 0.6192398347376246 0.06503154963791513 0.6809768198177875 0.7407607064252193 0.9527248251488483 0.20917125319592123 0.8189974487546748 0.11146885304254317 0.3193992399408233 0.7610859974411799 0.36697141157969626 0.60968576450117
0.953401295473466 0.599866432328325 0.8326043105357105 0.6546899048995364 0.7549685529849606 0.07001982527464623 0.686392150840921 0.9178700513659449 0.7718123542224926 0.7137430306334618 0.408210678114193 0.14351231081700566 0.41108622399830175 0.8804487050304767 0.42029928636275216 0.031037105548962773 0.3054692142963893 0.35101881470712426 0.40369971755025924 0.049032066871711466 0.947745693884885 0.2706627291356636 0.7833124781070506 0.9050195982450843 0.2161499177032854 0.932543941711165 0.26162326014224313 0.009402001519506209 0.25099219372424264 0.25871253214796375 0.7765164395372014 0.12529094544108654 0.07001875222051879 0.5716315788133015 0.5585383512235068 0.6471824358516272 0.5350844046631117 0.20182724827828324 0.8761343512322631 0.3380362640455774 0.750892059237354 0.8893629651555985 0.4032806177256527 0.5792903954848373 0.5886775755919725 0.24351755850498524 0.004833957718203052 0.8061973168024085 0.5110717937499196 0.28273353535496437 0.9043222703387866 0.06122130097580203 0.8463051996542376 0.05310745482840129 0.13175047533170425 0.8458061124440578 0.5658328463510488 0.016474220567931686 0.6009567648159142 0.8861577980635681 0.6066749019553013 0.23533955141916596 0.5106882600897863 0.4739290121995321 0.9361705576356282 0.7932713163898585 0.7323894786335625 0.13252077786625216 0.39548863734039286 0.4019694428994097 0.888054653099726 0.10568456357195755 0.7026858277381219 0.8883110231144535 0.26504704090743514 0.19265937041162629 0.9338552632558551 0.6459467018531596 0.11536825850526855 0.4135025378674373 0.3856375396628422 0.16166259053918175 0.6758741033669283 0.474335461031546 0.025823666760576125 0.9404510284941434 0.4778499101356317 0.5020419184083829 0.051321073476375934 0.509785539856905 0.40609899937401583 0.8333661360082354 0.6304087897310796 0.980267127536971 0.3918199410629347 0.8405438964387956 0.22805443794643265 0.04500979713875253 0.8890173927047894 0.8874805037589484
0.9573809261049359 0.1366956673976597 0.19061715858042416 0.11141048969418488 0.048971991656234115 0.4305487351816857 0.006879951640914261 0.7768539252155319 0.7656658343820844 0.4512925986546462 0.21054879839855345 0.5055855904021769 0.8584139872365814 0.39592775263039304 0.358629962124303 0.9342291738318036 0.5291117216059555 0.11537687075290237 0.4076962681497063 0.8998350125476295 0.08664636852863439 0.8646322581666996 0.2919313578703705 0.5199541954426384 0.4987595427756053 0.8906670203527955 0.14677202581856985 0.8439594720255118 0.06808474560648103 0.7433815482272884 0.5209923953788747 0.5772364800284968 0.299407460090956 0.5611594680821992 0.8945324602342577 0.9907518608819763 0.5541349393543591 0.31642080391599603 0.89241573427011 0.5031270188136107 0.8786417567944778 0.19024064049058675 0.3222488845507807 0.4275542394304296 0.6140064929719703 0.3779263471064537 0.7065204392839043 0.28189519938357865 0.043844737584815 0.6026312688243837 0.6509216268064987 0.950543411132801 0.6023876428924542 0.6394330351674025 0.6631832738232555 0.4898866257279998 0.361993945223098 0.5193977323199767 0.2908977643888261 0.24333073894961987 0.37569585872750544 0.693387970921398 0.3288280317672304 0.7040285423306676 0.34867472456144943 0.7799635820107739 0.03441169419633505 0.3702558321140347 0.4915813489954022 0.5796689738403571 0.4109095787969007 0.5490028348445912 0.6837428700971719 0.19041503900532275 0.01462157892312188 0.8969311638651055 0.07394848479449156 0.23386421535379254 0.6108454856885249 0.1376741001999856 0.7453944631936591 0.9404906977795775 0.22138696438108396 0.958038879117542 0.1184180125903449 0.786282831398172 0.036207306496920943 0.25640204913481424 0.44896629836890967 0.7465241345345545 0.6947362203196007 0.9428617199105126 0.8329803337711496 0.17468114729063566 0.22710163119020033 0.8199657442887179 0.01364808414641494 0.2084042175727835 0.9604390065498496 0.2079740705578872
0.29656393558884 0.3711150470302751 0.7811956712440995 0.6201234480684176 0.6243551524375477 0.6962760308062623 0.3550848702776205 0.8000603446916394 0.12961085069187384 0.8897294795705175 0.004722272401970873 0.8539798470716938 0.3205300963533291 0.6124785100869051 0.9056202913568242 0.9663376027920246 0.9424933244736524 0.7432113730223624 0.4656400817206652 0.6592394715741278 0.3090254336620857 0.40995098133631747 0.6611960361588987 0.9448016122053879 0.3698476657181209 0.31096647838801394 0.13365886259110105 0.05808654486570852 0.9224962081795361 0.19177068870896719 0.45123759453208234 0.19101232357749576 0.06368024568876751 0.12982665757238687 0.5505542940925875 0.24932949460473486 0.8874116318830376 0.37902830400539833 0.2398248490410948 0.4496779256199085 0.6178847468366457 0.9083905880341735 0.16932551450250888 0.9182795535649444 0.19051472638680234 0.697861121719157 0.47050905880338423 0.36876708703589156 0.6598218406928918 0.9741508494372368 0.4678339507598981 0.36315822630075545 0.930644916342084 0.37688615695471495 0.41136527182721305 0.19810276907585556 0.933136940542317 0.9060288387352252 0.6452669506336858 0.5909744633720908 0.0657875312181403 0.9038453153421371 0.3571033949419903 0.6103252121760608 0.6018309713984573 0.5485170679798546 0.5212427847498506 0.3323542418496114 0.06854973559297817 0.5081278177829291 0.45629515495944517 0.9339658332883221 0.45343620582177746 0.2157638264437709 0.6883327440768066 0.42664584695048624 0.748782042277956 0.8775041718122791 0.061956017216928894 0.373201740591648 0.321824698319377 0.08420422719505838 0.31917503790690194 0.320964396263245 0.5442670825027793 0.5023435659136224 0.24986878566274295 0.9900833001981015 0.8163867555966052 0.6961634611958384 0.058424007613556705 0.09136609121004591 0.8325157907586573 0.575408846982974 0.9811103438101226 0.6697325567493279 0.15879336895718932 0.3289161966716081 0.712366922302739 0.525409775240408
0.4296464950039821 0.03675181016813722 0.7387997886709678 0.821140925573228 0.730649908185727 0.1620237935585751 0.8789212300443456 0.11919587275355259 0.0032077673977020105 0.5927246449368916 0.34851193975746675 0.866983240167968 0.41628614798534136 0.4365267552870058 0.9865916422401697 0.6511612869067567 0.0803078797537582 0.45532172325862075 0.5999541304868126 0.31685567032421613 0.8416608504758956 0.5850941585909832 0.24197917821870918 0.850734339344527 0.36901765333825054 0.29733545361196667 0.09171767689487176 0.0697750348209939 0.5096968105089236 0.8344855612852221 0.030630443270683094 0.28649488048840765 0.06837790737972504 0.4791835750699933 0.026216751475784617 0.9025677825443282 0.7985791595632421 0.38801816137001355 0.6667487328903497 0.33129989861584064 0.8410828887213645 0.709554775089371 0.14177628190418345 0.4521391176809131 0.10458082978298511 0.29608097670689737 0.5779539490370885 0.5856025045138068 0.2613677012425438 0.09241900439848716 0.2647757152034087 0.6946379318292037 0.1271702467589132 0.051561855058065986 0.6559185066764636 0.382188586405816 0.15540261157519186 0.5272489925477116 0.9368817877104986 0.4208909537178408 0.07444027116358487 0.7232368335727956 0.7048332957700367 0.8725773139384335 0.013259909803311376 0.1288328865683056 0.8575856682048785 0.37078801462025857 0.7833713838099247 0.6457261224015095 0.8914073989223184 0.6840883153089564 0.09284903342736817 0.5856671237252374 0.4040971513533481 0.15336216069506048 0.5362511407848044 0.3873090787657746 0.21837855567142805 0.5992061543672385 0.2744448233285329 0.6362609169909436 0.6615807039662894 0.37127361725970576 0.4679205663968429 0.7537705539750972 0.054392588963305455 0.3817174793668032 0.4660875352908771 0.607941068970969 0.3238920175515182 0.27846423472462645 0.29991986890680933 0.13023227524060998 0.014078719414258534 0.0008859626838803036 0.7056554860272372 0.7186292634391374 0.9879857036223804 0.9251831983745794
0.7138465068368725 0.06095364244789436 0.40973246848890754 0.3389156375348915 0.8573988180323588 0.5733373910071368 0.9218926766961054 0.9000113374606753 0.18917213763462837 0.8155067759822835 0.8816313477290312 0.7705449099393826 0.8889844091453779 0.26697152532405666 0.7480825651457695 0.954381433819257 0.25075147541230247 0.5109698253741428 0.7193966412994272 0.1933694237806607 0.29865398845323265 0.1219181656167786 0.8934724566113454 0.6478748801020663 0.4527565967274858 0.23103337148072556 0.2154035080291724 0.33198895317996313 0.1625152433562722 0.5336876853478446 0.7041166547324189 0.970021457399767 0.9873230981350386 0.5110649357171009 0.038913522046805205 0.5330542931791866 0.26345879554142626 0.5298627312559211 0.2505710615273641 0.9999088661242141 0.9899928973587441 0.7265633408116756 0.4434017254464415 0.057905475292323594 0.4330008199553541 0.43993942787627227 0.494811270544129 0.7049680377464078 0.23964723097728713 0.12080498863349243 0.5815673186553288 0.7785006824522572 0.1933253763242967 0.7977079618251447 0.6248361223760543 0.8083253485627303 0.29318986039059547 0.7237756941183159 0.7699568769154201 0.824909094937 0.663699476427392 0.7927290511730491 0.6048050244378707 0.6234728313974218 0.46040025845378485 0.7298270642782716 0.7274472747201034 0.7177876406272076 0.6249982336025418 0.01880503465332306 0.556665413564941 0.7622589919424745 0.11517796002262526 0.804307101271434 0.6380987922970214 0.6388214479354916 0.13917609926943975 0.7169720283511019 0.7096133544008416 0.06863027273925104 0.9706566824091001 0.11413736816434727 0.13602094700989054 0.045983389495446 0.607444993800979 0.2903214084343867 0.3107409582606714 0.5980143878064703 0.6412503344889497 0.6064730099170165 0.7894811363790862 0.3620521653157741 0.025989102891362914 0.8999841907743046 0.4015937369001943 0.7757910070737735 0.1135481100173934 0.33514479334922453 0.2798440756500906 0.8553304448955589
0.015536582778665431 0.6188365593487979 0.3266534992282303 0.31710268715269085 0.9564348755879445 0.21835898837783718 0.8055817263273697 0.07089716711589145 0.8536170566388512 0.3455082811037773 0.6823825402314984 0.7536897916824119 0.17713578745809933 0.35585677789650494 0.43013077738616745 0.42306925076425117 0.7105839405162717 0.3881307584721757 0.9168926718283852 0.7594162736525528 0.650989661264044 0.2000024993721926 0.7249766958229961 0.32013677170964927 0.9886442042664758 0.5268430161270239 0.11182893930042559 0.15318691280107766 0.6897423041422025 0.6646242312523715 0.5752644841424746 0.9415824729524054 0.9142400207209819 0.7708007326506983 0.10249318849940259 0.41285737737971384 0.476545549008205 0.08723254575933448 0.33667876485262627 0.8825668049845982 0.0920998113890722 0.146910484525426 0.376838096030773 0.49616536229586206 0.622311672534932 0.2472066302694773 0.29976879860323646 0.7966236555579908 0.7242726973180984 0.5313537010102388 0.09737165883376231 0.7614219913612569 0.6327208098785624 0.07029556429795092 0.5529968683757783 0.8099386846058554 0.020252702229363928 0.9171306459290444 0.5769094630298671 0.6355306618927009 0.4649294885734263 0.4422573535603739 0.9138696799923838 0.3016669306192241 0.6920475910671927 0.771733927199248 0.5970351264134189 0.1616279389091786 0.49359635573551996 0.89687372680221 0.627523948003621 0.28936388937595126 0.4642191406598237 0.9761305216393995 0.6836256384876058 0.8386200483226333 0.6966465639421819 0.806908897466809 0.6575771763358468 0.681487494384258 0.07048463341451439 0.5314346462876365 0.7334862982277002 0.005912747816579245 0.601425074217306 0.2460574631582334 0.5283544412590405 0.49323366012378944 0.8976460433791121 0.7619468435641642 0.3244723365693126 0.5062056636155098 0.9730025642915471 0.8884421741485545 0.18125257045049237 0.2966448205555965 0.04809007662122888 0.25337318446432355 0.27520435550005495 0.9872541227945362
0.08625249498940246 0.2017477239660629 0.6781835539112161 0.10239207211035861 0.19752792385274853 0.5453656991699952 0.07861864599396828 0.5215722607920642 0.1580970446196316 0.5578055953016339 0.39256495481659237 0.5388780172658909 0.3908816363100328 0.7534262718610506 0.4208474338803666 0.4325847915832812 0.7785395401743217 0.6726892139232394 0.19293447642416328 0.8929244893617938 0.4092419693464624 0.5266514589767876 0.2887803438689259 0.5696656561581707 0.24821924126731432 0.5358821809167499 0.264629805386562 0.12633505397914602 0.12613306782499312 0.13779013772188686 0.7045886843121553 0.37298586139015777 0.20049503950220227 0.18207323393222485 0.6162900160886626 0.7407312135256227 0.006155572719808267 0.5924639170100738 0.24150117388415293 0.4758034226516378 0.2814096317643302 0.5394057485231831 0.07898279140182207 0.2755006236807296 0.9808345996307538 0.1754659755299488 0.9594461628144122 0.9952563016603221 0.2443440552971743 0.7092316241507169 0.31872271219015835 0.2928091957264902 0.9401900243267906 0.6735951399725083 0.1925609068352071 0.00902045970052645 0.18058230368130423 0.7579331828141723 0.7403167781106812 0.2848869654940095 0.5724961880919257 0.33679951225103877 0.06466134075672691 0.7082593919623915 0.6892520380830073 0.26443027544787234 0.40096532896283676 0.2056616894126253 0.9197165905919368 0.7633896958182895 0.6880565543923646 0.9177969911645416 0.20154993480627126 0.7545426582957082 0.28684897933680076 0.4163109448915958 0.08389669744090189 0.4599335752603618 0.6992755680334107 0.4485109087604454 0.4296357479157671 0.19886690935557572 0.07393714947074992 0.6922884346352453 0.2544855225576238 0.7941200486204226 0.07655018596718188 0.5758147856760905 0.6003976615649457 0.3874902386435276 0.7263081132424313 0.9561394800410389 0.6537583174916761 0.4864521384562214 0.04663880179999691 0.7492283298387858 0.5020910246888232 0.5307508191013068 0.9752343456655581 0.03623662156759899
0.142637053100499 0.17110373831160253 0.9482316281919467 0.6307166167117684 0.6090975233182244 0.551485915557071 0.6367670287322115 0.5956188616821819 0.5958627721742851 0.41984968231542874 0.9264184229855097 0.9942296764928241 0.32492111787364053 0.636322921315847 0.7067712055953072 0.4948051291172758 0.6984236932905721 0.5362013953334797 0.32224388577492546 0.7920749548601425 0.1535498138813246 0.026701657646517774 0.5075585000519999 0.3082788601614449 0.15619350740443705 0.11181720920633964 0.023159084677756847 0.40117086434684746 0.9311227191949353 0.976624981797446 0.03255955604209704 0.41859282298335454 0.4269313961684079 0.4099010545320457 0.825198237299742 0.1642838384389218 0.9953607744709833 0.6605269885646003 0.022172184015465612 0.0910404972260016 0.9348388216833512 0.2107753900426358 0.3031494514245997 0.7440647713905156 0.5037314575094414 0.9685017096867738 0.722147163954875 0.9617830936945847 0.47539898110963064 0.4806793285732712 0.03470618408682602 0.4575531327089115 0.05642323178272368 0.5400817860953371 0.4131926588477729 0.671494815323525 0.6379894525628196 0.3681817903242244 0.14005367278079983 0.5420801622261114 0.5062881876365839 0.8746735500605023 0.8021640096985007 0.24906938869974604 0.3480555128381182 0.39743039469005925 0.6350280150905927 0.07073590618622339 0.6548421139203527 0.28296665721208625 0.14792540273441013 0.38076598298334585 0.9387448308493296 0.8132930751052765 0.4787654222817441 0.17201640896832682 0.2033197373431983 0.9924647163044211 0.6134119785163366 0.831806194906007 0.5154191728975452 0.6819911779618059 0.4971884595268754 0.6283500819892504 0.7564384172284159 0.14533926863820035 0.6713129299155548 0.21700528684106146 0.840278638214888 0.46781056888889083 0.2668054197748895 0.4966309355336097 0.36888765741153906 0.658860583258662 0.14336305239176594 0.7708564471104378 0.503155389339945 0.4571131052932944 0.6965517720795789 0.35322675000424175
0.45905975174249536 0.22421162226844282 0.898279630512799 0.7357579365833226 0.011582801892726535 0.830833887618117 0.604708446202859 0.8971828644496175 0.4592486379710682 0.5987726756714764 0.028046743503833294 0.6152876398490562 0.010144580138406467 0.7001453611968325 0.2706955164605178 0.3330728345169526 0.06333069336724895 0.6248430120628136 0.15743280110477298 0.5717877219035719 0.17674244412826445 0.4330070401881506 0.5938214513134422 0.33395023846122573 0.8978334640533768 0.8639524769148353 0.437351239469015 0.42923076618661493 0.7335330120611482 0.4760322463014698 0.5147975812569657 0.9364402690277657 0.39681224882652844 0.49392747757427646 0.6776599219334193 0.722925620942463 0.9938623554594231 0.2535746743481764 0.9913536299714801 0.31080373379293336 0.9758166040230254 0.5910994004544412 0.9760960365026673 0.1940405134011962 0.7261489777980822 0.6247490838452331 0.3583403101636491 0.03440164887830088 0.00863269697433644 0.702863830508222 0.5366624804954702 0.37254703183538995 0.21144656143191698 0.41674825415869465 0.7450426662011141 0.9009921428726003 0.6942294317152139 0.9849126622550141 0.8772832326079436 0.2962717709816376 0.7507376106578632 0.8814839299832639 0.04719110180960995 0.2979136807223308 0.7989296203772791 0.5539369869980498 0.3214915671651807 0.8824444438264054 0.07124773997208356 0.8713764214281345 0.891706628816974 0.06278699510844576 0.3533016093052068 0.5497855910624856 0.910174217290015 0.09752151232511153 0.3242409486084966 0.025914290676595453 0.5076536579285926 0.7041492144317499 0.4947492833070771 0.8697747867132654 0.3422880517080892 0.300757994154485 0.3181503595784293 0.7635071542723963 0.5046797871699523 0.06502952264266582 0.21708468095686562 0.7636763224963575 0.27339182039036414 0.27768703682753226 0.6506714010405306 0.13803186117030442 0.9888231313630099 0.5556641262528618 0.45585475685112997 0.2266914864022136 0.17042366252765861 0.7182882601948697
0.2252733333513175 0.13993389854430238 0.9344097448633577 0.8575919509512719 0.10058875846259652 0.5275721837809911 0.2922307132266424 0.16394610836886425 0.24014069956498707 0.4672628394477589 0.9828417904317392 0.5934176979337705 0.19348042428460932 0.6119707029926842 0.005001273462946099 0.7710121866733856 0.6434750319884586 0.05615130830559101 0.434731569709793 0.7299244688451323 0.9442747609170502 0.8865101143873318 0.9727050348924261 0.6710755839413127 0.6598799299199064 0.4169348092619053 0.35170017443795043 0.7413645959058947 0.17176760168600413 0.7062680574609739 0.8029413161858602 0.3110465786099458 0.9845446021820218 0.8035620623550241 0.7549060895388462 0.7559668527064558 0.19619495085505045 0.021212061011549155 0.6653274654173041 0.022966270972566427 0.23687922680383144 0.20530668400677343 0.9274851490721793 0.32148138964214434 0.8722421628020156 0.6209024505691668 0.1569437314211245 0.47847342627870504 0.928726812308067 0.9619891734044455 0.04698539400768553 0.7900991160090198 0.5632451872321308 0.14376241196723427 0.813887647242401 0.5336274277896979 0.2883568159209733 0.26281023951903615 0.5335378220804537 0.7805819008930375 0.0007112677082952157 0.8520756850830806 0.837264112679287 0.09077982563407716 0.902711696008339 0.12932247689842824 0.32116651268650653 0.6499051796041839 0.47620197074260384 0.30835411068097585 0.05699371077368942 0.9171790576919825 0.5389840289392461 0.21850003743205038 0.2745925508253947 0.19996915815498495 0.04075262684481529 0.12187643364344147 0.32707179572699485 0.963851622474485 0.38464518460826225 0.8297920751493614 0.8733896285991816 0.07225896850050717 0.15584475268093823 0.7377669500190098 0.7838103151710897 0.10317485095583201 0.6519015143600929 0.1824282745808593 0.4594222794794913 0.46499896398959706 0.6500755616548064 0.28348286836243686 0.829328391489254 0.20186435657218738 0.601504601585446 0.567118583609899 0.6733130582669223 0.2532018037404645
0.9348460969485162 0.008238935252220525 0.48505309852032263 0.918844506748428 0.021353664027293773 0.11015601071966996 0.30040544488286647 0.9590782093167415 0.915858742580172 0.754816154186992 0.9916360898631132 0.5591486254190013 0.427837021756985 0.6189731279705352 0.89182042856315 0.7380254315041116 0.5701702051238307 0.5384227869446838 0.7452249954843886 0.95627838284739 0.8466694215912898 0.3759775811382554 0.48039669441923183 0.49086776703301427 0.44892858103928723 0.9592240167639263 0.13329709859287853 0.44109916809116057 0.5938736211169214 0.7258793813120114 0.48684772714211066 0.305160195366329 0.09371510455599963 0.23708293101487055 0.7115407610019508 0.2599458463982477 0.3713194771634474 0.17743335032317853 0.8184300951273714 0.8265264175489321 0.8658488306073234 0.386475428730481 0.7088406013229547 0.8008636547079666 0.658469642183256 0.9867982343817684 0.2742475765461575 0.6191972166662013 0.25221039521992417 0.33903716190259203 0.5642922131442594 0.7628985559726137 0.3727555646985111 0.7329790052260415 0.2686364396239095 0.6290025402922352 0.5104614778082471 0.30025803624969394 0.9286846449886883 0.8870012145226585 0.7769111902684889 0.7894486364098167 0.6714207947788786 0.6596148902353381 0.5271528665863031 0.8222796383767423 0.2836794926914322 0.37047907361287724 0.6471356536076636 0.36365053070786035 0.5120533004460176 0.9478356821711927 0.5901874775924695 0.7056871526599037 0.9060595198910011 0.9488580045489508 0.4577477063561154 0.6253798279839937 0.6261304652473534 0.08462264545378373 0.7251115628241996 0.12435228555418465 0.14765256528241877 0.6595580096534625 0.9371705716063464 0.781289578790479 0.33856596344078793 0.8317709288797895 0.9531178800891004 0.13891647348753655 0.5409411072769778 0.5124750188615836 0.36250556498706876 0.7032747750935976 0.23174762535801308 0.965635388721756 0.5289816446676658 0.8822017965493408 0.7681314071376137 0.6177454242475642
0.7428079485487219 0.5719243690218553 0.5364713991032826 0.12548521048952888 0.38300832809207663 0.9478341410671711 0.4014067009782408 0.8244891095882398 0.9219233348845982 0.6369348023236121 0.24455110596093788 0.574800434000393 0.8463032824340808 0.12967775054299646 0.21241891135190316 0.9492055559501875 0.4819640880211563 0.25055984187084734 0.7887858130308693 0.6331922968471194 0.4088071841470726 0.7601725783324403 0.5972442310395809 0.3071479125757268 0.27242127394485993 0.5391485916183674 0.7154775708100584 0.982690687216601 0.7002429039649244 0.7468775908262577 0.2762348914595023 0.8691554881928402 0.9376101938426035 0.9144477345014381 0.5874488097568793 0.2813555830361265 0.31685754667289123 0.9288569723914296 0.6878342511325213 0.24485199828748283 0.32863279883018126 0.35556892331464607 0.8596459706351348 0.9823727022551199 0.2757146718033977 0.10380327190053196 0.3214283491111052 0.8882604903134911 0.058227326727289364 0.670475557513071 0.39519879548547265 0.10182807025075957 0.2738154691115193 0.154089647049094 0.9881734638688345 0.1617666118392237 0.12613733740568556 0.039628013583928534 0.6785553271824873 0.6931025186303198 0.12198629920399062 0.8690891297627884 0.07643541603479742 0.40925158739102385 0.41162553952389835 0.9846101157080226 0.10068108079233562 0.07949424912709246 0.9175977703960722 0.8285227213439915 0.07916632428157822 0.7624164692093615 0.3189337847999323 0.40359026173406254 0.7692246817289372 0.052033160286079294 0.48232609047678343 0.8303612010118653 0.3149263445902203 0.7625712719976153 0.3852391005370377 0.5090503759082162 0.1903294857493738 0.4052642183154661 0.8448044109723213 0.5938440767312522 0.3426980299064776 0.5662066379452575 0.505843036993642 0.7427397725664926 0.38881058004020175 0.09944766927186177 0.3156390586569665 0.9753624365031901 0.060351104740411055 0.5820685276230552 0.4583242029941307 0.8005222519914897 0.12422545715167588 0.7477688002933838
0.7834871476559301 0.713275644054069 0.46296799968559854 0.6188921512203233 0.12088461341459478 0.5309353717944025 0.5480717904604063 0.7108625280688391 0.13719687163641614 0.9729837832160295 0.9390497152328153 0.33347302112165844 0.8873579265419348 0.5300822620926857 0.743326787314393 0.06021969400064997 0.3768157792028386 0.8637452252103539 0.5265420470350113 0.9561026758985645 0.8105267461496851 0.31499897961058865 0.029576000902419297 0.628488431315298 0.9990700100391336 0.9021026939123923 0.33591878085010174 0.6888776446704297 0.9800849326108416 0.8435097378473462 0.2303038030794884 0.1309303406712189 0.3385220320265364 0.6461891786383129 0.16938341912880728 0.1755022688486202 0.9613388289319071 0.1740092487508128 0.4537936381825167 0.8400993865088777 0.6530889439090393 0.6679764635505139 0.275571950495767 0.8558233099015253 0.057580207403306605 0.252293290023893 0.5285187393893634 0.10942438113834252 0.26130182426768367 0.9189224781658941 0.3956878340240447 0.6922125801103312 0.9593273443015846 0.21733830531670217 0.568597593191981 0.4375957612605479 0.7316723211203124 0.6188534083601405 0.07553531927445845 0.9214610093324338 0.9167815323391809 0.6532602170839311 0.3039474500246542 0.2818725167453614 0.05047756143217452 0.07391786365595665 0.8677739823537384 0.2536021079171029 0.2851149850472946 0.5536048940893024 0.04388460407619632 0.6380917277372193 0.07464907916634655 0.5746652565640514 0.10695173337858643 0.9939760525368632 0.6550847330006873 0.525009899882065 0.9001169801313726 0.3781295271322108 0.3526353428884812 0.6689554961611575 0.31993413343476074 0.7716071067704616 0.4019760249285481 0.13549154293878296 0.11208202824610813 0.4402535416214921 0.42903260315170477 0.08705336476564673 0.8232093273309872 0.20184937076165654 0.6864320605859644 0.5617420146847114 0.09875537438224569 0.06107225036952635 0.2007258439581755 0.26360272448336286 0.2732001190990846 0.5953453723867742
0.9699133642645544 0.7746154478850369 0.4250071535583988 0.3225522455279517 0.10042849920635177 0.8640428509897029 0.26164086266797937 0.5397426315242667 0.6886818840578208 0.7574239112890303 0.9267572780272244 0.7320026761124593 0.8779942039096807 0.2731949139671477 0.7766579786851406 0.08454588467242019 0.06187945718270782 0.9817349164253373 0.9590153012831123 0.16998589207118542 0.8440364966790602 0.8191508902668677 0.8298874910519204 0.07257881105081954 0.523081784717542 0.43573653703037474 0.14428501515402725 0.2920401339344145 0.3535096809024466 0.08540105460623382 0.6598378192047308 0.5617974173767908 0.11690717030837938 0.8957529365797766 0.6838738961197669 0.9117610688270725 0.040203600081302304 0.8678843689358421 0.00975150296242866 0.7494111178058109 0.014950325215212223 0.6450430188475681 0.8652441647099834 0.5956355908698777 0.7234402333190403 0.7610443910875387 0.019033180158091967 0.65339548856209 0.04106644808534754 0.40986876282070417 0.8461507958693874 0.5055008532951105 0.09602029937962675 0.13382117481687295 0.8891249660288817 0.3102140515052427 0.31161838965347055 0.22331270039687057 0.34952118010828137 0.673523586320774 0.018341635753436836 0.6906323508258231 0.5266159503026354 0.3750070413603971 0.9557969149020408 0.09397934757030335 0.5865157349752373 0.6804363223493128 0.28602424695971107 0.05670315307208251 0.5808301688699269 0.20948972516103082 0.4394221190379457 0.6623991652479316 0.034685969446871634 0.7654570839853165 0.19519932956381747 0.07313928659179914 0.9006859587049487 0.6191175900672393 0.689872812502793 0.8968371779141586 0.3221390878957382 0.2821355877623294 0.14937026398856756 0.15239834641165395 0.5715923385919482 0.861607506313583 0.8024500165949623 0.852941984968247 0.5692849421845169 0.12612370062596978 0.8594210249332511 0.8564000197789333 0.8451064354388008 0.4929454514774414 0.19128933119592717 0.36291865343895313 0.7218806761403155 0.9510026403580288
0.8161475718124142 0.05404632982059632 0.6586181542039604 0.33262269952288204 0.8320903811010152 0.6875003153894238 0.29227845145403797 0.8783686069393329 0.4454906560328723 0.8429084756793841 0.982695108335366 0.3628234973042276 0.8228823841601832 0.9928354561015121 0.17918027596748032 0.14292620275242585 0.10576775405018035 0.1035248482071961 0.5536031355906433 0.684427890565166 0.7692926388090523 0.7766199491433436 0.15850125084546995 0.3345616868276158 0.7119694489076113 0.7170395022762557 0.8994547569675122 0.5787827717363582 0.048938486112380164 0.6466750310487503 0.766160114237426 0.26561137507529264 0.99658066713734 0.41458921151538786 0.9321950836014138 0.4539518258046127 0.5493522532808931 0.5777676859612897 0.04012223331356579 0.44937271098666665 0.4496290600441095 0.09334497093672223 0.37786686260702784 0.054626542952454504 0.5086907934079645 0.23662907479070183 0.25448468483877207 0.3671919351061228 0.9620913255318299 0.7695996054255323 0.23988290364984866 0.7890305384489332 0.7554357434911362 0.6656011274288268 0.595610862039012 0.8252353059238392 0.38786995099866106 0.7199451885981104 0.5319588348317406 0.4868210569693445 0.5309019041504444 0.017429203357594347 0.4402853969499033 0.5899249355802322 0.7271138835624658 0.8382905538359555 0.6510494649631651 0.24305043032673046 0.2581156442152154 0.7239701599589597 0.46787075087658525 0.2765486688153439 0.4290948556591574 0.3611112360380002 0.5272464199379145 0.394365770219833 0.7275700625450839 0.6404303840323416 0.26277073775435833 0.9769082880927381 0.6336485892933953 0.4176806831963291 0.27110340857696147 0.8879415307866848 0.2788384742869522 0.598221321752864 0.10372865837712386 0.89770213449836 0.11576643666345121 0.5372488793935262 0.20186866757338107 0.416043510966263 0.9299635039105693 0.40047385966157234 0.2278808105367499 0.7401780511891989 0.6300756890320565 0.3798347855404206 0.4379507735577054 0.7916354995177111
0.9869056047054212 0.8791524899388203 0.7689306526705872 0.7783781658965158 0.3657043816427775 0.5933344441425209 0.3980256916003211 0.17011332069626672 0.6556647610334063 0.7487975381362934 0.01974550915219897 0.7242339342555156 0.5960993493417522 0.0002349605447203862 0.43312716460625333 0.6095914489077087 0.515568395981124 0.9047960830317225 0.7037972929165589 0.5301814853903659 0.41342480403046544 0.5739414027971055 0.2258840484015111 0.6740228742383525 0.09404495449362038 0.020746878678014058 0.5969064995869873 0.0475695589174332 0.5398610100923648 0.029116681718521553 0.28694663411817845 0.5976581911896666 0.5124665373357247 0.5278912227215616 0.39010180756608726 0.9343045009305647 0.6810115132061823 0.10936636336486427 0.8148503134703179 0.15081283771259602 0.8275381545521472 0.8381347343377648 0.0740030586707836 0.07111677025391028 0.1577233354234545 0.4356953310487549 0.7479395314495041 0.22775349475313023 0.8694932390321255 0.9638565687845809 0.2008412347813009 0.076637255474174 0.14853338999453125 0.10445776012958108 0.24194071229316116 0.382245731403136 0.39583275760272574 0.41271064967177473 0.9842438338318603 0.37912774425365814 0.1579544142263083 0.9792080960558083 0.8576345664796923 0.3470880149384675 0.043741406856784404 0.5289002888091412 0.03692123782982004 0.9593917508078276 0.7120752309512995 0.729926649535242 0.9990895916995628 0.9406877930646543 0.37038466612928367 0.7832823682974247 0.013700909534724692 0.8845881586862544 0.8238328234289017 0.3966044504048787 0.5705252571779406 0.3006697413335623 0.7255676090240658 0.4235071164331139 0.9116327066035183 0.4141510640707847 0.6817530742100859 0.3626344208786889 0.1278481918926906 0.9645881062381207 0.3086418601650458 0.6846910397682578 0.267389557452974 0.8865822976620482 0.6661788783024942 0.030491859728012605 0.4308690350354626 0.7051120651567226 0.2873554621835439 0.7827447017832835 0.6699968138737161 0.7558463493342032
0.518718567629274 0.7122646594094613 0.16386357421229203 0.10524783796939152 0.9098236693331544 0.6183485148208051 0.19888294344832502 0.1751248380847088 0.4556333071540545 0.659254869022591 0.15762995969439342 0.5083213869043465 0.4933810319726859 0.06495580854879102 0.1133829813185977 0.7948126431896894 0.08369126652769798 0.9573603610169806 0.1749785609742378 0.7014630964971839 0.5974872749063599 0.7437963220927165 0.805132238013216 0.19244172117622793 0.5285714145319326 0.6406592316630959 0.6904598316712339 0.7333233658906789 0.4629003727315758 0.6367208955999591 0.3261425353951336 0.8551911816525379 0.06348975320777672 0.3482882905372974 0.5652932523276386 0.1139263342079645 0.6260262337732803 0.21878184029345416 0.7569537024495557 0.29178441294051016 0.591600584435111 0.8289589750620155 0.5874448143947889 0.34704394878100375 0.3926855915970654 0.4157037290504757 0.5363124880393906 0.36846244874868395 0.02361823040720812 0.1278712950402061 0.1425355561282724 0.6810376855648785 0.05290990823107078 0.20153568735857463 0.02303864165672087 0.4485370036024785 0.5823697862230804 0.5686978006261931 0.40456608610506517 0.8306129636815418 0.004124898194992732 0.020795727110065276 0.1259335075226624 0.0912091472721841 0.12116995722764556 0.06321725454394178 0.01422220382654693 0.003490389511190961 0.0456326296135916 0.6513339666967941 0.13782058222977145 0.0602236210201732 0.4330286640726032 0.06272117710076675 0.821627623136287 0.34003108088964695 0.17192820774563455 0.5290849823647205 0.07997630019241353 0.9271432054579325 0.2556316114837892 0.9500030269938466 0.239838781010975 0.6702536291967541 0.26609296151664075 0.20517459681070238 0.7154503134310898 0.9905965762614136 0.9067793126154651 0.059746799429118536 0.9882534363259574 0.9309128326855791 0.8357955143571716 0.2948595451048692 0.7811156472540222 0.4796517202931092 0.23548958059088532 0.1012053132120303 0.6759882918298354 0.6808194521680755
0.09482422626062625 0.39944365039044394 0.7915949779891244 0.23187731775969156 0.6380848598155786 0.021764182290716083 0.4341268357701418 0.9645427036201979 0.9462131748758309 0.38778463947921427 0.8831417505990038 0.18320967703589763 0.67850224685439 0.776692378839627 0.2671144435987407 0.8477701971281035 0.7126326812995083 0.7167927918100697 0.9624646668730921 0.930443296587797 0.9180174469812886 0.36409646645033766 0.4614339336449853 0.9117030467755232 0.5248082281831496 0.9554356411993096 0.30809948191579106 0.19535899537975365 0.495545221617559 0.7488223446010488 0.3183870281334996 0.0048113186502285465 0.9807094843136835 0.13846960839842604 0.5922118898564185 0.2993524572003736 0.9845085280289244 0.8590610846594868 0.12761035973056767 0.7935028528361918 0.32622613383997145 0.8022595667044022 0.1620850309726728 0.488255779220494 0.004633431135211641 0.9192002641053219 0.8142431996336174 0.5929496699296837 0.4679430389442861 0.253879501223376 0.019191777391217357 0.5824681297199953 0.2581244754556522 0.7581368366417484 0.2886454833240397 0.11966182024166161 0.4764210230553143 0.7327301968202614 0.4350683365856761 0.6142958617085911 0.9956832949096682 0.8583359264896915 0.18587205400540097 0.6093729581380026 0.7803223792680315 0.6025924087684082 0.3931970634100316 0.7733883697836827 0.02793355022890187 0.2935656162899474 0.4445719394739953 0.7491886767568074 0.8273482404837462 0.6188058265167172 0.31201288045543196 0.30947155302375695 0.15341070495499087 0.041747470999744296 0.45618086707274885 0.1511407837178531 0.9668927661024482 0.41595331643054234 0.44681604135180963 0.6536166554786232 0.09427308397076051 0.8089894271944363 0.3220578333156032 0.9655086231807687 0.48485273634777903 0.9982563421045124 0.28844433111090384 0.5357817534749479 0.1736788859514673 0.49210564108281873 0.8957646439613719 0.7037877422581 0.3391456039709335 0.8798286540193772 0.5591160800519102 0.39038443506288
0.27083115257371826 0.5595295831723569 0.6240565851303208 0.552410065411591 0.2401979472700123 0.6081298002609417 0.4437435785150926 0.5249186974578156 0.06872395290442157 0.3908759473138046 0.06475649120815596 0.9471578428649724 0.03324663035408226 0.33309484998599115 0.31992106977312473 0.12215567797186055 0.00938421465031769 0.7133524813375712 0.13570271291866687 0.11555758502980973 0.9349199110019534 0.15405646176877008 0.33834413491800264 0.9669485405255438 0.3205002095081666 0.6413305429385768 0.33776070568335403 0.29145166175084447 0.6158207244734746 0.8776069907170047 0.13356469609876132 0.9129631671765551 0.42234302951484826 0.6670635471196478 0.2096321236478076 0.41027499180414284 0.9446202515913736 0.2654431102501885 0.3247262385637024 0.7677111450860251 0.4570807351525795 0.3918972434783974 0.5420623937716089 0.6176659260780673 0.4037139877314466 0.6695375331586353 0.6785075371722641 0.9093925437230674 0.5985982477482573 0.151942977148528 0.8439627271000459 0.4533221384789543 0.7400808562644087 0.25628718657174854 0.4815110040217303 0.37662819848468343 0.802380827490524 0.8141638839450769 0.7221662627097124 0.6488256343400837 0.6674596817329042 0.6929272052912138 0.6685760427412104 0.11339744856281375 0.6308758944972604 0.28221377562938876 0.8684390532607424 0.45248629069545443 0.8614692448639769 0.7125560290935125 0.20469689737030194 0.3562873474356979 0.27941806738379127 0.11064280708435692 0.01462083034388495 0.011555091259683237 0.234755348172896 0.038617345590023056 0.7674711893807272 0.019769972799864255 0.4365318338007633 0.11256072264490735 0.548745438403715 0.6761495065251977 0.757522511777688 0.4628458801121955 0.5766664397556112 0.23559627140675665 0.08877217078158661 0.9121973740219937 0.938729551014187 0.7929804385400891 0.6559397630116073 0.11942418942284194 0.4093249429295762 0.14883068473687233 0.8659528923409495 0.8694844780603641 0.04085652193642264 0.4883695029884627
0.5220342499097066 0.20562816725065347 0.22909971451471745 0.5629049172398565 0.6826000874790804 0.09876650735133696 0.6576313921824819 0.9934477533308765 0.7539140784015502 0.7227466096095174 0.7147783502981204 0.22392167400224938 0.1800624464768551 0.748339950950769 0.9063640015878178 0.22797012712497278 0.986338254263411 0.5383794345197642 0.8975193648992479 0.5201392063176725 0.24360468243342492 0.45201941355748143 0.47615221622349957 0.4188922477847751 0.5697469326985186 0.21499604344216428 0.15468154875926798 0.9175336732703664 0.8083676655824525 0.1773901872256206 0.6571177114602166 0.20996812883728277 0.41847554385224917 0.9000343712673007 0.8903983105249287 0.03689904110683295 0.5976447018626423 0.46993067473997385 0.5543648415090706 0.6145830497124266 0.6402090416965064 0.18987784926958262 0.9349086765298894 0.8734572435474368 0.04259684615091763 0.316479768872995 0.26917051008580395 0.15878921184393846 0.31780992856035306 0.8093229665650999 0.5642525149631729 0.028203294366821008 0.2867718186847569 0.35795273511850245 0.5695436308387551 0.09300917594912916 0.9022104553073602 0.8812316011061414 0.09198865568834647 0.21141149128243675 0.39352903350163937 0.10693505633765088 0.22741884712538063 0.44755659197943354 0.9114079262917064 0.27611814892456643 0.6434436148779571 0.6894442955814767 0.7305617807163387 0.12390135144420755 0.24954795979039224 0.30118382471218874 0.370698586040894 0.3659442888361284 0.7516578677928153 0.9739165559886962 0.500622494968366 0.5405440695283272 0.20243616253514307 0.37539546522152334 0.26381234350034233 0.16508427056071373 0.7312091391416108 0.3903144007369328 0.7102886561577271 0.31066358224390844 0.5177440958517019 0.577641218755499 0.12554708662089187 0.4528491264577894 0.9835439074728661 0.8356514003893998 0.49320305354381855 0.45086764044292615 0.4291102556960147 0.5967884556448659 0.10183188557816414 0.07875701938489399 0.3535928730545287 0.5212966804913055
0.14924984014252363 0.1669787425307645 0.7623091699172011 0.026783055733291206 0.5020450703281236 0.22202556514126937 0.5803351228574363 0.08479651400013466 0.9289051136609231 0.6465196564372633 0.5126799907087324 0.2247811135006912 0.973455604149692 0.683154185361704 0.20749076617468498 0.12443316993868159 0.7640401226103843 0.4183089754837672 0.7758801731910223 0.2315889229535083 0.805917523637587 0.407610019027715 0.408327185108754 0.7669029829056659 0.4382734660875325 0.8626746485513155 0.37840429886705684 0.5566541136447888 0.28341247989676965 0.9904639804654516 0.509441487593399 0.43360430119625404 0.97119201729135 0.5035170794109171 0.13627492364728566 0.7281621723902585 0.059329719090842614 0.2706990009855015 0.3094747589246384 0.45397004020344245 0.6794506001444333 0.5550924239707195 0.9625398620848804 0.06259947486526429 0.7417597048419093 0.6733131129919906 0.252083411909212 0.7181935132863221 0.6290547059542435 0.4721198893270703 0.38190968195270203 0.2830027531153736 0.12015968059864635 0.31774341134334494 0.21909075061154104 0.14030038504902187 0.939917870171241 0.438053561800006 0.7542341003360923 0.02013376734910799 0.772385836100713 0.3494129448855229 0.4621164545793025 0.4374156352950015 0.18167604511969593 0.9598549105828488 0.7221023912941626 0.85779180587419 0.9453620261954542 0.9752529531620026 0.4216979075771652 0.23902733089707562 0.031145861688105625 0.23243974642330734 0.2851861104107274 0.5753355088647388 0.8683954220398121 0.6298193949097715 0.9877302550701039 0.7761251104219451 0.8789359699430422 0.7629948735770822 0.9971751531635211 0.6700326078906744 0.9257600422643302 0.07069665928225632 0.10352511601985692 0.9924107197273205 0.5768355169300986 0.44841587737022626 0.12716594459827324 0.7884698532291484 0.6943321664454155 0.06476969746050476 0.22815008096639056 0.3495222672519226 0.2465176385198693 0.44798232423331696 0.04169341314808339 0.1956665416678628
0.1932996616125181 0.8027676593686104 0.05216540327405772 0.23100037255474304 0.9493930559870817 0.531965895045053 0.9524668565443343 0.06628414588701248 0.8582611055775705 0.02848152263942516 0.0057596367705671225 0.1078475703346683 0.8571041731692844 0.17841304470440522 0.9132042561340066 0.5039443468931267 0.2756076075598918 0.7549414746880326 0.3326981151864975 0.9379584483977877 0.4336385047056781 0.4604864377355228 0.8711094186902041 0.35880738360697517 0.3173245738965994 0.47098026986956143 0.6021997448705934 0.044823810966061695 0.9838034564771363 0.6179454239119353 0.4314087921922526 0.1292605500571603 0.22064669157803507 0.42171672873199384 0.9494638660679152 0.6515445978551125 0.8778647252481954 0.8297720172257035 0.5226337965311563 0.36123404093154166 0.8327691360370439 0.7671604685036385 0.9538020779712962 0.2849859550199332 0.39609356866273293 0.8076773027275953 0.9534476934019999 0.03444229075911465 0.19666535879241664 0.22142244942580125 0.10880987859138413 0.9539060866726147 0.20091445002384378 0.8486603971378206 0.5232832917850685 0.5127140477747387 0.6953123515661886 0.44898610598289057 0.8615096511431659 0.32394048189400393 0.7195915155375617 0.2231578621028335 0.4885108550565327 0.18760242970195695 0.2674602869568218 0.12839227534388853 0.797630300101645 0.5784461166186449 0.6249479746354176 0.9500774760466504 0.8250610401953569 0.960206514406148 0.2427758244421082 0.8745153117663669 0.05537031468826392 0.054515404847224946 0.2796611725128212 0.7565791856672446 0.14369523742620738 0.8389446065898697 0.8022147126837038 0.29986806686032497 0.14527249350322746 0.98228059717525 0.745483284387297 0.09245184215760105 0.2379523858062852 0.8420869302127273 0.07844203032379271 0.7682819187956169 0.5637060283426291 0.7636668160061788 0.6822168350791444 0.5117213665852224 0.26083587626656746 0.5276098824521503 0.9251099649151371 0.38997744750101737 0.7339420210133965 0.36973162399002546
0.14854408000673436 0.4663415943544992 0.35399751042429994 0.17447285711024463 0.5283310925392972 0.3607519757015404 0.7323219220108887 0.15680235701668122 0.8487304423481032 0.8857339185806425 0.8147205069096015 0.6660790575371472 0.7899000369085822 0.8780633640345152 0.43173927522683253 0.44474402733706064 0.6299250599599698 0.014789380181509437 0.03196207673846341 0.4647980684309043 0.04192248238981733 0.8736600859451319 0.33619827649908274 0.661105633212703 0.12966726429475106 0.03459108118367149 0.22035064655169168 0.505379514457373 0.9217137590583111 0.3147605874426367 0.40340027925536426 0.6375711614112614 0.5405377950963222 0.9286891547531436 0.3712611335728999 0.34665729139179946 0.8607740269741053 0.9064683537632473 0.21676157633586235 0.5674138797425077 0.8391009712964812 0.22538443070748015 0.18212981865484312 0.23112810331005373 0.07273196175613383 0.6480753748924339 0.9182615644275608 0.9364064364610432 0.31440976376254937 0.3178954950877467 0.26139655201085554 0.5389323553807479 0.8546782165639499 0.9321476134434996 0.05143350063935803 0.3801440368560802 0.40820886632068276 0.8849773339793808 0.8327950098433667 0.30106208566307435 0.8305263746738877 0.47259254393703753 0.714612065331772 0.6945503962167812 0.7903366547232864 0.024491602701463444 0.23845311271844516 0.22094493709635143 0.8122398793547171 0.5718297080343908 0.746979113160114 0.3163754300979639 0.5922338181734297 0.3348708054255216 0.8109792796368365 0.23039231010674355 0.8448911973807268 0.3630436146964223 0.8997649271411344 0.2941862632350646 0.0041983074663627384 0.5538575205784079 0.9755186561424408 0.8048130747027177 0.5045624467797041 0.9241624532201942 0.8069239800164 0.364769206293695 0.7687890859976731 0.15577041623978527 0.9134633127467764 0.2325780412072247 0.6653730985839702 0.21564156724342454 0.7086193107381271 0.45406646515986315 0.1889588490736407 0.779050513033302 0.262434062762817 0.044748627904780736
0.5145724027258354 0.18843337130296145 0.30628739516634806 0.28440215020803983 0.9557922646366769 0.501906721003922 0.12385057268288124 0.10034826871362224 0.90340788096742 0.641661050407905 0.7962705417262799 0.9687952495283326 0.34640124762823465 0.5219941145254641 0.20529319603217044 0.0006658491972373337 0.3258756644172286 0.2076221854469994 0.9431596927706314 0.6320431102874682 0.1904124482854298 0.5738716829143851 0.9078361173143893 0.7347524916371256 0.9413560446074888 0.535696094178781 0.00989856132777811 0.21161265065547463 0.33394736207064635 0.1537629750665831 0.17769635565513464 0.4106906339890901 0.0516110400803893 0.7821103267389176 0.41493344900671525 0.37423487415408496 0.4125417782476327 0.08246678928565487 0.9538472061772224 0.49054375758940005 0.1982742130900934 0.8451504369627048 0.937855643722571 0.9894265986531702 0.5695538783175029 0.6760051492233925 0.31180044775441984 0.2626237711235787 0.5621834940615171 0.34481909633814056 0.14090899194204431 0.7594300575011165 0.051777584553455824 0.949031307444077 0.5020546397338886 0.7058356927521601 0.6574527709076506 0.5898647685476953 0.12260053187872133 0.4731664106676632 0.7633143534540711 0.5298778429390665 0.9596402141590891 0.3891557984386752 0.5559549775005251 0.029086751445763337 0.2326136921953017 0.35460693953561995 0.030760146124575338 0.9310571393523585 0.16594955683828794 0.5901156333315865 0.955832243051782 0.14202847015749054 0.33890922428786996 0.9675531010968121 0.9234062082282123 0.6505452134646177 0.0024190675524029537 0.1395123560301086 0.12493405390163659 0.5583654098817105 0.9900008186692897 0.6963909268540598 0.2270621835551948 0.5216886868236789 0.3150969563339018 0.11414808998131865 0.8191704524464432 0.29625252998040197 0.8863065494633516 0.7370197017039734 0.48641689402900246 0.6488215787056526 0.8068981775445053 0.7545184974507617 0.29362418480647623 0.8138763120065382 0.1535648221335595 0.24852649280760608
0.31980097673533137 0.9119189018761369 0.16123140219296173 0.8942436553126567 0.1292901327750814 0.14872922236335284 0.32847936268789346 0.9526776909200317 0.8289059325320626 0.44184930131845934 0.7621538023521641 0.22432128347632907 0.8192772029773314 0.7595674933371628 0.2728892544657706 0.2512095444716924 0.5469508223055835 0.2093443562636721 0.8427832243163108 0.19909096873144128 0.429249028593374 0.9231193286132374 0.5610226620978549 0.45616874723596745 0.03389002852173817 0.7625172960603596 0.2607052624859896 0.1802559598421999 0.11410730971539784 0.0523499295265033 0.2631546413011866 0.05357304982375155 0.03182056519823817 0.23029927749220958 0.12202554586802394 0.851240136690194 0.8566481789237259 0.08095025515525955 0.7823804236364127 0.9920903359008719 0.29416955416840973 0.49751881619288396 0.36437064437103417 0.8406431333720755 0.4308037538997741 0.43923290327196673 0.10885099463834991 0.3486006006876192 0.4075629440804147 0.687777987126621 0.3567872210237796 0.548422564652839 0.166577476745994 0.025518468545789763 0.9703389844263032 0.16368079907187283 0.04618182207283272 0.7514385267040915 0.7874671354387972 0.49755446792301217 0.6718575311824558 0.8487739957908079 0.7540558951666274 0.9157355472574948 0.9010625180841279 0.34176709499933766 0.12842392704535166 0.8934393591462344 0.3788172528719487 0.43650667566897117 0.8514540307878626 0.14978006880655403 0.5295747652385743 0.5060922770174232 0.9703402660848748 0.9551151194858523 0.610129958587133 0.3847032906467651 0.7495848110747277 0.6055882011842099 0.261070540385155 0.2230301286449342 0.9425452660550058 0.8103697576565758 0.8876403077521581 0.04389733622713843 0.0006717463515922839 0.8883050522898867 0.3670591457908158 0.5672112629780137 0.39745523768179036 0.14462621496902406 0.8947972921533983 0.9286527531832844 0.4274098016096439 0.032835856766955884 0.31080277492544683 0.9129298692605564 0.9863517775563319 0.8330362889235987
0.029646810910227694 0.7164948674101032 0.3126235864884084 0.25586496831843375 0.030282951009310555 0.2651006491998297 0.9519026955465376 0.4398321381630873 0.42705439798641365 0.04622198710076608 0.10981140711700454 0.02399170104070858 0.6980491257036888 0.5483429192020635 0.7029269922002006 0.45045504049156937 0.20707175283006174 0.9670617152187113 0.683565537331047 0.6702480667043675 0.46227922055168214 0.5355945301700291 0.6393653187608438 0.3943829206036462 0.08186694183912524 0.4929110152764754 0.4070938247025784 0.5985679537591582 0.2718210225468589 0.7648708174394524 0.054545867246708846 0.8528976072292435 0.7745826534732358 0.6753306998075634 0.9068591461767317 0.7035486123597078 0.07075523587317989 0.986353178207799 0.5685232171797039 0.8094916451085645 0.5103182865396437 0.0677863734097699 0.4910484066177203 0.9962008993287526 0.9686235770559428 0.39306804336601053 0.7394320282720249 0.5629353951981152 0.7800322258031567 0.17330563164494384 0.7502617077945684 0.21807994969389077 0.16677568174255697 0.4707389230890585 0.14243987793373436 0.4373826572916194 0.06697310093956521 0.5586198246912004 0.43514657415819713 0.18152577243835777 0.9811426048593642 0.8485797986702984 0.5653758602006415 0.8071606593818099 0.1373548957912084 0.30762729106708264 0.7754713164283487 0.5626159504506894 0.1590239418319892 0.9403247274086309 0.6667748492291952 0.35142598763202504 0.21326380307652426 0.8355927293366694 0.16425072899272686 0.42787586191387617 0.6537591435660096 0.7538692639915892 0.1599952785655684 0.32923639741759736 0.9395542449369845 0.6043178976016206 0.5079339141399069 0.31518032760002956 0.7385852755217978 0.08467036048473187 0.09841876809098682 0.2959021114718887 0.717890438176287 0.008695816191621963 0.7588782453028519 0.24630583655471483 0.7407987357881738 0.316910299536842 0.3677498849734815 0.580478848294852 0.9619249503522654 0.6401967594244116 0.6796337899246775 0.8502544453720257
0.7053621644719843 0.7857442229193649 0.5424458281870287 0.4481947172760664 0.7228600640055527 0.19894755007946474 0.6687698540287067 0.9718056746777173 0.9819057829265971 0.6325658557382915 0.9484123552210684 0.16650097907982553 0.3589132379235943 0.1001144113568394 0.7550301127769721 0.043932830948242296 0.04497102405303377 0.13523115783503004 0.0431730836463976 0.8613367115275208 0.43981238063924244 0.49931118417426623 0.002096071970211999 0.5854995675129335 0.12087306753452909 0.1966396532293171 0.4257041542684419 0.4685620244155556 0.9926857405996371 0.8464224132898898 0.5488036104069556 0.6180214287291566 0.322827928883088 0.15526638246809876 0.13702571105260186 0.3762101028217725 0.8124844906992935 0.7027943341509286 0.0756405573883544 0.7704188032496748 0.44927030473224805 0.4220969298930457 0.7461606196234533 0.5290911405338236 0.08560230722614226 0.909239238875598 0.7496554436394628 0.829155474385971 0.5940600097274387 0.7480882720609723 0.45480003327665497 0.13231534991368332 0.8989771250182415 0.16469854514622195 0.8393671449165112 0.4229453783863968 0.22127235893744168 0.5344318475952893 0.07209856809460291 0.7822418569912851 0.7551109481247901 0.9560935768601159 0.4886473959141857 0.17170525047635388 0.2887856388603586 0.944840710314132 0.5225604791778918 0.6881672545396377 0.2814669618863176 0.8293821330648015 0.3165389745936076 0.5040850308550059 0.17116504142203437 0.3531809644484002 0.9605938613174863 0.9257139532064086 0.47134995817264924 0.5076868991002117 0.010344520393014922 0.0700119100006702 0.5583012193051169 0.08495738900679506 0.17973983874788824 0.2244465678218247 0.5986408212468926 0.8988325482558537 0.16943633336503228 0.7872323308096608 0.8390015552246988 0.024697760096296983 0.7744134017466551 0.005710518312465274 0.3021635925140832 0.3516992647842989 0.863113864115046 0.06162616118140718 0.8682302063633407 0.661030597458498 0.845345700343698 0.763094846619201
0.0007672460988586982 0.007418650056565501 0.8863176810568946 0.7590720290290565 0.4853563970911241 0.6639431351132651 0.08302245816704479 0.22014455916171394 0.5303824840020128 0.19057308848415633 0.32226096512613556 0.8681701421892851 0.4737065158322199 0.608632138708954 0.48078664903570667 0.24584147014879176 0.8845282655628196 0.0012158181800540069 0.3061467788077076 0.3514166147454266 0.9704251556701675 0.5983205256545038 0.1988171950042954 0.547938358226154 0.5230455211856484 0.5858762209233436 0.5490142302188976 0.17609774161011804 0.19531499099864869 0.545586897481734 0.3769934628190489 0.6499995168279864 0.4307758837334058 0.7932569963129789 0.3827157828814537 0.225893519566972 0.8796887650613595 0.5017407016504983 0.5933566510403427 0.4608796881380576 0.6444489592750517 0.24186852106965506 0.9005033820840275 0.2949580354166961 0.7347264126655978 0.713010934974037 0.6604325287951769 0.05241620046241646 0.7762933747645945 0.5488244712182166 0.025153541577113026 0.49195191118332415 0.18382435748388237 0.18040320200523396 0.4470340515016942 0.8146552084837294 0.4525957963677282 0.016100948229117673 0.5311933951830236 0.27674249507971027 0.7097252684827933 0.007275450458715138 0.16668720839643458 0.3245904656281836 0.9283526172164375 0.8276349668867983 0.5226582830855512 0.9074660917350011 0.7321040514557147 0.5593028943458385 0.12881714059822758 0.899586536264717 0.9948191216757712 0.20991830796434707 0.23380089639815627 0.620055148426934 0.18642806921486754 0.21271373656551296 0.6616994743510696 0.2065274923666366 0.06241901586538556 0.9790563987297023 0.2962104468558393 0.3624718424508685 0.9072167260041661 0.48332707392450225 0.40942064494758734 0.5224514234495882 0.78108691630853 0.08968006560004771 0.17490992472253508 0.38870709185564045 0.07097172855649181 0.2870855452579475 0.5948679688639771 0.9423227686849905 0.14012443033102684 0.8854091066625073 0.7997020594943604 0.7287170340436783
0.9430032173050771 0.8151047134140953 0.3091518166364119 0.9917442250496499 0.18886501421454915 0.597681826685354 0.351722347726074 0.6608811935774043 0.04101274605206007 0.531905346289237 0.9423995921979914 0.19926286941363236 0.6003498745850441 0.46535089432745846 0.015426991435861792 0.20541673909249047 0.051512492996557135 0.3747964178720611 0.411234193494879 0.21057195424640607 0.2969549555784585 0.40900249892929463 0.28928019729955967 0.6999833371439709 0.553938357983076 0.4915537025651593 0.6180765917795712 0.24172373708295325 0.8644273787816654 0.2132227143680574 0.033675402148900524 0.7325110361766999 0.8681758657633436 0.12943406692846604 0.9363827693751251 0.043771990198687605 0.9012292124037323 0.18882886876046479 0.4442321403825683 0.8602476939341286 0.648276812703449 0.521709978803032 0.410803920646744 0.2315511452981509 0.24920747468030646 0.30957384190842896 0.6839084138108452 0.28892894278390924 0.6585825043637819 0.547902239512475 0.8901400549049241 0.12371635061627317 0.3186678482219337 0.9752620587168908 0.20371257894971417 0.987027951118896 0.46961420067426407 0.9664741312249062 0.6644981923044057 0.7183437024470981 0.5762356333211299 0.19251126465136226 0.47109005011493876 0.5214943876084223 0.918597351883889 0.51966212520098 0.6403105803750565 0.502580953752775 0.6223368961374104 0.764791825873439 0.34701515763415125 0.3455177847953542 0.08542591874901628 0.042090991126395805 0.251086943295901 0.04638612803078612 0.5827469497040509 0.49753450490664286 0.7514995150464365 0.0921617105677226 0.025613659938057642 0.5379577943415775 0.18218843675271224 0.5676748954645852 0.5706939666592689 0.006995150307361531 0.7406511029510812 0.5714877589533095 0.575704419736504 0.30285164070979353 0.4117510428828224 0.6579112262617647 0.6344126064267513 0.03621563434066366 0.4904821417235874 0.8535728119976552 0.27136729646029856 0.7505507145738888 0.5431268414563584 0.6299612763722909
0.41137071325237395 0.9042675642932324 0.6882206400102728 0.7262694091892599 0.33346280219555136 0.33391197060672817 0.4460420430371519 0.24730555778108176 0.965935161861645 0.7577729912818024 0.36865094065944304 0.45247132576607285 0.48631596905927554 0.6663126486132003 0.004396691345433634 0.5789333104390418 0.6271312838551973 0.015343375434122342 0.6713445550949726 0.9215166123282256 0.02960748969108673 0.9735174695617177 0.45793297320367965 0.3962998816596366 0.8403016650919473 0.6749183744661007 0.7653939645498155 0.6540422441217566 0.5634912310211485 0.8665851705112114 0.37923375029910344 0.18500378531962403 0.45143363636229294 0.7598016238627433 0.7595238822309138 0.5146907413899643 0.681020647570813 0.370600544014675 0.6272738123069402 0.48459949378445677 0.965076265081673 0.37964478453994777 0.860274167092314 0.4794340070052522 0.6233767933943092 0.9997012378085458 0.6326928702628991 0.04920360472017071 0.045999765671190795 0.6019769092479311 0.1756677248395515 0.7909682491735637 0.22205537068847836 0.9241720451159757 0.975740095096505 0.26570478401478925 0.38652613516301393 0.8128940198608429 0.557898097970487 0.9424314193530577 0.7390140352735955 0.25489627364964074 0.07745569777574002 0.9674356554981494 0.5296234616173914 0.019303990536134408 0.3050721776430534 0.11400919026848433 0.7111069153855062 0.3659985708557869 0.5877944054364573 0.14903088403190246 0.325829751810793 0.29650150442781076 0.8875736895247398 0.1263313959385377 0.9713888670405796 0.6602356407307746 0.017066934731080674 0.42610430369670127 0.10471920920962086 0.94614097961542 0.4839031238636924 0.8047646117103466 0.01551677029015086 0.6205252161526521 0.9755481582389984 0.44675819126372696 0.14740164830166647 0.4133791760947464 0.9156800313378747 0.8634337747888305 0.22258249168176658 0.396463835414395 0.2833161387458073 0.8965556136162744 0.6756561099096965 0.05822520134753195 0.31581965270712997 0.3007470005295201
0.5865299423412964 0.08856621915050567 0.006806183354952755 0.4720351812230609 0.5096481319374773 0.5182692370405735 0.8868392928247852 0.6733845594700242 0.9864224326380133 0.9629034239765552 0.6779171249703968 0.7168814423297938 0.07726060389985323 0.18998984985116796 0.7764882899740377 0.3469697419163651 0.15346702469178342 0.08187270574770011 0.32910956898931776 0.36362484616169566 0.8582699434574279 0.8617950150729871 0.7735605511250909 0.16079962049600804 0.3649733797133625 0.8344622207069696 0.7415080414453031 0.27183680520849096 0.38912212876903685 0.9027465395357903 0.329138175630144 0.0561598880971067 0.16286522105331536 0.7582725320817186 0.27931571524507226 0.5216014262897223 0.009755939378342293 0.2816883586600286 0.00977562067587645 0.7661959303869244 0.8847300888151166 0.6119815759474945 0.8562694916048297 0.028421607851742747 0.6808148156310865 0.6326651369999373 0.34912170088350036 0.6298298935502433 0.8505568979129244 0.6159255178829384 0.6687851870428749 0.9185238360460477 0.9076755115798447 0.21633505133008102 0.12280237030661101 0.6463441299145263 0.8375435549956641 0.5117759772358318 0.4713749080229812 0.041597485330544415 0.4924441486548151 0.3975856657657242 0.21233875457510665 0.8821529195324043 0.5851116823958213 0.5455443500932355 0.0980697326900628 0.6726756689348573 0.2973951489053994 0.8909893062798434 0.6536172533983754 0.7831211942661116 0.86376193888247 0.23094777337595873 0.9533133183334549 0.6700392276468597 0.4082899881654014 0.15117025031653508 0.152917916205207 0.1870971757659856 0.5306605016557473 0.31095514342516917 0.6634479677260657 0.5296930942073036 0.4929261914518247 0.23961021483324685 0.9631370568669638 0.5993259417230016 0.785915617279008 0.8323236195096677 0.6932477777088225 0.993129030108668 0.675920829367408 0.3519314006824845 0.6365024951652115 0.2893160149907733 0.13289450548080273 0.5644228056141848 0.2857863071584169 0.3741137186034491
0.2459085765928143 0.10326473551701743 0.9444759342458195 0.06615766706424775 0.06819715709421548 0.28025129780504465 0.7181672952520213 0.020856003113326693 0.27111474074843844 0.1709326415794825 0.49704933807072194 0.6626703860294773 0.5432765547132012 0.4643103474039918 0.11986067233803954 0.4073137142115806 0.08993448417858285 0.7139755908134421 0.2975245304153732 0.9823783842015538 0.4090314554831149 0.35711447811124875 0.2717999914389423 0.04899547680178895 0.9230537810071395 0.5789727390847956 0.21954789851566858 0.5072069872907493 0.48545101916263766 0.4447211205226914 0.43451053403526374 0.15961146308291085 0.7567506908308397 0.045180244794591595 0.3786757376442299 0.8376482146491765 0.4743435636403742 0.7354623343931397 0.062396821727856544 0.21416107399582796 0.547052683765721 0.24379717615053287 0.28270746937735414 0.5228852032347086 0.4887413419573119 0.3967407272868808 0.4247158034426818 0.3668647933408934 0.33783765610153527 0.3877261660256892 0.7834129004489716 0.7734086940535418 0.16625922486161815 0.9762263262645889 0.7638208113982938 0.45318622979567424 0.8128641723235094 0.9291604005488463 0.2901844436277705 0.006305452740925532 0.5358037311047604 0.9360980828642314 0.8748805077293175 0.32329168052742707 0.21955786632598207 0.4228475248992096 0.14018149543863345 0.18467561367770957 0.5866483617143454 0.8885643030315954 0.9999420530256852 0.9552629618833074 0.3749420497194468 0.12160647201804287 0.10060199309376572 0.9124394254683084 0.02810336307793604 0.5257583578834857 0.11329749841978776 0.1170862464619925 0.7134014397985975 0.4697037033101683 0.9681910619829198 0.14573611571240908 0.5957211077926833 0.5680157661139843 0.3625770522105125 0.874262141694758 0.12994538908689068 0.7016539477078634 0.8272001301479069 0.396014842462341 0.7695343990790598 0.7979642832624474 0.0901473029053399 0.7389429891110814 0.8514424998466494 0.07492885646364589 0.4928887297180675 0.9865687526644253
0.47920125123638846 0.9048614621897798 0.26158130603703833 0.9648630196476933 0.11486312704558332 0.0596126901550148 0.15585868834108796 0.6306144250754693 0.6883459740056534 0.5131504354263363 0.30867680225067695 0.04771469197043776 0.1340102092031562 0.8839710069055701 0.2913530275493744 0.10330816800830844 0.6664552597524086 0.1263634462112736 0.8309049759216945 0.2823232650295565 0.9905538971933133 0.24607744719358648 0.13778104409970582 0.9046241473046474 0.2533795917205627 0.22328812783314045 0.6006167740687922 0.6768166876222832 0.542647658147532 0.4216562332722579 0.28015946852153306 0.30613292580559137 0.26460337465712025 0.48848450583094605 0.6310314863678333 0.026285346906188445 0.830644240020047 0.6661954194719976 0.04972413022147815 0.8705932781658486 0.5749738957641284 0.9639543746274174 0.39260022415993157 0.8022576668118998 0.36754094453008623 0.728289126189748 0.38932074539091155 0.08906722909351539 0.8827359955641675 0.8116555966177877 0.5970571740979675 0.12050689247540602 0.6842542922502924 0.5933641038675395 0.364269073025849 0.8639385266884044 0.05303556257170394 0.545121143116031 0.624268313536915 0.4541920193743636 0.6257089232813514 0.27649887546986895 0.8075027442897863 0.00595975574688512 0.009694524838919971 0.037341586880875854 0.614666043616578 0.31960349802940513 0.9826965076023048 0.10902103226311222 0.4987798191762476 0.10743781028579635 0.3519796663087078 0.5719734683552334 0.24201174885893095 0.2994001104751257 0.7535725941842544 0.7849374609345028 0.9390970196729042 0.07165542655355472 0.5477287493221072 0.1612386035384743 0.20100020830914545 0.8109658143981692 0.5292848784388602 0.6978012458270624 0.5103436534359778 0.8130536140847175 0.6603444054018482 0.5799653427290928 0.8060173342729852 0.012860245428395478 0.29117411473974486 0.4182353216892435 0.8030032825455284 0.2653026368417434 0.8996654526648962 0.1039440344076088 0.8555237467581875 0.9245188853254687
0.09415574790233039 0.7744475981218885 0.25583345834819327 0.7722689806119134 0.31023700562087253 0.43027488331556896 0.03080921833758532 0.9707551104664283 0.6425636882972657 0.9996359774039533 0.41281150648732234 0.6058725354905171 0.6388220956870908 0.4946400908458862 0.7709537659547463 0.786951491808948 0.5313235032070133 0.4417309922700279 0.47255898804347585 0.5473934242437727 0.4712744232910111 0.9873951178532249 0.6570493637834337 0.2515953007524172 0.8225790631050086 0.7338143424016962 0.9092971912681816 0.1572543223273749 0.13104720686169546 0.6301083417582929 0.8497638550859901 0.1484155946711755 0.06199674813957279 0.7162505841477538 0.4709257608061995 0.4332960785715352 0.31426842612332717 0.06525459997973393 0.5482577538818415 0.7181928702580316 0.6851246394596477 0.9849998354839405 0.7320030332725538 0.8358649201806481 0.8046368231137265 0.556070115971899 0.2961673804994255 0.38934503663546094 0.6537912887947819 0.6002056581501158 0.8505434195459196 0.690938882449564 0.4421780535113463 0.8432012258567194 0.025111759299428882 0.9454531548104089 0.25478018330369157 0.5915648272906362 0.8988760399822144 0.12188498431447625 0.2559309603053116 0.5312615664680086 0.86792776223802 0.47899587402789423 0.9944504436525121 0.8453605107475128 0.5607863349134624 0.21144627905143998 0.04634115030012664 0.834913995851397 0.3618377658600208 0.38040784942013484 0.9977510393759157 0.7278522600201512 0.8408475055714558 0.1737689380079892 0.04655332243618726 0.06499423920995151 0.24337282073698985 0.940987715131579 0.27126087680337696 0.25214348112540363 0.2554073780889873 0.0664911873893097 0.3592216751654317 0.6756880939820514 0.7514467237583423 0.9763609426091505 0.5800394409429944 0.4445531739624543 0.8861349710553279 0.9317987338319922 0.2749425997512308 0.4742113032850023 0.24851062403023627 0.561593430176865 0.25446784959450286 0.11089129193140668 0.4748848335050919 0.8417167062884903
0.8957442619571212 0.20477360400110967 0.3818121342254631 0.11154116177677131 0.4281990458618735 0.560644244776775 0.1790756208150026 0.9031856441298068 0.1927926410216172 0.09044063438036432 0.609791149065314 0.1564793803114174 0.1669734642986621 0.2974692218427638 0.5321571191818397 0.6761120609395612 0.4554849214503609 0.6557876254410671 0.07642298151870952 0.4883017547718399 0.6805145715318297 0.7592633427400175 0.2554690150668204 0.8054173734661925 0.6238333273254985 0.08881385917593687 0.6702305146075886 0.04722534189980565 0.11843217489541125 0.751794611190753 0.23242323808688792 0.44321454686721273 0.06163642426348537 0.5407407272815816 0.4318268377050295 0.9292343341411776 0.13340636874420764 0.9767467885307802 0.3372437963754299 0.3557252805744313 0.780457150539436 0.7447550144251776 0.4145870827275828 0.11613331073583955 0.26514928627410794 0.3047386806136523 0.3433321868440157 0.6964537309350114 0.848287135867569 0.3956314050887848 0.37392366253453146 0.6101007066738076 0.6785227010083423 0.4524168843630113 0.08598051667990236 0.3628487493477148 0.9016179461081257 0.7511604673423777 0.20268768676750204 0.6863525689694615 0.28351732393009976 0.6157845700917605 0.6608736581821094 0.04695777887833996 0.9357792622180111 0.3417811242475962 0.029089639778575815 0.8528705906759294 0.10497383027777207 0.08337805599228598 0.16705178401845988 0.3798760075419113 0.4925730875662502 0.40788372548054397 0.18950084508188858 0.7131954847627016 0.9590683126045716 0.9510083430993135 0.12938667891266808 0.33316172435623936 0.3742582983325621 0.4429454308392369 0.5051156364057983 0.08842415855296981 0.3539729895835685 0.31731390764624723 0.6373203763410191 0.46231099794665953 0.11988067918391832 0.756690526235984 0.7455552244216342 0.2693523804010054 0.4146029984338152 0.49441277131992234 0.78969635264681 0.37804982427230016 0.06274858708293607 0.8523164081854909 0.7490710314271317 0.6824608758763161
0.2737870535504884 0.7785004362078386 0.4970900927306757 0.755100572138166 0.9508761686049829 0.81911987599121 0.3437544095254623 0.9301393598168999 0.12882123012676172 0.6500894222805683 0.9081493988721249 0.8266317912924376 0.7516199783894237 0.12327474253504977 0.7925521487560743 0.10722828065442302 0.9756749795132059 0.8954454353710074 0.657043739011279 0.7800959013992509 0.06653801146538785 0.40111065950299285 0.7582969570684447 0.4590070886944566 0.3289571672956886 0.9527447264522162 0.8835129342913353 0.33662748210369375 0.8886968167882067 0.40545259450472027 0.42713688172156183 0.6315490267761054 0.3186934019534349 0.5359091014923949 0.7779984861941845 0.6314777998368407 0.5214877137670987 0.42677803290461225 0.7115597454861351 0.7452300518636232 0.5440467656551874 0.5856734273013565 0.8594819714220829 0.0387642177595352 0.3578646242813813 0.29706018044461235 0.3022379924328745 0.7324455299288171 0.9207977783795901 0.00988261014642211 0.23739755259491435 0.6812664173962112 0.608325839991235 0.35933339713404133 0.06613572851272098 0.24415378106503993 0.294867232434632 0.07025761467669456 0.3453400425500741 0.6267509374954489 0.638955795450143 0.8862669048956465 0.679949814748689 0.9745949679157072 0.6387547382221368 0.12599953585191814 0.932403336657781 0.13417825904584801 0.2530993601491939 0.3911267035686211 0.6114622459112952 0.33515496327502725 0.835618942628492 0.7926274207135601 0.3410590322751621 0.17131820054023517 0.19307842882430026 0.14646602515607465 0.6164707355300137 0.8965932187719432 0.6347653090616057 0.7922784891278404 0.2877819159156835 0.7195575097019083 0.008069148479102672 0.6525980277344353 0.2887759709983506 0.35674501778364553 0.4636326995768709 0.5466617787206676 0.7081779868836158 0.20840684058438308 0.27967034743420494 0.79458350881835 0.5977598472004385 0.1804719063916993 0.8984075239224806 0.07044947753292508 0.9618013622356744 0.08740775316320026
0.6621670162750537 0.5812190937722953 0.029221793847994948 0.24866599174594828 0.39546163958608926 0.8952003075458429 0.899944542386064 0.8458033466752539 0.8273348506484449 0.5095544142797487 0.04843047100098996 0.6045047426779131 0.6827847065441631 0.34606424323253593 0.09990021924254588 0.9611078961368512 0.04808194525093146 0.24474489117955878 0.7149767039207462 0.33668931432598515 0.9698244712323053 0.6625580478673531 0.176824393409182 0.4382170926295871 0.9897951305952781 0.012444610880211981 0.41391090868414937 0.18301898382511794 0.2643013841923343 0.12254029244933506 0.018239443259658317 0.20066660968021655 0.7604723534818443 0.5760840571476821 0.7672653904399473 0.5971701730719866 0.13405612269587908 0.4934404853765093 0.8537123513336207 0.17206902237936605 0.553423633991749 0.33558235521742363 0.20764820828076924 0.785296262413892 0.32535786764553754 0.021941637887367027 0.8069900814237472 0.14571310984211583 0.34826913864483233 0.7823923480719893 0.3101727130244498 0.4524247268025523 0.4119840574818855 0.484704942926405 0.46737602318427973 0.27077783637586184 0.12025400872627201 0.13378309270477307 0.1405927808322489 0.17053540311022097 0.31389491297835304 0.6197086080733409 0.2442342362432144 0.03906685378165642 0.10064404624207368 0.9147182081155754 0.8084046733173986 0.3832299870027772 0.18858570517626616 0.7093626938568417 0.8662946345434475 0.6824756852367828 0.7345580493642924 0.24807681902620127 0.29757662455332456 0.07129536386560487 0.6699910216858147 0.8757285918266803 0.29176714198765075 0.6524219603718244 0.41520991747964564 0.20640993015864084 0.867219351238529 0.5417879508840933 0.7232403499234378 0.5725610289621703 0.1405351382573421 0.8936585960221293 0.8501005512249504 0.863506747820225 0.027385192199690822 0.9982595489200213 0.17476070802311527 0.3705366861504691 0.47048009424845083 0.7594195418414111 0.7263327962485848 0.21357928084498534 0.564507993521238 0.9442185817602249
0.6605707528729792 0.9027010985346171 0.33215563754212574 0.4364225503574721 0.013440738228766125 0.7790063262215416 0.8700919458447208 0.46018815687301173 0.1203125518617445 0.6748483123946547 0.2090787536903801 0.25056214594170845 0.3498445591942635 0.3241386178692496 0.9764795295405294 0.4758240282342563 0.30190788130114454 0.03813152124799368 0.10940473354912306 0.9231427185089733 0.7510897709623306 0.5397721484754691 0.5408225347260537 0.722451201438861 0.9949006351503572 0.5360543402614779 0.20224050898013657 0.5705646642483997 0.4837276870493342 0.38824814269435737 0.9271724224882477 0.9881132567032074 0.5364266195869762 0.8213163614649862 0.6037401520683933 0.8220218896108279 0.19275496058202124 0.09854553233992858 0.33223285890404297 0.1635392178594337 0.7322888450848417 0.21288266476032514 0.46939851732898685 0.37809594904128385 0.6832973557121149 0.1184733245192977 0.2837578347261088 0.8727428965990712 0.08759032173823766 0.3878825069682288 0.8681460217993465 0.05706369953311574 0.8081515817719545 0.3382731708286143 0.1463344704672055 0.6329338097260547 0.6008599931310322 0.20145271807947684 0.19580248607423967 0.9295561323352052 0.9839564682288731 0.4216551525033714 0.24032813302401024 0.3021720141693244 0.5636747089118108 0.37517189580190424 0.34921262467712466 0.038074852269696646 0.9088487507754103 0.9453403130180439 0.603255991103449 0.6516005179833031 0.5364083101971465 0.9401266201413223 0.1982064434939772 0.6478397405970872 0.035752839470006514 0.19617681170474954 0.9251194205801544 0.37813767483492233 0.009193579123886964 0.5970086196562809 0.1932346060654807 0.13039985786996688 0.5068415095964294 0.7393614740855577 0.12356263156727354 0.026372318516179716 0.2732538603622868 0.7832491966500132 0.8569779020144525 0.7949005859028795 0.6463893444627157 0.29270249109450275 0.3125130313811465 0.534941110112556 0.31547575968712915 0.9269768031344302 0.36397665280179203 0.7434223994824792
0.1546250196659884 0.6983421406492508 0.5492616591857068 0.0429779609672678 0.3369822994261775 0.05913501516534603 0.226690688096016 0.5480797200527516 0.33858742086432203 0.2796581291813697 0.5315335057563213 0.8815151524504956 0.9725466415018938 0.7757049607007931 0.6734292830806083 0.874092750660303 0.5429324709790506 0.21693789957683507 0.6713847157236279 0.7358640008506929 0.5416562524236105 0.7416219429831906 0.7930852334955144 0.0015795199539099247 0.5962906221841422 0.35570303596011477 0.7752215712509947 0.8212311195254574 0.7464735554501977 0.23873142174590767 0.444337985491965 0.14502206441914867 0.6934621736577102 0.1403755866616616 0.7073490516992091 0.6025578186621592 0.7405703644369581 0.842251985534556 0.1892769441297345 0.15798091451495233 0.21386180080431505 0.4355436390589099 0.7158278186303263 0.4081711811793233 0.5956553485252336 0.8342555773533091 0.039018245920167116 0.07411693638484129 0.3023497475819018 0.47075794866053244 0.6675976849229541 0.05084480449860074 0.2394776201236054 0.6304631561685808 0.37241333342260863 0.16644731753379338 0.06533459618165982 0.4785160557970124 0.23243521114572108 0.29129612877610467 0.3108861795443606 0.2904970535609842 0.9863380194725789 0.11546105169967591 0.6273235958515113 0.8156692678191304 0.8249581178004963 0.7217812664383025 0.35907252096505116 0.8802565029470497 0.035680314263633384 0.8753452926084603 0.2862862192332716 0.15760307745785818 0.9585132601454456 0.2092041064969825 0.5169401493803077 0.5306580776601042 0.895808050468163 0.4526934529389173 0.8213906111641608 0.8229879728246126 0.3267801401122209 0.07927216161957806 0.034819770070472655 0.615777096533182 0.06815829588697964 0.26352507921562585 0.4146922742233783 0.3802108810700904 0.23789187644119025 0.7898156678795968 0.6093759215488694 0.4666013977855692 0.9126434201418169 0.6256533931447372 0.6069480537168833 0.8399036632429212 0.4866726764796332 0.5445537670688896
0.9064547935604115 0.9562407173394066 0.3636165182621547 0.7827864709517913 0.4958171948461316 0.19811237620380717 0.7992118910555555 0.6671801784363853 0.7274687510863854 0.8087802327155129 0.4969441998018681 0.3780155649229675 0.25336867637290494 0.8077160528445728 0.367605190441485 0.9908705122427377 0.3213416927192062 0.4773156016895965 0.8231402821055073 0.2314998020832566 0.7682352848516879 0.6286040950721089 0.44560513461679385 0.9870927873665476 0.522041385468803 0.3789785631312036 0.8427401906409018 0.16450468270428664 0.6615559611376944 0.02553515699403952 0.7295425062224379 0.677215252162209 0.5825041504616173 0.17196241343494423 0.9696469698421546 0.35545685212313227 0.6790388925974307 0.008508776095867754 0.26132820270489865 0.24386307791702788 0.9508750698119222 0.7015685675597069 0.1108608835109407 0.9606388004838067 0.6308891887475601 0.14277209551112802 0.05167485880287748 0.7120705635564039 0.5640001424462824 0.44575979935114374 0.5921807936800048 0.798082303965092 0.25371599399729816 0.1738109533430119 0.3814890952248764 0.41058881561153937 0.5430536554242544 0.3614571877277386 0.7680471793320381 0.15749378167241734 0.2803193008841902 0.8516323159581275 0.45517307779994154 0.08221029391505386 0.2950498750084516 0.22826041419738918 0.08996030544134404 0.9174343848995928 0.2876896714555943 0.0741635617400439 0.7747474765754326 0.3640720006976961 0.557445089004296 0.37731228221090174 0.7205318889159165 0.9302040237223895 0.27059702792544893 0.17163252322037703 0.2796579418638746 0.8880622445165413 0.2343888678210544 0.02647955264071189 0.632889231635001 0.5152067374978658 0.3977438422981786 0.0893704109677238 0.8478537187734123 0.8419803812044591 0.9910600988826148 0.29707767135372665 0.980114587347443 0.04330566084171894 0.11415334452485515 0.3344225608128458 0.32029797023091544 0.8945493748645548 0.7344702736634553 0.421068605934688 0.21928636110283062 0.39799517304424425
0.9974242841866435 0.13729954285010504 0.6648204565154906 0.6385519128364703 0.33378132138417294 0.4919474093668771 0.8912924399055634 0.20484751837459836 0.6528267677900456 0.9716801833345721 0.8087377816777471 0.07675115848734293 0.9374467712649074 0.905927604075686 0.26215045926057723 0.2572708371581458 0.7663187215183471 0.8690375057552107 0.11468654448018434 0.7708008158096572 0.7733135806528212 0.7814669876451655 0.5733491080361517 0.7747101743032612 0.7086343751176842 0.14164738664044574 0.7126048922104348 0.5260498030682517 0.22749949158182403 0.029666749807464754 0.6072419448381138 0.34817963731048374 0.9083143722887725 0.17688694102771285 0.6111356623966007 0.20843213043504882 0.37987942629252824 0.12961817729541558 0.9485636993974974 0.018921661415167268 0.07331565973298282 0.2422621855634367 0.56791796399795 0.011087520685522545 0.8071268509930658 0.7687652973101698 0.7025289075442824 0.5779656222784179 0.08811167069117143 0.14795360771136923 0.5941469510659398 0.11387279858819455 0.7398648342631321 0.23869039693272232 0.1691993295908314 0.273034592823476 0.21740231591023151 0.883771217584013 0.3870985707707113 0.8062370886983122 0.0367736540200958 0.7763207348085758 0.9181715421876695 0.8409199030356218 0.6997379803407484 0.17365844717577017 0.6210817963504321 0.8142605508841345 0.5758239959493436 0.9074877326382172 0.7194235771433292 0.7211318445811282 0.6741194956195933 0.1933944739856024 0.6326149056247798 0.07246690766253827 0.3976629286953949 0.12261908806729216 0.6173116389015684 0.4502179137307585 0.19777570522116528 0.034232513353972926 0.6681448624394377 0.2043678803082446 0.934316911100574 0.05795423700139213 0.6854407787835818 0.3168583313655542 0.6174751052756953 0.3826307806382223 0.9032031862069837 0.7851750043196472 0.9120578868453256 0.2570750394707203 0.44094770416742624 0.9143958040207595 0.470696832086113 0.4872177290575116 0.6436850066721388 0.37709334295108576
0.33631460095439014 0.995300111463508 0.27904781659449285 0.7112156244404634 0.08754936755693377 0.3207144592516461 0.10643069271240446 0.6057293884706808 0.9906709794859972 0.06862745524568048 0.7074444724615911 0.3178079555500437 0.24926638539787593 0.7613228291249925 0.5373042330863309 0.9049637700737673 0.8441675874543089 0.5494454956562685 0.7748250335527971 0.5319798198085993 0.43613768904531847 0.902991042275203 0.9667344217417125 0.33882058298357964 0.3533621130793262 0.33237495103220294 0.11195505621948565 0.1959453496494865 0.17959844253695967 0.9125832669016349 0.9434976489906092 0.9154978368431649 0.6155525707130773 0.16993481897133977 0.9767081894719072 0.9450287502868709 0.5952615610385897 0.7439862950600101 0.018775268461061034 0.33315588520516637 0.6442655465860506 0.5033296876316015 0.9652621186770007 0.20566644418414526 0.6898758690581409 0.603106962590777 0.4616318161689784 0.5300201622602618 0.825659501608226 0.736785740062839 0.9261941964715212 0.693759108986542 0.9443080351935778 0.22980521388376862 0.07745273786975848 0.892746179535791 0.2932231716383491 0.04512493591870825 0.5692104446626478 0.796545187755973 0.7333839187451786 0.5032839706110019 0.7851843737589572 0.9794206627997335 0.7233986850386812 0.05467946621862585 0.09966282929259906 0.6082698619390456 0.3437739085658421 0.8086168406758114 0.4923742427854615 0.29546431173523013 0.3552789664345384 0.9407600152502401 0.6917808123725269 0.28401757371578384 0.6577414479644617 0.9982053935357083 0.42273029055417266 0.5061438693557705 0.34797798633698596 0.7546225318503468 0.883056985372483 0.1353736673091459 0.38006108937059147 0.847414396190837 0.2801706628178101 0.05434125307936133 0.6239124916339204 0.17062057884621118 0.1985484630128338 0.18362765581276574 0.33840372003762487 0.8749678559069576 0.6762093937843136 0.996711235659597 0.9366101589952757 0.1497702143817755 0.20729746588797293 0.8371816286503482
0.4872880933788405 0.3493680226799889 0.9619690872939992 0.8417898374067779 0.6873364213711146 0.9608591010683847 0.5109634384931289 0.6230573509814438 0.5163745448405472 0.9982918460427439 0.027027222183668043 0.10335889479684801 0.9218000189106155 0.15094904913983753 0.5347764269224764 0.5060128664862403 0.6462481553235936 0.21328827930988759 0.10849825178239858 0.02178156784813501 0.19624890887719004 0.4669298788005791 0.987594152777967 0.3867746055719834 0.5766278510244177 0.9326981117922657 0.39967186544292477 0.31292924008906253 0.4238504858259128 0.2949974105716572 0.6192671945189767 0.8925494505896602 0.9773236577588928 0.2056180388573875 0.8692343556706382 0.31651194996849985 0.7665663065090403 0.7375469462487769 0.25616700092051015 0.5053942855148049 0.07509720126534314 0.6820306027728466 0.6046711503280885 0.12680141633637876 0.5523561091487993 0.1433839579283922 0.9769908657490591 0.6717869714392947 0.8381814816634456 0.6017204368581287 0.8769563633375275 0.41059003357453283 0.83653031348865 0.15191963598642944 0.037638777868023165 0.8922316486997091 0.19913817399580058 0.1973258287876528 0.06296970288721682 0.02209117594072607 0.8461386967540839 0.059020059231663424 0.18631730048860895 0.8732328705672372 0.5569265799245232 0.654897665671987 0.7585507832709322 0.26133974230683465 0.8339192632369224 0.042947157428097404 0.58602671750942 0.3297069535091479 0.6475888187827192 0.9689469043647962 0.5491458704502665 0.18712412931102407 0.6415491716534045 0.23900709237823614 0.7257277849926405 0.6226295415106249 0.16114263838626497 0.05667266639190005 0.7626184248152957 0.24841524948532212 0.1355012261391052 0.7841012484410986 0.20781679196746328 0.9403860950601421 0.28850538962628236 0.46123159634893274 0.9972391877194512 0.3988058222716707 0.8857108192762694 0.6315223964963841 0.1347722610628873 0.16027707336663666 0.12688103894116143 0.22816311424889069 0.8786442850743612 0.8168354050625655
0.9987422847454469 0.5324293245302159 0.4918960203446131 0.12213812430165527 0.5216078827802112 0.9402534560161916 0.43547124403016013 0.2462179612361297 0.9519317435345899 0.9418959667203838 0.8980939858537843 0.3762667722971018 0.17657821711162858 0.2125057443238514 0.4256482378381614 0.550858808827217 0.17010550758968035 0.41391580161590946 0.14249821475706692 0.6752946719273643 0.8452396333737663 0.7779221162356665 0.7102146049505685 0.438412528164541 0.3193110414665782 0.7168626717829265 0.2688505859468687 0.14726681047728296 0.891084503120133 0.5859695726307105 0.5541934831431224 0.6402197354095831 0.6388489653775661 0.9919388942362702 0.3194138548187718 0.524156517700505 0.36772079868564944 0.39020931489632027 0.3882508726595756 0.22030798687027542 0.37614224260834683 0.780043613196441 0.33591876450919056 0.08401843143190024 0.7063945691050635 0.47427802866937785 0.5816723118561046 0.3615893074523421 0.8896497209558042 0.010930448311358809 0.22677684830813605 0.7456238135083079 0.6018206147833567 0.34549343408674615 0.6893066676946822 0.16684953229267752 0.6596638858445575 0.45069190732519704 0.7905197807122257 0.6371778748025037 0.5874021509641753 0.9966447361500277 0.008707243921586838 0.8340191252530657 0.6187038663846831 0.9180400319290817 0.8308631055099722 0.8318659451355761 0.09971383368461662 0.5688204974050972 0.8214109558856699 0.14886967758324754 0.20665164156535198 0.8823933925196898 0.14372952373387315 0.22435416074799475 0.011864329063593804 0.4558288935985265 0.4531931833807544 0.6306354948127698 0.8143192612245406 0.7312816819355041 0.811673402497292 0.4189913227023879 0.9580783678996629 0.28605538606757863 0.07506202946406482 0.363145230928152 0.7463604022109586 0.6226788625275571 0.5605067887129837 0.6947281387921874 0.35463714698732673 0.30823095154159674 0.13020245938901442 0.05491422264889545 0.5364037378355504 0.15344745418303996 0.5331665374968462 0.8025236107560038
0.3303177111375247 0.5393400362022628 0.17340943927890418 0.9515240087297743 0.8822342531232524 0.21425517127081806 0.2594370925961407 0.8060756399531146 0.913147730637334 0.5441075543249901 0.2800076551573465 0.016782420578702717 0.4128771889175463 0.45939602579497785 0.3716719215280969 0.3978880181063529 0.5431986876159111 0.4927202539840335 0.9180369921666861 0.5530870637627869 0.5135482210911677 0.5331408093044168 0.549202885292881 0.4260548617573102 0.9763621464782923 0.1288283177285715 0.751456001191906 0.8194442158956748 0.8194750268645598 0.23830323393794006 0.6449047626191945 0.5270115705612737 0.4680948447677592 0.6795476797733374 0.14965701082577842 0.007378040249739759 0.7859215999149058 0.7136882634557118 0.43853888514066763 0.7463634285182456 0.47973018890033714 0.9788469420953843 0.1961066943080192 0.2123845388106559 0.0015204746444783535 0.6936777099987836 0.7282330718167619 0.9756702279215882 0.392688415570284 0.5757263180902726 0.2478930110288905 0.9611520957828688 0.8119758419632065 0.6131974081497106 0.20075447137209979 0.9080688376939435 0.35436057198671955 0.9080421762551002 0.9560098815393725 0.35502265685861967 0.08520311292580585 0.7195966190576181 0.1981984571573725 0.5668999363689784 0.600967725198617 0.5015919575294421 0.728723532094958 0.06291393794982036 0.5354024917174726 0.14237250464413553 0.5813428321072873 0.13848366375611731 0.2626986004630498 0.88909743837639 0.6013892923107657 0.3461868924410403 0.7996869528833561 0.7888702320239492 0.4379597430882345 0.09558644071012667 0.9584559077042271 0.03747232258103339 0.1775283589650848 0.0973156764542431 0.8761109929321256 0.10873686272799143 0.23908924947843924 0.03383504480112409 0.3494043646945254 0.23863130437840718 0.7750855024890829 0.9725297750089149 0.8736742364372632 0.753329072086051 0.6376377268302447 0.3407710210009466 0.697999120549319 0.9062894764737108 0.11670525546481603 0.3276535586002701
0.8177412547284997 0.4555133779087316 0.18211677576395535 0.23732494140518412 0.13599404552368977 0.5494107284322697 0.8906088317014625 0.8183047466304088 0.21658271147550479 0.26055839716193374 0.22201748182547842 0.5890848189509302 0.329037766223919 0.9735199522469107 0.19756858629398477 0.8283580055226825 0.10083524330284621 0.9005232599711898 0.10674670507819561 0.86234401728654 0.32197505219982325 0.8891371481947207 0.1230478185421483 0.02931988201285285 0.5026478151332747 0.008905002699112652 0.3623989293421692 0.06858183745850477 0.6281249019992725 0.3772339735600516 0.274989587921472 0.5066877977783472 0.5358640165885096 0.27041233087084626 0.7194959898255614 0.5150857285627449 0.4585187503162895 0.4306336405716865 0.030451186684257947 0.7913597175451259 0.18025261441164409 0.5299172487403697 0.07182448856556767 0.06764371237766842 0.20830073339275879 0.30901044809760114 0.13883173853721587 0.09818830946035462 0.1313154022353784 0.6428250563010748 0.8423775491676214 0.9305917348816136 0.6954236719455975 0.5069405418160629 0.409644718131558 0.893450120870659 0.5815232924823363 0.712831625793727 0.27691656758062 0.28105100362120605 0.6540851385370925 0.423710965706377 0.44071296591838194 0.6727136820266432 0.18522141012980498 0.792264451900067 0.103440291271228 0.9228715646765971 0.0035511441229539864 0.07988606720948033 0.19139014475115446 0.48849356262324783 0.5840485509393994 0.4198879500691136 0.5995208519117616 0.3843477632263581 0.2707657807814131 0.35579689447181906 0.30408153660249493 0.8675934904889997 0.9778473332286344 0.48536495467005714 0.05972810139166551 0.4670160523350013 0.17762645500575247 0.3886243320402175 0.7301405709699237 0.5339316708142176 0.20708069691517295 0.7689388492929373 0.519357706575353 0.10666346055899578 0.973281374955865 0.24475738869127894 0.17442560061857237 0.7828991335872904 0.5502522466008557 0.5519618403928186 0.44649038490620585 0.5051093587972894
0.8540547727539375 0.9119132483891641 0.1363153450040584 0.5188337881146079 0.10792411879905672 0.8536760757291003 0.8231609604459328 0.713501240023142 0.7420987214051235 0.8516454869559638 0.10889868581651752 0.3992523956440639 0.5613065520068512 0.2184025325390243 0.18962595626276513 0.3926436755283872 0.8962409535051662 0.11842648582706139 0.5122902568097205 0.3544436755531709 0.0905450811599936 0.0975056770444297 0.05223180915342218 0.4480200645828665 0.6134934972738737 0.1401256921455022 0.40932190591981454 0.8808882021001132 0.014415987025210075 0.08743569979082177 0.006966999551172748 0.47948258308753344 0.4218426907830901 0.40712556229429453 0.4174068401151553 0.32390217034300095 0.46777705677544656 0.6718623657658848 0.3980704121449965 0.6028471224285381 0.40879812939066174 0.9578823304962921 0.8028426211667503 0.69915765241421 0.45300273334380625 0.0948793802758292 0.036486039805937565 0.16836200966591497 0.6670445787119165 0.8333170287258367 0.6669172387686251 0.8879865295872664 0.8520745487861113 0.3328099892271995 0.8075000122979341 0.6283385525405569 0.19260997313644368 0.7021137094415693 0.4613337961819567 0.5743491563739532 0.1666151098800306 0.21809686958113506 0.9020803245346929 0.12570940093105576 0.6266324037329694 0.15502324924554134 0.751023814843797 0.2073043055901327 0.23579307668464855 0.035612623291713996 0.06073235774735719 0.6427503741056815 0.21692865870982925 0.6346653153707291 0.05227068560449322 0.514960907553625 0.23158378718870787 0.4820409170439194 0.39179760767898864 0.02524028615055729 0.45152827637835957 0.9548707463287782 0.899629354854921 0.9862523192022674 0.8326621611310508 0.6518707314157366 0.10075251207530367 0.9805662517071685 0.42549081371580944 0.6545617523148557 0.3815864738163218 0.27295967896872153 0.07511042931592526 0.6491456688915974 0.22878903314758725 0.5018719357318584 0.44444275941229106 0.9324138308208784 0.28530414785875946 0.14638432874029084
0.19619216408926776 0.32883988009556586 0.06876355055645833 0.8674125702684109 0.7023198715498175 0.4201748423971158 0.9366207856372736 0.25343959199168054 0.648151250635585 0.5558940252754655 0.33866175206120175 0.365495657651964 0.9074641417440654 0.9476525136129893 0.9481590202821031 0.6118738999487607 0.6654389169302444 0.7713917483524793 0.7548065793299511 0.49602585574537916 0.32433035403516663 0.8020327816120877 0.5201635288640362 0.7292169484970279 0.1914575332710583 0.2248115727405099 0.6269146465240072 0.8633511228916171 0.4477510373769019 0.8170642199439593 0.15076955295144923 0.7312745223780311 0.6724099836240157 0.8350129438800216 0.8260154812530158 0.2893273859562321 0.369306808202877 0.3312886750959745 0.7427888192270411 0.2359972755452343 0.1544492090434696 0.7886516323353984 0.012704296630397405 0.14480060414784401 0.11722335617233581 0.24468142162256334 0.9667316204674664 0.8252095016759969 0.20941111146587899 0.2233772980617338 0.5507990343899397 0.3657398727544351 0.22364119729637666 0.199736441051649 0.7277623708804127 0.6649089120487985 0.8015208214905504 0.603120848129368 0.0650160254302552 0.49826129603228886 0.856326908450718 0.5128172344435342 0.14790339299145383 0.7577284507436262 0.7794185334594669 0.20639656371650394 0.40981740996358096 0.49684030639545484 0.4867024634755579 0.8158845112778979 0.6937291029215041 0.0208190217243579 0.7897340701640064 0.3112135056152001 0.23582499280417735 0.8031430418013115 0.6939593626437197 0.9936360890567183 0.7766359302191854 0.5226286136108464 0.9246079966187449 0.27700157204732856 0.7074806517047993 0.9980111180436194 0.08151712546248457 0.8440098248393191 0.8847673725635633 0.90042392729344 0.28949803029330246 0.5065957805738062 0.6776862704873554 0.258161458952228 0.49263152118753406 0.4627926800763752 0.8968045775157286 0.03796413941085741 0.8810447302767732 0.792849020835974 0.11344806088495318 0.84780586800521
0.7146441393276282 0.8959686514658962 0.33128984417388196 0.203105334833386 0.6875078890848836 0.09579641843084341 0.08144856065849249 0.5731700340328385 0.9175885017550448 0.9127827717662482 0.7075651761853257 0.5104249555834499 0.0053756120984552735 0.24548040822430994 0.5747249784831536 0.22388893499662565 0.5756569947279492 0.6565089595174709 0.7445929637816374 0.7697531551313886 0.5846146400509368 0.5909012665660699 0.1883247074661304 0.63359771649974 0.4854230487050477 0.8768107792338297 0.3070772865540964 0.3336177944497297 0.8997464161348803 0.5675236763517911 0.654199622062667 0.24038591361493988 0.3423031048276931 0.8082500109117553 0.918825617495232 0.21085778198100613 0.027364865951272743 0.11692230979388551 0.8880018477119721 0.6193381613335942 0.40840031045534453 0.2555233608899127 0.35968527440471076 0.11318453797380046 0.4326915724397541 0.8624591151591281 0.06630287173927807 0.3442277272127807 0.37311872287256487 0.9874996821658308 0.8300140671410404 0.16095073696098872 0.17591076736884026 0.2970895539162346 0.43038611105462043 0.01516984881555039 0.6438073853853538 0.032224529945496294 0.4448498478409447 0.45335570102160094 0.6293023021758635 0.09796507033645052 0.12484697096025599 0.29131328678237267 0.6569066160464464 0.634849391719398 0.06441179225710614 0.5652739219797406 0.7125586425065759 0.9575999261344912 0.7556104800408333 0.7902232358611434 0.20358822797111886 0.8517474431891294 0.8107792098266781 0.7896970633183565 0.917275853679232 0.6816243022841063 0.8045476422947606 0.3330995570995945 0.20655326655689388 0.9015564038344668 0.3324985176853338 0.6343140153899776 0.8783930442761692 0.6896607333883087 0.673321059636312 0.29250984622076204 0.6899987800602866 0.3829119425417402 0.1657904108808096 0.6137583067604864 0.35833176767337205 0.2289628536160383 0.75084971591645 0.07171210516511939 0.3778698419153226 0.71810863267566 0.9136278478351874 0.2989589045428821
0.8170976438746667 0.23530996991365571 0.24854482828289104 0.6054247769394581 0.28614817177277785 0.9552627150403911 0.2579977881235679 0.7929566423224267 0.6020663676261389 0.19608514646529385 0.2553700686930269 0.2870253317642849 0.5160640217029354 0.9867871377280899 0.15710839349052685 0.6359820204470535 0.0985598508728267 0.35856231612826894 0.9165610618119441 0.49115747879302074 0.3982501573130087 0.3894884745350623 0.2814497555225811 0.7640421690738286 0.529360005288127 0.08958203713832791 0.6838276682299504 0.554280430588436 0.18381972764914267 0.9624112539884231 0.08021900436444995 0.251338887009658 0.5877070843206437 0.05059986097542368 0.48392062605050723 0.3052296462547409 0.6712560825743247 0.865526863976911 0.6190359535677337 0.4639653600713787 0.14669028845151044 0.6088854047307779 0.5914045904227954 0.2623469812236794 0.4618449304354898 0.9596279897921619 0.9136905325595833 0.6889872617254298 0.4303074019407753 0.12511536489221642 0.35247102672272657 0.69124564618168 0.3952690664693036 0.2502626576859932 0.6619496109179875 0.5128138446468093 0.22617441977162112 0.356125527781771 0.21502120062033914 0.49122711424062426 0.8177127789052338 0.38429566093793466 0.731150323936366 0.8596416004182579 0.22895034820095495 0.8245250796875062 0.6720195384529959 0.3920622182179222 0.29962065687088935 0.5585133312525845 0.1750091792348425 0.7917784551721377 0.18605769594491495 0.6915770171326378 0.2336009417697913 0.08974468771009925 0.4858683518954078 0.9724184960762566 0.16724022905432956 0.6233643277730846 0.19033479007250143 0.2108060680308339 0.7265662710875472 0.8505336563632163 0.3640442763959083 0.7322460439656714 0.7481800433266873 0.6590948476011705 0.6104929943470783 0.31214424698171195 0.4521301671145733 0.4100021975541398 0.9849209724149793 0.738938213055023 0.6443188742024069 0.2011196340874053 0.29914261510457785 0.12607964305471298 0.6369022969240762 0.6754716385000124
0.95070671486432 0.9073397784925561 0.6980182277350333 0.5840423565510463 0.8382095455513588 0.9854912912458064 0.3662848572182925 0.47900816708923233 0.5365224119820241 0.14937761004154093 0.5045300352745138 0.6146068731579037 0.726482071910052 0.7405563065483031 0.5170336383129656 0.25893736509883836 0.3998709744891378 0.033803478810894516 0.3191369475911775 0.40807590182582953 0.859137096504355 0.5972947695599278 0.2623943333610451 0.9750256644749241 0.1538101854730366 0.2618690864009615 0.09452264660860998 0.3864533401570893 0.12348312372858028 0.021125611737132566 0.07616512186430147 0.14841054915677232 0.8432209997777633 0.7890978260843686 0.358621133139124 0.7469339950285487 0.13883502435349582 0.5670909500682196 0.05616718208397142 0.03841070135913849 0.16263510452094576 0.7025294418507737 0.9493161664295509 0.06665523826762387 0.6353166990888428 0.14178323047405372 0.4848976214439542 0.7181994283156157 0.864809492868966 0.05225012158070108 0.28067190173793855 0.30132933054199873 0.7002750159965567 0.3997391165939871 0.7764333761850772 0.5240218616798689 0.01985759152951183 0.6781737821253699 0.15175433836171914 0.9856195381729042 0.30402159380135796 0.09788211096741528 0.4153249354265365 0.9092809870859484 0.6052404904467933 0.9813592634633543 0.9777915152505205 0.0192913752562881 0.24089558338653305 0.667688642872963 0.5554029247802212 0.04868083044275073 0.2538277537413768 0.43900459237513234 0.13458325493131496 0.7461159216592718 0.2955145396563793 0.47058610872069495 0.05379503720376 0.010661313387077098 0.8970821748497169 0.059990875348779005 0.8031610209907829 0.7166396077872208 0.8604491026977047 0.09620161427774843 0.8664765557083615 0.9069697879929417 0.23477431174569197 0.9726788574968945 0.7706328514216461 0.9733509965162132 0.39340860231411545 0.2901185853511685 0.05854590512481084 0.6733305723737741 0.8963886902051393 0.8015867925749225 0.8820899041164526 0.45251476441601035
0.19760041577963505 0.869959148002245 0.3654352575692946 0.5547538180999603 0.3691135099697108 0.8938004520774686 0.8940856334554458 0.25668857295439884 0.4410556128702904 0.37301905551004333 0.08942964041977508 0.4093722396860783 0.4417731961126854 0.8917618068329344 0.37715970383405606 0.49597124137040605 0.7425457106826974 0.04299776824559132 0.17607575231239891 0.5341964413052421 0.06574910468910045 0.3974391588002434 0.12633724116127543 0.3463761803253189 0.7744193352732254 0.9458851334081002 0.3244135308297176 0.9370824261049177 0.77310457686246 0.7018089206364295 0.5610291133185259 0.5693377921171614 0.22015420092583504 0.4713124014561543 0.3674742133577361 0.943606351122744 0.42570931909717835 0.3349806179429078 0.8495348799442723 0.7915930361966173 0.947160908130594 0.543351134981187 0.43820435661072765 0.03997590331222334 0.7564784542914202 0.240253932711058 0.8445581482640838 0.5873586557565427 0.5277368364550915 0.9879781998218657 0.009583705839285916 0.156906048973678 0.6178732888289861 0.3860602041348453 0.7822312140207204 0.5770109256131823 0.5050541526017961 0.08345903644601005 0.9371560345803853 0.8000941820470295 0.18778315604999396 0.5853499121477761 0.6453263945191127 0.7983766326849852 0.4993585663495248 0.03650794952196268 0.7983212459997988 0.04797258144388172 0.7421855938945265 0.6542016783917098 0.05560831831771618 0.06516421942280948 0.30129376921174345 0.3357618815241311 0.5286850414089858 0.14800630662673653 0.6042868489888225 0.2595875524489957 0.5512007084509442 0.7605027895135569 0.38249834392709836 0.9250575786612998 0.5827137901090789 0.12392557842597096 0.8791332533192782 0.9470961828524943 0.7788773741403353 0.5960875693727946 0.5802824357154274 0.005669431749709686 0.9733577310632321 0.30215838951408824 0.04057564463572494 0.5720149245629907 0.4818044969466503 0.6437772454113944 0.9327252378301544 0.7166182770373887 0.5362373516951202 0.15723220961857365
0.9094544237655698 0.5042679202888385 0.8953057232348663 0.4009641514516553 0.10033233250812823 0.7869370857136888 0.773290405810855 0.7327242567588861 0.8529927916902568 0.3937800587011455 0.9270622913499097 0.21984983919951295 0.3064548995972429 0.12683328306136188 0.19541582035662763 0.8195063625778156 0.5640998053318933 0.14365066808964422 0.7071504097897952 0.7771850944808532 0.9235501764078659 0.6474765020135343 0.9037514515207098 0.2971540212959728 0.4243896762551369 0.6564432875688267 0.306207001035658 0.13584297400544965 0.9214075224546133 0.030056888402506088 0.07012161539147876 0.22897910922576903 0.5082053249000363 0.3005175973919183 0.12945699569941282 0.6239963157121884 0.16840099163693312 0.2296227906753494 0.48642089399714983 0.748088137992034 0.6470036884305538 0.40640877236236006 0.1304515966770191 0.16814989858164298 0.782439785198055 0.3034279633853909 0.8570788457748069 0.9550786792471584 0.32142533313224064 0.8574637660745136 0.5944770366266174 0.6766558854435603 0.4585811894060773 0.2638210550382333 0.43314416533654676 0.7503787120958749 0.6967125135024987 0.9260969178118224 0.6744661118342212 0.6554338751725273 0.338496204767164 0.430449939762095 0.7696194207149881 0.5553009556633391 0.6157792669488984 0.8639964512428239 0.43893361935147934 0.3808605013796744 0.8763117419279707 0.35834505619560386 0.23530502265690756 0.5627494578159227 0.5331553697550236 0.015625582393201443 0.5565586288135266 0.14335968995322113 0.9980542110646206 0.757776876740852 0.07137105665205767 0.053777799845572294 0.046180494365449465 0.6113888424273702 0.9700762537362508 0.6717047951417112 0.6498504233565167 0.6848466571971732 0.5503816363742577 0.9680907794333519 0.857816142927256 0.9789740353998153 0.21303879715799456 0.05929316371587923 0.34808887257433474 0.6775259187357688 0.28993769808027525 0.745907502481542 0.9373505088638395 0.9224719720088206 0.9934990322961857 0.8720050864402134
0.7738792863653545 0.9895862474088928 0.6884061017988101 0.9696837494977723 0.17645797105202143 0.6068478671865436 0.5122966583718939 0.44794127370191283 0.014993512016136301 0.540887596129127 0.8474944971321305 0.6644416578663702 0.9911744497043921 0.9228940377216294 0.45689764357224905 0.18953698878683278 0.5990896400506462 0.8057826079590994 0.39188896049166444 0.6295104277143823 0.9390671222587664 0.5103151102941336 0.7610737715443987 0.696434423405805 0.37060270195146405 0.37537121785383876 0.08782869618516786 0.314077486861257 0.5656892001225586 0.5899900040433425 0.8177075163087081 0.844742904683039 0.45048824765583506 0.24349357774370883 0.5720665569770779 0.8314177464116901 0.5610669079647642 0.34065148579174453 0.050325984066906915 0.15296284934866144 0.7195009112548131 0.6484444831584546 0.3821458134901601 0.39955175167605084 0.673081811612326 0.1275575840978438 0.583064919349635 0.1402111295608146 0.12560314373113501 0.8666538275316075 0.6917474280440072 0.04806941229844375 0.18951275563948178 0.9582562159637127 0.33999524887237254 0.845423495581395 0.24194363013462583 0.6586525813581319 0.42908355180156543 0.8374840654543415 0.9007619483487775 0.21524551512312473 0.4101459857046976 0.4824369499177198 0.923328110209246 0.12147179538212804 0.9188189538142756 0.6946791242063587 0.47168994396282626 0.5076404753806903 0.43062513067374164 0.45555949843287025 0.7407102425539276 0.6900745263139003 0.3022742307105053 0.6363242681640416 0.11506090113210232 0.7760365941684972 0.3017107057889986 0.13563612701599315 0.46660400650102063 0.7067937990996387 0.4405938209964956 0.8730389291364438 0.4712813898208963 0.42760771388554775 0.8675640826043666 0.5490466061812259 0.8075820042272657 0.7622094442557272 0.32388522100945905 0.9510027549868183 0.003013518785506819 0.8890921374121162 0.09639721196289952 0.15768620181878168 0.0871669689245177 0.03380658710792639 0.6853388782554095 0.08417176502211055
0.976411921758567 0.803936308469816 0.28555029613457084 0.009635916954864987 0.5352331761301524 0.58097039370434 0.8725159678087626 0.16971457987141225 0.7174153182322748 0.1278780185767009 0.10939207938082929 0.23180994995980064 0.4225275503136169 0.5661719087743367 0.9988747423516343 0.9967449239027669 0.452681644391425 0.8423004805687389 0.3321284527837777 0.6252065991891697 0.40551675345901916 0.791977487235114 0.6486313130410246 0.24998118806873548 0.08607368860461828 0.35609042050716944 0.1514727044806743 0.5648187059970844 0.09668755657748529 0.3943457645926757 0.5320422671687502 0.575863366994032 0.9830626347875765 0.9163617126372475 0.7269525460001585 0.5555569877906493 0.9928262565309766 0.32918331009229485 0.8504542555215765 0.18505110777967593 0.7036545848486478 0.4383106451387815 0.21779559129696924 0.3135252393058626 0.06145994724015391 0.23118528381324754 0.6137390381044443 0.3165973527067907 0.3525584334764512 0.034371645680232876 0.9518018091096396 0.45466205230959655 0.930296960194764 0.10788621449007951 0.28006265440121036 0.969249939106688 0.8920362777737457 0.13334616762399598 0.644364445127729 0.10405133357437102 0.8978076700366536 0.4511305083594592 0.6210647020156717 0.8339511032086155 0.3556665817581388 0.6414818789840848 0.9519628888782307 0.6616738557939089 0.1286993724122366 0.7238919460276815 0.7024607623718264 0.42348763812618695 0.8945421646486755 0.9322506848337776 0.07616621322045913 0.7724546812728508 0.3682526227264439 0.6329310621221962 0.8690119179820396 0.7683197844737655 0.7031609728762885 0.3882368167427349 0.3799358099306622 0.6480017606925237 0.14862845246139522 0.1937269095790234 0.4851193284938051 0.24026487230909488 0.16863878739137217 0.7244548521765912 0.9952906994212604 0.25502419604968385 0.2386190143827439 0.4747245688368802 0.7087323312422125 0.7406292452633051 0.17606820029531534 0.9836860726538038 0.3688623149172656 0.9835380847112961
0.5327544640333455 0.3801225705825211 0.2601687767725338 0.9725360411158025 0.45753590244514786 0.05907714508652506 0.16696814043824337 0.4155685685984407 0.2507000786396436 0.3172642800167751 0.8135320399863463 0.7254434949086453 0.9361106519728576 0.15301506450956204 0.7326601645918955 0.7971487657366857 0.48153502926896197 0.7855367006240723 0.8227272970964417 0.06436569065386655 0.18281323187339416 0.8924259794131238 0.13488027767318045 0.7799095571663953 0.9381909955456623 0.07466451712195588 0.5453145098462518 0.22966178537113646 0.16181765308398077 0.14303684986532061 0.8336749253889236 0.5741689378111049 0.5032548263237939 0.004108471550927861 0.6727623602837572 0.651845537450178 0.49383032168309027 0.10554620597436293 0.4980898076900939 0.7671601110147177 0.08147860430157916 0.2937289829100468 0.47141594235010886 0.20061358208555014 0.5249174469084866 0.7646202918856151 0.2793806100703621 0.5923065609561184 0.3853620891106925 0.44310484876614087 0.30806988499859955 0.6961681972246662 0.2834695670745513 0.06019550208088498 0.6728129856684985 0.004796939031983416 0.17865671437184039 0.9276173319874365 0.25319853996629527 0.31046986144432154 0.7536000178802116 0.37375066717047034 0.3465761983158927 0.6864868792717193 0.567350463806489 0.20355594825382828 0.9755515952435371 0.9781950045727251 0.6177504202593077 0.35963286651103066 0.7233802482703229 0.6239121503929002 0.5190169918525772 0.6716958776561732 0.04807650496616822 0.8481695670898184 0.22106130351330722 0.13690230484996746 0.43236846487788294 0.5306682822087362 0.903669171586453 0.6157361538286032 0.5166578426542067 0.18637339875479497 0.02232455502479147 0.9456700995254179 0.8696260478898376 0.9759536713763197 0.7413848745680388 0.6292453932686366 0.8306063041679889 0.15700822908976664 0.48825011827215603 0.0023627703831098357 0.8018046406096131 0.47827452032864426 0.1048516212168571 0.8678589222152714 0.5949073655126682 0.8053300324254197
0.8759113084609881 0.8518963757049944 0.8490041301771126 0.6652486700995143 0.9480941752279071 0.2675114418781054 0.6044928790052634 0.26022410700099263 0.11646780691509095 0.8493120084313882 0.45447638723102346 0.31487231410181893 0.01625127872122134 0.7187501639439915 0.6623914402773936 0.7974828444092404 0.9032935768646383 0.6345901730341514 0.6649945751136003 0.6432141824730688 0.365215443892396 0.5355196749098394 0.885048470697271 0.3466054774053643 0.7066137384054276 0.6870358984676621 0.4139004109374824 0.770749438802191 0.6920100006644033 0.7225657597800492 0.5414737495209336 0.8327784016116363 0.5922869057445119 0.9969032169663713 0.49015819040480824 0.0019112587693219663 0.900031464877084 0.03538249133538229 0.395195798570967 0.31497533887336393 0.23655058790323102 0.9581510663231411 0.6096396067701346 0.12100456076723642 0.8898065004910786 0.07345276603623863 0.9494908552472148 0.04994014620394216 0.2376987457507882 0.27267390657490687 0.04854191145304898 0.8813763495286822 0.18874241177450857 0.7192224659322817 0.4556402294472155 0.23586673076041675 0.716735269799074 0.767757949890257 0.9209748547613427 0.18211745064409401 0.06183923020869764 0.5821172143032636 0.24802823389973916 0.23330288358960938 0.3982765925942445 0.08641370428635342 0.22165785832069596 0.20483926953307863 0.6736292312734942 0.6365140272274932 0.5125801906243617 0.27643282251251655 0.475116190863058 0.3780814144675778 0.9124579838275383 0.028923751583023405 0.74251507484605 0.7235234679730953 0.06263936183897323 0.535250681660058 0.9032699140475499 0.6520857241771499 0.9168876148533636 0.26848247483019727 0.7531424897687544 0.3021446133599277 0.03998831068063735 0.432648161204628 0.48611866978634555 0.9738003301902177 0.136640866792467 0.8562897549111803 0.011427052442440022 0.808347977105989 0.7368315654765506 0.9417453469103789 0.6807256747418531 0.40349719779429394 0.8498841281295068 0.31654346727510874
0.6580150962382725 0.9982784434194283 0.6414712643603041 0.1756531571834158 0.24648056501229154 0.7234371132740618 0.520663847517938 0.37393882877112206 0.16676823266098184 0.2756030314934549 0.9819867301150836 0.7092472969700988 0.23267400213504907 0.3410072771491348 0.8136976901069146 0.11810615704300254 0.1689326098855235 0.605197104858753 0.32839694979069645 0.26103381587490027 0.7522128387833077 0.29103663658704737 0.20595617851347103 0.15319700771338018 0.7545760610549035 0.7970225404309087 0.4680913452680142 0.2645066748619118 0.9897927954401016 0.8592940108097223 0.26027110051844493 0.10454323022013035 0.2677863943978871 0.3814638457698065 0.46999490891813167 0.8575187559243095 0.5058652248284214 0.06526516315367248 0.5248685136854101 0.11363684735045554 0.5403821344910384 0.7058030527215876 0.22597576570457467 0.9884817543896669 0.190425809661097 0.1848299137289211 0.9451547457070638 0.41420422123672984 0.540983635037822 0.19550202449555942 0.2029101307687673 0.0749265941684999 0.9410398522053044 0.004572023680920356 0.672994811628172 0.5064549774457171 0.2220329332386608 0.0708571931180405 0.7520249991476194 0.9772993580481385 0.8617549393670201 0.9570613602438054 0.9274015886638292 0.039489727619544945 0.38811153475510873 0.0540130151732352 0.4689943394339393 0.12214545931099707 0.01640756772190133 0.7188863721027589 0.6661684015856452 0.24930800508017203 0.7017623989934473 0.9028742534685325 0.9962242085953891 0.3193658909416448 0.2665743880904963 0.16826976273829775 0.7106967060604801 0.9614721685676274 0.3948915185282692 0.616831986743762 0.2324665627122091 0.2576044517775441 0.24251456773360147 0.7535804261288295 0.5680819133187897 0.89825472277904 0.6213309446154924 0.9004351249850274 0.6210285394331617 0.36954809169220115 0.9236867610079095 0.6619171410450824 0.7302181541285057 0.7699896321659621 0.49950673865945394 0.17105327212963184 0.9663062835759803 0.12473812910911763
0.5990451910608603 0.5327916898231442 0.29008900990213915 0.8275423121317879 0.8312991503173822 0.6254678750735381 0.9948212786956246 0.5598211760399179 0.6514145067665084 0.5727857490592675 0.5078281986839109 0.859610604744542 0.7778067458204125 0.6372022890489087 0.5093235244322056 0.1327151348039476 0.0912196795449961 0.9736891477536339 0.9825171433881471 0.6807485142979298 0.38683092114490913 0.5459998916425584 0.4341462166912169 0.44467616303401714 0.816741720560536 0.3937005459445303 0.6900429807645037 0.8594205203471796 0.6112712436430034 0.8603288047063993 0.7677358019238512 0.4531224252405548 0.5409151418841807 0.8325638271907672 0.22702800638051113 0.2992163446417553 0.33512104616107596 0.32002124350372996 0.17257506571620684 0.02360112829658534 0.36424938623943526 0.563725617930755 0.5848601377293926 0.8445289297149441 0.40700052072487725 0.41523297020600525 0.06595366912777711 0.13814797498588394 0.8530653871911629 0.7792766272616111 0.22379852762412145 0.9560111905305411 0.2197305998051331 0.6398704227175888 0.2888028280400031 0.6559778814971875 0.8680401856128763 0.007792795570541244 0.7959056409444472 0.9560144819571773 0.6172291162449252 0.3987977589159867 0.4270506293450306 0.8855474111225546 0.8124768977331444 0.17437877720705952 0.7829436358731325 0.6138458491803804 0.4039399765181986 0.17513813721527993 0.7882811538360053 0.3489970961168838 0.3980932283661347 0.7246955841527754 0.17519270795966269 0.30478492681894287 0.9343476107780752 0.29973251809201595 0.6441884021628237 0.43544411224477886 0.5019011685064816 0.5509203304912796 0.9739242711942807 0.7597124893648345 0.17649136036101654 0.5601485815432036 0.8171275817387614 0.5186188381154243 0.282672590135272 0.7359737319043052 0.7502722599877184 0.03890281224425918 0.9442519728329412 0.105700169931081 0.09773795957028841 0.7769932703721852 0.19084528055628025 0.13746873646775304 0.20196964705155696 0.3918145215524448
0.7316915357608135 0.5816237923756876 0.8139720361514073 0.9316328336158838 0.011327079296491238 0.3649425286388531 0.6313709523387406 0.7322811854835859 0.521474812333994 0.30302706972010585 0.06418963748832063 0.9334839124396318 0.11972181682568883 0.8506429120418073 0.3551665175908517 0.21346385511485078 0.5230174690968896 0.9567923500653078 0.42698025949809015 0.27439753958049873 0.847422828267285 0.5124215611904349 0.44411805456237463 0.6753407867875646 0.07061604907298058 0.3308981789531863 0.2960194366846207 0.27765822301761667 0.9702746462720638 0.10452128634154201 0.2896691495258935 0.05461761755121075 0.21537662791499246 0.33936831456393124 0.017971625899212862 0.9772918564843424 0.11135257447396052 0.6958682746066716 0.9039787158663628 0.13302880520654525 0.4650594040380551 0.12402701391277726 0.9733495010100414 0.07613557343979005 0.7941196212467379 0.5707793903460463 0.8015138851468205 0.1124191840154819 0.9168828867421346 0.3857265254032888 0.8623279548087741 0.6489552788723202 0.15315108377976616 0.9317813759016488 0.02812773350872888 0.5792432497940826 0.337370780067764 0.06694428595659685 0.4791784449378482 0.11506939453811105 0.5946012623857407 0.4604994442000332 0.572429006897754 0.17251660986611494 0.9571571449035594 0.3369581877796404 0.5573255589191208 0.8163943837866627 0.46282739661281214 0.29532052512359164 0.6880918542210721 0.34942653265813484 0.8264033167023254 0.4940351092924632 0.6364935435531963 0.14005559467386264 0.7172241826364592 0.2867853646367339 0.7071292810351772 0.34920247910948676 0.06483320956076732 0.7184818295476683 0.5627302798764225 0.7827581850046113 0.051878146358686816 0.13996605630371006 0.8968958327959431 0.1962749981714892 0.4158971239037945 0.5709038407787622 0.37110381241523915 0.03942098583292386 0.01814886955017092 0.9316813213219624 0.4601522025263003 0.16744687685024218 0.8921549570020464 0.4327367924779554 0.22902671001883035 0.3480023644189516
0.10093239877509563 0.33639671147806194 0.6662336799191847 0.9536296826594985 0.6784032616317166 0.7643322137684586 0.14570052959703328 0.09468720173599621 0.7702262408320273 0.5131453392738915 0.9991367228531834 0.43111567496078895 0.2599496672534829 0.08415973087987239 0.9710231994481515 0.6109902666488624 0.510739541854479 0.12961266929500825 0.9303109870868003 0.8700880604435566 0.4414901116649508 0.39949392754882096 0.23592213623017788 0.864297289927241 0.6677119762566384 0.5043521602122422 0.5184848607267603 0.660069916455382 0.5484438506173793 0.09383432982552342 0.38040024591648447 0.3839882542895019 0.24745805545335953 0.35595900968536276 0.5591022231138667 0.7532723136318747 0.596968922592862 0.3476926433654288 0.27366497236000464 0.2783516407440163 0.8168176805030115 0.7938747204129083 0.2633535121089332 0.85493446514845 0.9996210421757182 0.3833641586643577 0.716341288244898 0.025575826760579123 0.524833682687445 0.2002030569124339 0.9687512311213341 0.5065973750707538 0.3857038571265323 0.37155480349077974 0.03420521462903492 0.45976028367291377 0.19626332430163673 0.29948853906557005 0.5978178860906062 0.671109617091738 0.07151515213103632 0.304066740188931 0.10268500916474033 0.6865793076569454 0.21021151250004722 0.9892432669589061 0.19875313326037758 0.3223772256413694 0.8031456746138544 0.7536641121282445 0.02555965686196704 0.9267056490404996 0.4262859374664725 0.5124660323028295 0.7578465711787921 0.11110542456557504 0.7266527506793952 0.4786621750269908 0.2609093696260075 0.5821140775511386 0.48650415515804035 0.10687226504587488 0.6238774898798902 0.5864032387522877 0.991677498406016 0.7736923933450612 0.7817901336699038 0.7678383006200894 0.6553783780794189 0.18520521313526095 0.43056282781881505 0.9078088283837196 0.6238746864373627 0.08351949974597095 0.17768948280366537 0.04157864837797076 0.9928019787772705 0.4332323845296887 0.06711075891519136 0.31943683352457974
0.9896133016667366 0.5599513443861448 0.3540422821862609 0.6812693117328155 0.01016776420353116 0.23247097891660207 0.925918280011972 0.9015567775702271 0.7154019694558299 0.09718795274299108 0.6028843573320749 0.6859173833929715 0.5093436562943451 0.0037459129154836512 0.9920461898432135 0.38511587989224116 0.6853239598825767 0.8770304098201739 0.4042042595262798 0.47011074310907786 0.12383339507638746 0.611824234599382 0.003810014681511209 0.48645148996289644 0.6329908010962312 0.499207086248073 0.5789695654972644 0.10508070810708092 0.2735574085711884 0.46810332627055373 0.27960462327495716 0.7141015685334647 0.8763378479141657 0.9812084001170099 0.410358803969204 0.20919503652118465 0.6292978785452702 0.4317288440614212 0.669703728885727 0.9817905357236119 0.5790370286932148 0.2969351000423115 0.9101476101496306 0.3091071157438846 0.5104145979756536 0.4562785237113117 0.9545491103698687 0.4117522536782723 0.8771339273368636 0.2882052634705379 0.989618571310982 0.8642186918128818 0.6020289171403814 0.2882210910376982 0.10453636084219275 0.7094524618973722 0.9239201693119534 0.6142026973527491 0.5736546962533553 0.0566766058291448 0.7982357575007314 0.23914682069349114 0.7965728617056478 0.39047948956721956 0.8388675124313214 0.5493253306543214 0.8483515682732637 0.8474342521270093 0.4106977987743319 0.034779554772314425 0.5586082779237567 0.017101944405496283 0.1243845360815744 0.38538468827755956 0.7307494400488488 0.5651591982533359 0.047470545934946595 0.7834828819937975 0.6810025787892909 0.9375695523646359 0.5452710525789921 0.6803702429898608 0.026443711205569986 0.3120387369819957 0.30151898386389975 0.14880646077409398 0.6298089950619556 0.6455722054471055 0.17102169748089824 0.8362176803124199 0.43646515370735584 0.007068775044149378 0.6509880565086179 0.951339567672278 0.3764331239031753 0.23783217507843013 0.3522794405670888 0.3999339120191121 0.6058054266950191 0.47679183120028157
0.6542507876907815 0.9362803446378257 0.8202381762559193 0.8576992685322163 0.1036945238083331 0.9059306947551458 0.7963022060953472 0.05686085942617103 0.7199001431921966 0.27410199978503913 0.6838689161984234 0.45370832368039404 0.03998241983231665 0.45980425177806117 0.09946441536982842 0.07653092338561573 0.38981032632851975 0.46562171871702807 0.8935358112868188 0.3765809928812064 0.07321258111054685 0.7706002167829702 0.09611951332320057 0.868289196740177 0.8589413698276641 0.7712492380780948 0.8063725068337392 0.8376746926461752 0.40014923584577344 0.7491504615518798 0.3568227798590329 0.6724582920829506 0.014344591384963579 0.6236028508253078 0.46143216049898217 0.25504193767967953 0.24501162761379414 0.24011784736531883 0.8529398299708045 0.2906725164325764 0.9598219063438224 0.8531600953321402 0.08303080222254156 0.5008225888400262 0.8818416345485381 0.5350404723598798 0.4465280593389722 0.8086508195539365 0.4996394839950067 0.4359874894367639 0.13815113698489823 0.25879868970570996 0.7144692870308569 0.11045478035810008 0.1858882377084583 0.07018092185617741 0.41872944295728176 0.47569916743983653 0.9178764330790647 0.44919071201036875 0.16811163377501515 0.38435490975319186 0.7049023386536649 0.96980458564095 0.6634838578562428 0.48911182884978455 0.37054598930970983 0.2505693901834237 0.2593200768299002 0.5847843339068263 0.30076566439250174 0.24551705840808813 0.5074264856702394 0.20069292713926834 0.08347887926047393 0.3764935509291576 0.13761008339023229 0.2773531574072837 0.05348980934616554 0.9511930325481049 0.547758689800793 0.10084446044996953 0.8210321177904705 0.3900023690967219 0.5770000057123652 0.8911343999926169 0.6559810800814547 0.8540563058243568 0.8608239068629497 0.5817275232436012 0.5447751450309771 0.02259939258013599 0.6360001933350303 0.3175646132536071 0.9659724170920212 0.20359178636560837 0.3247099956997198 0.7030031784196413 0.15768230287239526 0.39225578015802165
0.011398143871352295 0.11408731647659565 0.10737043195615759 0.5389635704226179 0.48721850954151813 0.10358416870063536 0.15251252437551255 0.1201585079681623 0.5283864313888518 0.9338417750963439 0.7096830741924407 0.9816029022155466 0.3587830916721305 0.19930236000252133 0.2818231592664717 0.7750169210489113 0.9800466807596945 0.8096778399285464 0.34892771187425997 0.8511177546305327 0.43520707956670246 0.2894528718573336 0.3168758845768288 0.7454173652226084 0.7816986847393138 0.4509391643277352 0.17728641710899062 0.5460975012061862 0.9597389598703572 0.00046717892922831794 0.003899531861179084 0.9817495713585381 0.5681979862003004 0.9885556012010519 0.5949052528837792 0.6908794515277288 0.8058239106574003 0.24400104763769848 0.01780144069788714 0.443812975596906 0.6040577051229603 0.899098100501119 0.3211893381071066 0.24109775641592535 0.7191132564875381 0.5320618412263176 0.16666050407438515 0.973999731912359 0.6306556793050824 0.6760480625522584 0.5023245045915218 0.9726741464266951 0.9805608887687098 0.1356189620002698 0.048458312851130336 0.4735745173827913 0.2531584242044017 0.35051887502711476 0.28203021665439887 0.9383541241403635 0.19105325000515805 0.5793775367589692 0.6550244169897869 0.153756212263216 0.946382406957541 0.8116162598573214 0.2868379535870681 0.4498378079121629 0.9807712490755823 0.16623275804043613 0.7326813146638901 0.026493982756643275 0.1991609489155841 0.7087160624824469 0.009717342940553375 0.35988799154433615 0.3910971739823823 0.1197061189464258 0.35538596960465585 0.3176688959106019 0.8157927097178264 0.16328613993034824 0.6180756866800251 0.022388551309670435 0.20592694800247846 0.09846744500711979 0.79449167748587 0.7763081226311056 0.49294419659522937 0.47166960495064436 0.952143127240565 0.06935878454081423 0.4197849553740093 0.3970356285578638 0.10521310131268413 0.4729427410133382 0.2205005046595201 0.3175345779195248 0.19496523435951418 0.6120758382731533
0.4623524591277812 0.5086996296837137 0.8142525026453571 0.8278055328290747 0.010743734301896901 0.6947146939154538 0.6388555943028398 0.6808344441734724 0.329538880952263 0.3434548763699775 0.24842834916674572 0.45182647338494775 0.2893525899411368 0.4520061612085017 0.29772484940811916 0.5156606121370861 0.3576806822202925 0.5292734367001688 0.4691599795954787 0.30715817475727514 0.9402835815528124 0.5404578833244322 0.8595172211550113 0.996677808588536 0.34715724585881746 0.4159426242792569 0.15838110813772577 0.5712388895824804 0.19753365713712912 0.6169675326411784 0.6145767644478465 0.7095042495847492 0.3689486893089896 0.07138512390201379 0.1457665477624227 0.1857354845450786 0.5586633251166745 0.7648126954015623 0.5735396300067982 0.6101797010639556 0.09853878764504564 0.993206333492738 0.30610156304780034 0.6822341554557342 0.4371809165891485 0.3156043882764813 0.7776014362646524 0.6936735936157594 0.4603121794283179 0.9328055835428112 0.31073674395635875 0.12582254297415807 0.936556321573354 0.7084807235902846 0.6033161324773145 0.5953797813930023 0.2457407726293478 0.6743271703611792 0.8255987663853074 0.27263751743463793 0.4924003084145878 0.9480284454941604 0.24114271663505382 0.5320009753653975 0.5375881744755833 0.9173479809522986 0.8768984175211841 0.41872196395368944 0.8689473523403458 0.39750396596838367 0.4838102195920361 0.7002120712698269 0.7436333575068048 0.0066964122453377906 0.8335189271367921 0.9989796453073424 0.7399202288233022 0.6637286761790171 0.7790542193018708 0.5511490507571056 0.739925921373582 0.3552975385654811 0.748883366017871 0.6210144615307261 0.32003488676209557 0.2743159384357783 0.5645680883827854 0.8812776834831452 0.5749698964375548 0.10212530568367773 0.5662117242735886 0.5417165222430379 0.9529795375977139 0.16976116254004303 0.5427936009939578 0.03342171083703982 0.8980221389382524 0.30683399643893294 0.010817134593174016 0.5100737487019414
0.9663540168098085 0.9876832830127323 0.33130601427161355 0.13609379183139148 0.8966693918579802 0.10753654923240197 0.1534184604933424 0.9922226709238281 0.7357428083895637 0.9965614074637434 0.6918806679186801 0.26753504967917907 0.5292792928297558 0.7603506192970745 0.6425251639998006 0.3890042709150924 0.6615911899238099 0.62620530447885 0.5859861317402735 0.18905024959482275 0.8787362292788138 0.7466298181850825 0.9115006575912026 0.19672299582605068 0.4042230569272287 0.4010859838562616 0.09537956202589659 0.5200771301970343 0.14128086458430333 0.37411515036782617 0.09166838444279535 0.2535784918504457 0.34867757510112674 0.55740411138895 0.47149314492745253 0.6087303427568997 0.05272453812105571 0.28038260910269897 0.5158575966003035 0.7240041087579815 0.13943405707410106 0.6018870678703923 0.8114311280495368 0.4829190929055094 0.6720973078184913 0.8132567002558718 0.12504500519841688 0.8895557864477891 0.8006952422386924 0.5115446502220764 0.39962667174467803 0.11877432859646075 0.6883310997029234 0.8788331384510959 0.5012668423985394 0.8169799685159721 0.13605752115628245 0.06771025313939538 0.95393829704252 0.39052470442164944 0.49176521533281436 0.4199143877910507 0.9004392677399494 0.9216727813670911 0.8461603502168551 0.9292465806710093 0.8076921482537177 0.9685862573808133 0.9609521166836514 0.20796915515659686 0.7048126594609327 0.8212772967649979 0.9438303570516012 0.7324962142917497 0.5858837829084959 0.05509496472201436 0.8353798826600919 0.7921604441032777 0.20598251764726894 0.30393747773461943 0.9597439320177369 0.6850267795695761 0.52119619387467 0.7997777843991392 0.38133257783297847 0.5624600797035133 0.685896809826603 0.8633876239770736 0.4820483263684444 0.5717906269301166 0.8576312234260604 0.8649810195466917 0.6340423455438727 0.6973938186795022 0.06591946508253954 0.12804342041492067 0.5196780035083712 0.3840825635536781 0.10402993144114969 0.22682053268153413
0.007345660521210995 0.32627205724314534 0.5371697898950919 0.06736767086806228 0.6195052739778671 0.4218722362753202 0.8337738271161627 0.4656908436347922 0.9299814098870484 0.39495803184889844 0.8878134552712883 0.921673884445222 0.33253640115624017 0.3871667861219118 0.04071931607528545 0.7352662114671948 0.8411789378257626 0.5215884223449267 0.862993682507628 0.5698080360540716 0.0943375338441228 0.8583720909584939 0.04343607718080744 0.9719298553117081 0.7729989399196556 0.22084717549400978 0.7485436497012211 0.21098494423105274 0.23556310573244998 0.9990109597438381 0.18962455519879606 0.09198688269452737 0.46709708244873527 0.4555198944878167 0.2675804218624459 0.5219436573353293 0.43061410795294897 0.7571770021900179 0.3709087099137346 0.014354350892477052 0.5139045809106834 0.23166031108056706 0.9644026526323 0.8178139171246797 0.7003546014018249 0.5134947075852603 0.8192327866634191 0.05940347228908249 0.26077387857107637 0.3367062748504053 0.5349742770965807 0.8794143071781764 0.04244388287746559 0.5270910551759468 0.28690831596009414 0.23026326289276522 0.9659578190031489 0.7962711346610557 0.8578696696329324 0.5190566385918496 0.5521690490099619 0.7752594480418289 0.297383203992013 0.9772480182599003 0.35132900880956586 0.43277867055583474 0.9133311092814741 0.36352286782197785 0.38045468046545294 0.6473236620122843 0.5936925282752369 0.8279537286517132 0.08193216531856795 0.20460599345824404 0.9943137779658577 0.1462214278090015 0.21427761383339794 0.24234877643038766 0.42223475660097676 0.6572109883141513 0.12214301412185469 0.6644950522708536 0.2583292846227794 0.3561578888984074 0.5232228277906521 0.21178408969875318 0.43383756575432264 0.6446688761633196 0.6494429830632803 0.9766448260483295 0.6195172312198751 0.08664287821905747 0.8471580642465931 0.41700002830589167 0.5019150012506719 0.0003072483788831848 0.560441801035595 0.9988116294826805 0.45136904536144595 0.46237271611094577
0.018271217710402077 0.30170780227645966 0.7844797946925327 0.84846516505663 0.03339115266157 0.24620770097410705 0.003556985351450659 0.6408026384528508 0.631458327407325 0.6678862054548905 0.762214709718575 0.9805160170177724 0.5840607333823844 0.6956347458081948 0.6425882411210619 0.727774708019102 0.3526274430453802 0.7165392475568432 0.47336817949815624 0.3819937378092564 0.8942918194420151 0.9113999088268089 0.736039962024548 0.9780355174888291 0.6507641197765182 0.8932064443532383 0.7995658122387441 0.9935947477777243 0.9465539314843523 0.6392892007256931 0.6761193419180364 0.05536611831552518 0.570071407934925 0.23514358743698838 0.6057709801286814 0.8123651399116742 0.10133374424943198 0.7475392695422147 0.825869166273695 0.39425506579065817 0.9051222782553471 0.9842289369922006 0.4895147514671704 0.21552279334426483 0.4715875292378313 0.6606001622766666 0.7021390348712149 0.8951793397958141 0.2919629175836185 0.7907722351702462 0.4524471702424364 0.9752380298002763 0.7558404757314549 0.9681472067132492 0.3397619329829735 0.6598954519165674 0.36842017387537707 0.7002867547299515 0.237509307027577 0.1525654926078891 0.33932666373123177 0.7698066656430583 0.8048843529013499 0.2658599009989857 0.6703406616337884 0.9383577204703639 0.584701311743144 0.03434173858929457 0.4190491131301344 0.9926824653048522 0.6150788030398683 0.23326654904145594 0.04788237083753988 0.8638336236032423 0.003255321976519343 0.6214210090065772 0.8786848649238173 0.9164105313701322 0.06506013470070138 0.6904328993196769 0.24972581657318038 0.39438972728780997 0.4861703261899394 0.44752706116712315 0.8567083352617196 0.8818057779160169 0.1077688681919512 0.13410357757947167 0.11809916273428578 0.5254224272041124 0.9640032894004577 0.022458551706396546 0.4287245097927973 0.13312058236540458 0.5553270105691809 0.8892838364244926 0.27056555979945185 0.02281800753278984 0.8924328714394032 0.8742263670624733
0.8649532676502453 0.7773647761568718 0.5784479594038999 0.9870156015005976 0.7434492717373834 0.7011480406361831 0.023432823431331906 0.8518039287149768 0.09737479971396878 0.6986166483125069 0.0967874450465972 0.3984493424055664 0.3418441460002505 0.13211199326851786 0.01637301583250872 0.7904465100374636 0.7818210904755097 0.6255455351176806 0.42212646697463396 0.16177152147127183 0.2378278814712923 0.1519477584285278 0.5667615133281666 0.11107027290643467 0.19407213496107434 0.02143746358691534 0.5419822979433857 0.7560299051906155 0.013055198706452997 0.42936114513128687 0.8393241568121352 0.84720467068318 0.4655487515999367 0.7114514713980494 0.8232938299636803 0.8681352745488086 0.7559194471447468 0.08651536980169172 0.5285605480901746 0.9499835477618 0.3109035636050832 0.08501699646101135 0.7935464013328903 0.3613492667541678 0.30024277180297854 0.4156468905795382 0.7649826272277725 0.5237936235386056 0.7070568280480867 0.20872704092209315 0.49304185215249485 0.9559373291188639 0.38343402333895993 0.7146743351840864 0.03478354309760101 0.7707707903767139 0.19745031010449854 0.2556440953881245 0.712915365757639 0.6413008503765749 0.4522730741231976 0.5761986217461638 0.4995705641106797 0.5671715925030726 0.9107726251058668 0.8296023913870019 0.21905170412333586 0.9928376918412328 0.6428597798564009 0.49141828144465616 0.4936948884228559 0.9582812248383338 0.8999598747755736 0.14422432017235587 0.5890174457584878 0.16175191539706935 0.143525092427656 0.4869710118448469 0.6437042419956057 0.9408354877427054 0.9914351605354834 0.994348239488406 0.16130985251017338 0.5047351415534107 0.34928170984964535 0.9923329786116317 0.8992340632221562 0.3589594377589803 0.509874897612702 0.7751536804618132 0.23448710660543148 0.313653713459054 0.14869854673207927 0.5349756783354502 0.6354432762559559 0.08012539815950936 0.960452190026882 0.34275692876441943 0.9369190941790947 0.1591226704187646
0.6906523251771839 0.9569996362736691 0.784838357466213 0.18972166831245973 0.531213314889802 0.3815276907979017 0.12415880158180614 0.22030693224569042 0.8993076765102183 0.5666954647378897 0.38227755247504636 0.3354020477754267 0.3982308856774479 0.9608765593862054 0.1063419469851733 0.7697805819605922 0.6728898686459839 0.10326765548446326 0.9079419023205043 0.9749451949027995 0.08018200215027405 0.07812597144531985 0.034168929387808133 0.35431796521224534 0.8878549673776598 0.068520516499741 0.5163968972664672 0.6144792951131898 0.9571116328371347 0.2527281306178082 0.39553974506004697 0.6996682342990376 0.1891120765115647 0.971692654133675 0.8468082939892294 0.6818902870412155 0.2232533563884015 0.7685910879652692 0.7944929140709627 0.1637593072803485 0.17048992465627544 0.609256303537471 0.24519966934751392 0.5418892264929678 0.7046039080504641 0.9403829644154781 0.9041557573640852 0.2852885713349297 0.7733759133850779 0.5380816026305685 0.18481263346274746 0.9832946844398788 0.9326029607181421 0.9260542807941458 0.6090632260384956 0.4698134996428883 0.574517409913167 0.7060755473029835 0.3912267383784368 0.559232953293229 0.16456035911932299 0.23671120063043372 0.20446234134020946 0.3981456962899208 0.938383212696364 0.25489928641228576 0.7999635235126359 0.6314041573441136 0.35936124527210356 0.5198774111785665 0.6297743988379128 0.8845511603869934 0.9548843415899244 0.9646511740173539 0.4815727551403832 0.9942952083747049 0.734130838087965 0.14438951287023394 0.779363876527539 0.27091606890276465 0.5643622004794523 0.14625764829972088 0.3738578600491458 0.35954143879755096 0.0388316793647735 0.6580952456662998 0.008296140859809786 0.5781431791720417 0.6370014158329848 0.18268221241032734 0.519415778404147 0.007597888813093201 0.5835598648161665 0.0770990466649506 0.3463760836531713 0.30756549769377517 0.556022635561122 0.5336749357903885 0.8708508156847198 0.19107052602463104
0.7641323282444844 0.981626445700369 0.5335964913424541 0.9658015212220911 0.18129121565431805 0.38546805052769284 0.9198253034366974 0.71600114821753 0.2781895337166945 0.6299090120613962 0.7238548421671139 0.7708411147115173 0.14750271815743865 0.6424664903514381 0.5455119072836154 0.20647279951984177 0.19716525406148366 0.03660348132088531 0.8771669443627221 0.31694567192466194 0.4145638588560001 0.9009117879474435 0.07821622231003966 0.4312431464961167 0.5873275555713326 0.7891208428112599 0.35324091036172167 0.3186978957207721 0.9805658921741552 0.3813875722323703 0.832547407360632 0.576713584831257 0.6040394920089187 0.6224748239516528 0.06467551573371944 0.19664507897039574 0.9508648131285162 0.5707255885316461 0.15444247804401168 0.046271252368044746 0.6245869405742067 0.32730382160823424 0.9144107529509771 0.041798664799245655 0.034021817133172316 0.20425629372167198 0.5250276764524358 0.833910365012091 0.19508109170443855 0.3976483490830922 0.025770310859098533 0.39632894877787106 0.9977555601430474 0.8400557966414327 0.3421335923836951 0.3575748811594993 0.06296265563359438 0.1486739697667575 0.6470789958023232 0.5482100716592377 0.6300979073486652 0.49999339534331133 0.5365063204289447 0.38740004359651437 0.3609495170771554 0.21097404881864457 0.10099531020755437 0.14871528838448955 0.8339999428979342 0.11816538313309666 0.33168815553662057 0.4481619597368962 0.48804538987557156 0.8033103251386409 0.64562463552009 0.04847819986616464 0.9259179895863229 0.7284454519183193 0.3915194213733082 0.9743562261622383 0.14379865291503036 0.9666023127888248 0.3763721267223761 0.6462839745267297 0.9679508688970092 0.8575805655666211 0.8354769264785264 0.5409678943707035 0.31719199460522607 0.468358618160582 0.6640385476996599 0.8852068784963562 0.9093997888258789 0.08816118926480465 0.09959790312217709 0.01079465373454147 0.21084593542170482 0.5242575732489864 0.04674700581865743 0.824513291397988
0.5311778325646179 0.11717518437898689 0.6856447669929802 0.950883626014059 0.5643300158451312 0.321092203934626 0.8619448381146807 0.1235991924726918 0.8638908752823921 0.0019512491385654807 0.5695122666039382 0.7161633709871471 0.3783620643513603 0.8634409985984473 0.24574474748802655 0.45551723933674315 0.8209402546326662 0.5503924408697913 0.05212457596122677 0.8369295575286576 0.2609127250387484 0.9086273490892971 0.0015004844946484575 0.9084018726634825 0.44059435728519225 0.012864662013966965 0.9922704491742387 0.7974827712816401 0.40365851910693995 0.007947427060897905 0.3252451487900784 0.8627339036418264 0.17795389949375984 0.6413253454923725 0.9869265750959757 0.5686338604187592 0.5700863344175042 0.451874123133317 0.5855236074222613 0.6265687818224329 0.39945264207097564 0.27304287401169935 0.7351864869838107 0.1402971437612327 0.8292091478349833 0.591411194324812 0.5721223479399383 0.8605727770280802 0.9609190692004237 0.44149696770200353 0.47685993753629763 0.17248847045240367 0.579151139571887 0.22612434752894262 0.05827789131413175 0.0772858948883457 0.6337809497053959 0.90521703591257 0.8372091649542948 0.3818700784697573 0.44131737697614004 0.15649160053261846 0.5061839895429779 0.7903004270266216 0.34859888630984126 0.4294383986900312 0.34456691564652453 0.47308889615137606 0.5773715825295258 0.7169933761356672 0.5070831801109597 0.7764928078826957 0.11053343363695045 0.19734675461222317 0.024351043865344035 0.6625356096266143 0.9963021655443479 0.7339530395876949 0.79231355351903 0.10648076845438659 0.1466922539835146 0.7199953280463224 0.9765602250559926 0.9428956024872497 0.34967198518631537 0.6917930400789178 0.7233980715195575 0.17201785370315636 0.8875563375769139 0.30914387705750157 0.17738173415809555 0.5812426237854598 0.6888043295965042 0.6620538991945799 0.9497946048355802 0.6546757220633378 0.5889218594914353 0.8506948019900364 0.3353751649330169 0.9693880162326339
0.8987601731083134 0.7730139165945813 0.4016249127562982 0.7473687325678096 0.6746353797076265 0.6664529767190486 0.5993451095070932 0.817387246451148 0.6469167755368477 0.8856464063966857 0.3471840595136536 0.6893439324766875 0.5409592001205364 0.779597681761883 0.4189240684958707 0.08665944556071703 0.5511393074564324 0.7030288221739359 0.457038257160417 0.9409920205081459 0.5753935634817785 0.6409380674081224 0.9452135776459664 0.05844921215721055 0.3864501364458054 0.7455814909871511 0.5424238076112257 0.25912082193928965 0.4769109912320527 0.12429641963992066 0.7229530516038319 0.4034012021538549 0.3832320193774118 0.9688278390153667 0.9618478794003583 0.5317392369200348 0.753889604438791 0.40575975679394205 0.3620930463430835 0.8748200994355759 0.5353064739208081 0.12680082310905239 0.12264788734078158 0.05585614533245842 0.024457025435241864 0.027944429286408612 0.7679052685269148 0.4064112463824979 0.08187511925854052 0.7649216573993645 0.36356636799900477 0.7465273279907932 0.9645516719207061 0.5945105439299344 0.8950159615820076 0.8074098024971735 0.6593437199071307 0.5922904973392894 0.6249887251017818 0.07331116538286586 0.43651494006744895 0.9473313541690224 0.018430927736407532 0.8301466805928778 0.3384009223926303 0.024270174629181795 0.3471320348838356 0.9284735228366489 0.8027282759507448 0.6547940319780887 0.5069272315956612 0.33221310975115703 0.7420778872819932 0.04472515030860347 0.044908123331087846 0.0421326073854722 0.647074660109023 0.47171556584891094 0.32768928792652097 0.23078230483684292 0.9974956969973896 0.28180330971935863 0.32645320756429363 0.44611270012749793 0.08056857190314448 0.887218344965294 0.501737374310045 0.18995803365139974 0.5180252471996065 0.3610476390305317 0.15798364480497373 0.5905545909924692 0.944330193145042 0.1359408943748609 0.765558666723172 0.5778492886158897 0.13391278967014564 0.9623971674528927 0.7976634743599063 0.1434426601448392
0.9290447166554414 0.3565248114739753 0.9871764250245364 0.46755184321206034 0.1833232957305122 0.19565478220800636 0.8798325295230432 0.8980852870545275 0.06746439820779204 0.2511565325550268 0.07933254072446494 0.07027036556774624 0.5104355964919254 0.09282378450181017 0.538543967241801 0.6449446894976583 0.5573477089136906 0.46298145264760127 0.9511247538706017 0.5518476693017659 0.27997586453909395 0.9175172445539568 0.8913964897317865 0.6711324091466118 0.14295837885439588 0.005053799947236315 0.3033969340699948 0.402641073558457 0.46430901281042924 0.28734973718462864 0.49474877100174486 0.10489812740157622 0.17023013333983628 0.15409362935856707 0.8471536989663517 0.09028290751974899 0.3440846967004537 0.6803086328733619 0.2820974177683554 0.8121496323516302 0.13967538660025658 0.08017530988091826 0.14520802689456425 0.9318336334033362 0.4705556771258136 0.8091730770383561 0.6784011715195288 0.8525930371347865 0.11967816149382304 0.7923690755147447 0.26536760229292045 0.07070994130096353 0.11485703712580875 0.4733940931810773 0.4688440318005004 0.7152490319741264 0.5921019477611229 0.1549436503100443 0.2588857681342427 0.7054866804172008 0.8082320724098269 0.9883421324319868 0.9566819400313966 0.6072959511295243 0.5809364148046121 0.4221027641988533 0.8740372082995365 0.7223567551570571 0.5460826259893456 0.8172064924199283 0.9943045364620134 0.20376517844537445 0.42036916200590657 0.7051996173983431 0.8480789003242439 0.8431610582939801 0.4041594473064153 0.8020767322503731 0.9039257691008655 0.7835505563149529 0.8956076222292283 0.2515733422791596 0.5931373647747541 0.8605146953457233 0.8259354494299177 0.6178192426762925 0.03259628367564482 0.35380153363303535 0.698900803418535 0.6827382950650547 0.0743750414069152 0.741917110562496 0.6935710584133388 0.32327884090389514 0.4003390875605245 0.3519268511247521 0.1034282625054942 0.31027336431199415 0.14276892590129575 0.8455714856103581
0.7843488343808256 0.12734142585785369 0.6415968514913237 0.41003127557546537 0.2510385143174666 0.07664227756077613 0.13398006169160903 0.6015274005201575 0.07794925546629039 0.9250550678803927 0.5292607885965651 0.37929354509505897 0.621655018704027 0.1322944305261753 0.5271507083713468 0.8996438615314093 0.7505666866886186 0.5892028742268803 0.7306025268665952 0.3546657968177571 0.057502124591433224 0.5018988475135634 0.02472548677657227 0.17130463092290904 0.6135161519558078 0.2616497569203091 0.4826910812015528 0.623997075026202 0.42015226015612006 0.995361302783331 0.5304291318305447 0.014384070454745657 0.3531022234955804 0.24916867748095062 0.5872593399752665 0.7118089343518013 0.8907341754399735 0.08725525579367632 0.9623639977508691 0.45140328183286094 0.5879632892140837 0.7925598322497931 0.359923770352209 0.6587635651937076 0.7686368432712788 0.5753182712378394 0.28410318247414434 0.14240903607539157 0.28102915577944343 0.5323772301576372 0.9828452556489986 0.28747654309266424 0.9563997252992099 0.6313888630062126 0.8146979893132675 0.649748386259557 0.817228711384011 0.6529949383491301 0.8810949505083192 0.43872837408325427 0.9816343210340182 0.299887613724257 0.9353844988098537 0.6356221715880642 0.3382664184432389 0.028352147405995898 0.5181107223081668 0.8870871601780117 0.30457652609375274 0.6326904343216266 0.6118996225986076 0.6482475677770765 0.12587046552536185 0.17372037168297516 0.6510618606399333 0.49745756086212034 0.6068313381060501 0.8451522479869678 0.6934038296445694 0.1661744259924941 0.574755904032856 0.10445182832882127 0.37528685383876503 0.5810739952744911 0.6609227338197935 0.7517340208923846 0.9419348437573645 0.4958294235475238 0.7744694238031905 0.5044815037650607 0.3879529704124489 0.20143005130905278 0.4683744473080972 0.6474134502640014 0.0597152024246933 0.6062010338432348 0.0027357564854979532 0.9921203220258572 0.9365827267784596 0.7631347292494506
0.4108061421607525 0.8323226220034644 0.5975874929692973 0.8579106673030455 0.16678993385948904 0.14102621342616706 0.23777120862766454 0.5113652414452505 0.17466165231284458 0.4415931649177779 0.01600414651532378 0.14905780989886463 0.549620487350422 0.7884077654775561 0.6116046883411236 0.7090268818733138 0.9643003799388764 0.3417552348285696 0.011931186880945521 0.8466195542002687 0.5245263957091448 0.08410934971966255 0.8707569518752677 0.5755936655830369 0.17762291933431362 0.0685283841179396 0.2696992219204979 0.9677761748138363 0.8632268737407935 0.7441237792373707 0.10105858488563069 0.6509421865483145 0.9942815893145281 0.6116008621227886 0.2215608658042615 0.6197987275618322 0.5789360482298646 0.27247587915408467 0.4689170371202587 0.16170025669964194 0.6500206617478893 0.6197961204639855 0.7177867472867897 0.17492694179129642 0.9861871863400066 0.8783135815051684 0.99963488769135 0.19854996085481957 0.5376513328327504 0.5242749399288915 0.26489353313007713 0.39476612702034075 0.8025344170042482 0.9375285983384459 0.5816848928146808 0.15047191112945035 0.6548745126257314 0.7006217111482629 0.7019265801639176 0.9017427772354997 0.7990692005332355 0.167762800251109 0.08461126509033412 0.058768602481992116 0.30381952515934874 0.7733137866000791 0.01880914204846129 0.4800411533956932 0.1812688708164374 0.2523523026406046 0.20635837881463148 0.24640214721873788 0.770752248485268 0.4296030343543459 0.5690010948837608 0.48187162544058915 0.8517229526712009 0.9184523841179385 0.7361228162903402 0.5681805191086282 0.016086594054643855 0.2663188635142234 0.7797348581542423 0.21604398250632006 0.11049258060751554 0.7881374210461223 0.1718493969533751 0.8661497648679738 0.3560715670347476 0.1101551177757053 0.2945626008656198 0.976691455946979 0.7133366596223598 0.8179640060679537 0.6820478610026246 0.24638677973458545 0.872045896940072 0.5007044454971541 0.33678731340775825 0.3629061308139384
0.9722827125441508 0.9841633200022606 0.5996247844479098 0.6263370388924843 0.00767233661383715 0.6310752817085018 0.3960993961544347 0.02492967717821082 0.18714725152870004 0.052933418681961886 0.2518392433278941 0.37204531201540403 0.2205599681959981 0.695019475958836 0.12847290003854805 0.5472513748411785 0.561760012882493 0.20558500002095714 0.010515148771259697 0.6347694482259665 0.5438189602704526 0.16118293452790777 0.458489923271581 0.24600388141095786 0.9649324511146126 0.22507696277180722 0.36299608118430604 0.1835048147645123 0.797246246756104 0.06708114046861324 0.11397879167241487 0.7830985259953277 0.999294805552861 0.00042711538107309543 0.2337093427083754 0.8297301905027596 0.6433461080243115 0.9017881824272446 0.33177395873464777 0.6659519313430832 0.05977084189712223 0.7342430920419681 0.18863283577782586 0.7011197308749445 0.9777942120490548 0.8532177273030518 0.7932655401129348 0.4474593858718351 0.4844877153750714 0.43613096407679275 0.475956244538423 0.21792689755226613 0.14022453971661186 0.08898732086260419 0.8214743183333276 0.6435001469774323 0.04987936865697484 0.6639342170660328 0.23360645438849004 0.32325920083634885 0.08143002957226764 0.5550210933438084 0.17971612024568517 0.08897658211632775 0.6065814076906397 6.3794107132642e-05 0.7426618462610048 0.387879248588882 0.4044882315422791 0.2491416678876489 0.22532357920703316 0.0012731818781044346 0.01413331335512602 0.033677710250743065 0.4251063951753793 0.16926564316272863 0.42695678886821575 0.6694091260906896 0.4251028485904562 0.288260480593032 0.7669558361175466 0.08753629683783481 0.34068845889641197 0.2371417801975555 0.7542968792832591 0.9077057354910687 0.6854185022307282 0.29603299600646027 0.051069562431832694 0.9039605056904858 0.11612093775500598 0.8413055925136073 0.19240219826381344 0.04381111863899545 0.4144535453632058 0.3787014502667361 0.5602103527567719 0.24990385287755534 0.439425482456981 0.37503426325854383
0.07420921685831894 0.49584556747340425 0.10512133809901958 0.48193469883292783 0.18980507991152484 0.20307090664502103 0.18305601498489488 0.5543306191621505 0.8306983533438778 0.9987110715820723 0.6658577505519406 0.3041466275429179 0.5225851702570112 0.2324649418931266 0.7219343678929541 0.9123099053729968 0.7907914713371235 0.5362359444648573 0.7197687602255672 0.884741770762811 0.6512416284945988 0.38327032756006907 0.9728605479368917 0.949011610719547 0.523010805752334 0.8238516537441263 0.3853105568980928 0.7517471419047714 0.4807005826810893 0.1388376979383652 0.08530310219208814 0.24983259555179227 0.7015082913270837 0.19484525299821343 0.23165340855748184 0.1932331443466525 0.6765907626825649 0.5279380694917062 0.9027131580332336 0.9280802594307416 0.8519284421338572 0.05604068090347336 0.4231936415904266 0.8634210757894806 0.8534126388185087 0.7011841296343787 0.5711262030570429 0.5158865459500013 0.5168009151152929 0.12767196987552087 0.19566908870832522 0.13571004885212135 0.3161423867918761 0.7961993252701415 0.9783693700920856 0.9712020793421292 0.2941386167691916 0.6357015783632832 0.8149695137542726 0.9026369070524898 0.7708367014189268 0.26956941738260143 0.9265677163109123 0.6511055427662732 0.9626283438818591 0.2460468484560172 0.6835654551287056 0.26136717175663937 0.16556914456089145 0.2314281431990518 0.5490483823035764 0.5931470823013659 0.20709834458674525 0.414320773055895 0.5933776723249833 0.7029497037039957 0.6195623502741956 0.03333722138775563 0.7928124271442297 0.7998083433345838 0.25488256581446944 0.23320002556412744 0.6862484610179109 0.5381677518414384 0.7390306258624343 0.22900917084551742 0.11928172118868896 0.12067176776414523 0.020458128455143276 0.44890195382551856 0.5029535427795211 0.4428403525381116 0.8465090588896205 0.35807406496445005 0.03780989931424883 0.8197273638190753 0.35293896542097036 0.28235397126821693 0.8615332381141382 0.12010658488477921
0.9802029329061365 0.9498722667638391 0.2944142955522916 0.1044319010396394 0.042120311900767815 0.059193718290016184 0.8970252610899305 0.9041210248911861 0.4933082532254529 0.7802811408688095 0.8731317646313558 0.6054374379050268 0.12169587692451012 0.18888797302690685 0.6190145605035348 0.5723443386696474 0.08876347187332823 0.1442123409787217 0.439509650977169 0.32651038758172646 0.48432876382229995 0.9138939662305947 0.5701277966844732 0.3781861377846385 0.6619030361653925 0.981375263305134 0.5137783116873126 0.2041705898425854 0.008571400055038758 0.02926826434025609 0.27614530521685265 0.19486366281434098 0.594461335919031 0.1585202117306368 0.32905788718511964 0.518369577012619 0.5435720142158632 0.7579973336667336 0.9059394559399097 0.012405897371031926 0.7508110069575114 0.2902807946941116 0.13851825865365108 0.39540485662534164 0.7285345249682535 0.06420071447745435 0.8903646661958922 0.4519630226297774 0.13679625189361355 0.7082664815635156 0.6091542875544428 0.391884894486901 0.7933191670775711 0.9255784049445006 0.07401914108748142 0.6177840461858832 0.2001836044604942 0.8011236510258432 0.8083863991403939 0.46837285539829665 0.6213900288192129 0.00539710872045962 0.8607437067494113 0.5382647054879228 0.21352657687790744 0.16403759026613463 0.9993929361115811 0.8633142790197663 0.9818363168875504 0.7938472823398891 0.46208672462671596 0.21486985949484327 0.4313229554117832 0.6895918152304061 0.7258013343983097 0.910018773457723 0.905152871417302 0.5080759643660111 0.2401975086404422 0.38276211320459186 0.8446982654412036 0.3795588539358895 0.44520156709933556 0.2991588878677217 0.8983688682234036 0.5430585205182953 0.015335209425050622 0.6123333713559834 0.8631930172525121 0.4751137723819645 0.10129117470847848 0.6263238549487677 0.40461805495890857 0.33398941253779 0.6489450385610152 0.14004130194106157 0.734864632273862 0.7857430372224695 0.05615607189934235 0.08209747551023827
0.21336390814948847 0.4300127977596213 0.04700090167687099 0.36455837599782714 0.05504313551079332 0.8719312862493611 0.9177589959899315 0.38111636053628317 0.08484515351931088 0.7157984545167515 0.9490425409838255 0.3407857930532263 0.2835422809439999 0.5978081013902484 0.25287174050330097 0.2043616794700186 0.23441448099551232 0.6254901348819246 0.21383074361610122 0.5018033106148122 0.7443070776622392 0.39406647644812653 0.4792857679369523 0.4243049225702994 0.9547469002877784 0.9700237462253886 0.0935704058211736 0.6824042246526385 0.20961698601280532 0.6708661533621415 0.5497063880766413 0.5673625891449143 0.8152339600525774 0.3655983652473018 0.6401077107936556 0.6151013315230445 0.16019766848493877 0.8408882438223882 0.5740995390247822 0.8485890434636032 0.0966709524339402 0.7787629071797076 0.017027114920457054 0.8195651931372409 0.31233068238727935 0.9135312611178403 0.6733380902896967 0.5207283558272191 0.7383492289838051 0.9087403625388574 0.6869076683689593 0.9845944031095939 0.8229113793586637 0.6582903061760821 0.15933019514307378 0.44780959519714336 0.6772588703452468 0.30484226553233806 0.5743839317458398 0.09389591210238146 0.11729127151193353 0.4418604039476577 0.6409777054046492 0.47756606549454705 0.4847158590861852 0.2505701154531429 0.06477973099628243 0.4323251574412488 0.39602686542882226 0.6457702261607802 0.8599820691982244 0.5669825883725418 0.6977801023181296 0.6871344736811026 0.6787167859191581 0.7041017850330487 0.32843832811628393 0.45773700566128617 0.7642346235379547 0.5665459556429646 0.8788717496156656 0.0796292588478027 0.02411969710691697 0.2262832900772922 0.07095745353184424 0.09691571800319243 0.26312590206153375 0.7495703008892302 0.5639589285351241 0.4989777798224031 0.24622242405872552 0.5196054157461432 0.9596494030277151 0.06633666815908756 0.3347412714743735 0.6643347245090933 0.2620347169622971 0.1212637506994434 0.9447585677279677 0.5547014692592335
0.8805722592162166 0.6617887263781297 0.5858341776980609 0.8837787931581589 0.7069114363708134 0.3689544882631832 0.8674241785796623 0.8407351923485631 0.32640432742548875 0.45984020165089345 0.5262357430780756 0.2654637832883471 0.23774637101210183 0.2843313970299455 0.6179454851048097 0.5288572109332 0.5039832023999723 0.6715643116513693 0.3308760414078067 0.8656899326934975 0.5872079839780137 0.7273928255527693 0.7251471586813387 0.32092922748564234 0.37494039963608605 0.6184771645562577 0.0017271216310735804 0.9655958530988666 0.5299063064322248 0.8241101832890475 0.13743575658217388 0.8382239350725794 0.7028032001852963 0.30652574323651727 0.25395724242349704 0.719455386666414 0.796475846746312 0.9682247279028411 0.028787165766740674 0.35408596178294915 0.11840488430249496 0.5528045523880207 0.9699964259458874 0.22280417759822635 0.6308934068137991 0.9323813086327036 0.289056404139174 0.26341106915068135 0.9560875432066699 0.4668807121368458 0.3313027495754993 0.7324408485797801 0.6621718155642113 0.86117784584698 0.33454843258735745 0.1312494609236895 0.9531860874842476 0.9082525109681812 0.11008874555747838 0.17512844481916334 0.12853269345542595 0.30066509202482905 0.35915299070198525 0.899378955417977 0.8336578788856067 0.01082095147907014 0.6272740068499464 0.13661603578315074 0.864989658860495 0.8008572323634899 0.5476201777188223 0.16561761870641634 0.05210130020435444 0.3989097744737833 0.33876104850411537 0.05392006168536034 0.6727834215762867 0.6489834085525107 0.2525634043956151 0.8923307872160465 0.6129919776434213 0.8586473856159845 0.045403754225928794 0.7215207777417276 0.595649203640497 0.24863180929600914 0.22970284024827758 0.3867292196970974 0.06500126155298347 0.93156959687328 0.9523534536434046 0.5016401543603538 0.397847376065793 0.4048931391027679 0.2274572308070798 0.03378635789572515 0.44512258158810636 0.28134900340523616 0.7970811346824827 0.9304092054863086
0.2711604559119537 0.6614633616426757 0.4772391597416614 0.1622793626645106 0.5716069957528411 0.6188017520819922 0.05632625316140083 0.8571003889207809 0.692543120939102 0.011723328150664458 0.9510258489376358 0.8482576512797212 0.4181555991043069 0.14302346669972033 0.0802984061055918 0.3073060455740564 0.28454046481748896 0.6133998700109862 0.14938051551881182 0.08195264623841902 0.599198179552879 0.0008815597614550974 0.2714080976987583 0.8991390789191536 0.8323549824104711 0.5886964596649589 0.15858985681022253 0.6191026860005637 0.3550416627152506 0.43012868598361487 0.9669752756399451 0.9655916631252294 0.25417474413150387 0.24217623512277053 0.18810948805435201 0.6513043853940166 0.6912588626694431 0.9323368846254494 0.4954957201428417 0.5666936888802849 0.833002320448908 0.5972770593010991 0.10803645970825759 0.38211621801034856 0.7874384471614451 0.6458754078759518 0.048344543357435654 0.0031036607338155164 0.8002189204487239 0.376155146083064 0.5936709036394348 0.20619868053530233 0.6231273927164946 0.889043921353276 0.6966064616415577 0.7109086024492796 0.7594189060752744 0.985885865815556 0.43462040987471395 0.5319473815194342 0.26293089997051766 0.44970862841563664 0.523315660557831 0.7899380559036209 0.02707905232798591 0.020666300366521062 0.8081320889135428 0.2419411677180855 0.07392872935191852 0.9934552533670574 0.3236606346179234 0.10332566367695495 0.8965956639542538 0.04280155980750422 0.8712565679215032 0.3196026083109541 0.11371482727558324 0.5359069975931545 0.994424858890016 0.8392061432098576 0.1834407283062205 0.7639147867116876 0.32746233873565156 0.9056658808749649 0.8321942303328465 0.6171738149788549 0.7538634584973579 0.7634614498542842 0.6298649496820742 0.0853170519966816 0.9950800308831026 0.37969918198320673 0.9227436645232155 0.33856721904299003 0.8725432492770554 0.6530210068422257 0.508375974063628 0.551396237089203 0.758787423668017 0.39129199581000695
0.43694832088930824 0.1495054106756326 0.31274317472763846 0.8596108568320409 0.1093339677634041 0.8233685960922511 0.3188002879423596 0.5145599032582763 0.511835683931945 0.4816893957770232 0.7423923286941723 0.8714654774145538 0.3392026391064533 0.5832761041368423 0.06739700495837908 0.4745053998312143 0.8149445533103667 0.29524749994697597 0.957856444501449 0.2754817351798604 0.00923121257498083 0.5339207859042355 0.4866737758983496 0.9807505785476575 0.743069227972255 0.0567592605506575 0.2682331685331504 0.29134292627594094 0.9172969120767002 0.6859405380500765 0.7930176193796237 0.6591314545587448 0.7977243392152278 0.10602209013892994 0.3027998150489857 0.7800619009324611 0.28172267311128174 0.35238892872897054 0.1866505322401384 0.8818774564861224 0.7357445866473828 0.8370050067425573 0.6777979993957338 0.27700102958727846 0.022968381271830873 0.11706052364129105 0.5676431203875063 0.1013692708289139 0.6050882787195426 0.7528935989107859 0.24182824223172172 0.3574081772823311 0.4458108891173478 0.8105654253399114 0.8908961186782044 0.5310148996828661 0.7810830464493832 0.6211133518778779 0.7150993659370912 0.8138879712540662 0.056348102932197275 0.5370895789096781 0.5636686648182556 0.5145127712955195 0.11328089769286076 0.8695903209315844 0.18554473266298466 0.12655895349191004 0.018978083366549603 0.43800002812229166 0.6077804140287031 0.022770122498773304 0.9126475268140197 0.022920380617282632 0.3619114889257199 0.2970296450181905 0.6091715014559828 0.7310973170705886 0.9846687298378913 0.8741408526063001 0.3521217051293164 0.7403862372284913 0.7912201002321131 0.10339155577297665 0.6792685335966172 0.521222070767186 0.7741552059295743 0.6102612747453784 0.9095511604282541 0.7043730814212454 0.3485693449650882 0.5820187887243422 0.8973601014972123 0.6920378616677724 0.7126913742306039 0.3777351437621044 0.27780212382839653 0.5420674529609247 0.8244277952829119 0.07899936997535273
0.04960526877308746 0.7991619053769303 0.47613124432809284 0.7297830448392989 0.9668271408780172 0.5771880557497828 0.3551366373254724 0.7246841474499195 0.39485913619211 0.5976796861079663 0.5365204152006355 0.4104029718129619 0.9425598908183139 0.381653911981612 0.924719951511757 0.10598253093039312 0.05513267328588756 0.1173840512510762 0.9083720005107303 0.4864952662828813 0.9627991533119178 0.037687771460198305 0.7746171771442357 0.72315519637318 0.6548031635059242 0.6902774798355316 0.8902984929343237 0.4675759695340871 0.5911274483417717 0.22592493029803673 0.3697018768456384 0.9408781651216716 0.7021581160383672 0.886463035018245 0.8166864529689684 0.15354461798473718 0.1627493704590629 0.10885922292432304 0.09289581086033938 0.1806747819214708 0.9792019118325347 0.005315723417073315 0.9260352192096034 0.4313019240718151 0.26928140885407914 0.855742132102559 0.9512553081496735 0.521911828326204 0.13085019184880653 0.5664638398070836 0.04926996629293734 0.7299407317834483 0.9139315741922348 0.044342749654641134 0.8658298156695238 0.03443331519291737 0.17260645613286962 0.513661079366309 0.10291309736523735 0.663935195776726 0.3710857654856069 0.5459369127763483 0.8601922917974967 0.4529650054936172 0.5276270197050899 0.459897862909071 0.6642040518445078 0.5043436554522364 0.607857718011473 0.5711926774381522 0.21232676303886588 0.012289086922330883 0.6515620669494213 0.610114266163826 0.8325080194394228 0.7469959108158741 0.7917853304380799 0.690643463663245 0.9996360331260893 0.6597045875142197 0.25927887385987036 0.01655268685049749 0.8266641099601361 0.3947602435343105 0.19801124588717134 0.49927729651405206 0.22254031604534508 0.259599015072989 0.7713623890147507 0.36208622886345865 0.8093925894270967 0.9457189781322678 0.46764935888206716 0.38355303433574106 0.8256290567517839 0.5499656492605951 0.4214372624828663 0.54739352021826 0.8768325236247947 0.07345977666011227
0.45624158819920435 0.5202687158156931 0.25379815574640263 0.48563950446399995 0.4714003403699468 0.007182355757380132 0.35419509846347164 0.9127665730071286 0.5833007467503183 0.5746151318883779 0.23261735464325983 0.08753880431160954 0.7438901358558256 0.034781228811313514 0.005430505418748344 0.4796880471193651 0.9495280899022104 0.9343372059872062 0.6802289367670722 0.15855145549780225 0.9173773986408101 0.09806994339325192 0.5452647929399435 0.15613758533657285 0.7890190341778801 0.9859021794801943 0.1885090416867481 0.12907899020610758 0.37282771150307037 0.3571536328473981 0.18580018679634513 0.22761205874713553 0.27559060731243934 0.8969220583849262 0.4147567678531091 0.4059450137286694 0.6590795355972491 0.5498209161665654 0.44149597902535287 0.7321052913767686 0.8398985720064611 0.8020011873177222 0.5147937569366148 0.5537467737155936 0.23115502035907365 0.9302478488854293 0.22133747598074682 0.7216651500258179 0.5605442341778168 0.8262623527232186 0.5042502604749557 0.2662621463274695 0.9821081891179636 0.08061930613720547 0.7852956518542381 0.5103722711883829 0.7487126707070522 0.48978912097416016 0.9813368976420379 0.3657174413476576 0.305721714425519 0.5239726063494209 0.8153559218629278 0.5016151664401823 0.006890619198871795 0.0940739981776143 0.15269257521686375 0.6320999841028893 0.9334983412882903 0.8302591996669257 0.14304559656175297 0.10701444725307596 0.15419146537675232 0.9819514299447979 0.9083904027476831 0.4883202421288112 0.2987881567893147 0.7045270514435913 0.7478444289849988 0.7014405537671656 0.7217821905677659 0.01698975926537205 0.28889464423791456 0.5362893131840959 0.4021315936610599 0.3788071310693175 0.9306987154098613 0.7609684845185362 0.3511396728553051 0.36096792986876514 0.7310044846002196 0.46224625948404363 0.8515414999531993 0.20985220064468935 0.13118539651034955 0.9560600116554366 0.26895704064338966 0.16918247170834788 0.32397323378951814 0.9143302648448006
0.567732665410836 0.2160617180882417 0.8233217848112564 0.6251633562127317 0.9955604704071337 0.4752559938901705 0.9209833915162775 0.9433956323311188 0.3493413160530736 0.24771121815302433 0.432109619521451 0.6782274853058703 0.4151331954938353 0.7560099513437255 0.8901011106327211 0.9627662123410594 0.9225096018392194 0.8473274843591246 0.8322108533839582 0.20187404027453404 0.5675802613988769 0.34121820058280494 0.48058122367596545 0.6450989129474224 0.28802261083034963 0.6220573599406449 0.6258475189219451 0.7804186031239881 0.28709139331452693 0.6484453390604624 0.9742425731993989 0.6324000000930858 0.2538964500512685 0.034593797126633685 0.07905452781890421 0.10271307193761314 0.6626089100578813 0.9281484088394895 0.6297125068121998 0.25092724440538927 0.9759327079000478 0.08690568508579555 0.898820433503468 0.5449814882188696 0.12143879415256276 0.7687470380227257 0.6925363101659627 0.5158094423040714 0.14457547145167904 0.712128353972046 0.5878928504159129 0.6055892577197685 0.0555467390847455 0.8754995500874301 0.798856271051433 0.45836057334930413 0.8105344063502947 0.5851581319659477 0.9312656516940638 0.3957554072195435 0.24793404498383564 0.8673419384777523 0.834020562166813 0.40926324896024346 0.870916046194962 0.23023430736486583 0.5256779343525427 0.19123034240155823 0.6701772365171059 0.0042829339962889845 0.5730589039929551 0.6415748635202927 0.5078047979758911 0.9943340552695783 0.40048918638500286 0.5606590829772006 0.4277693860394993 0.7567465429515486 0.17143949456271612 0.9322517033755028 0.8383811185680453 0.6927968935298457 0.5979737280474777 0.5853866959706929 0.6384182786652193 0.9355926306519491 0.8236672270886107 0.10173001077381894 0.21171920514640297 0.9469912921659631 0.6005713937206423 0.24152321024476575 0.9542155223056662 0.30671449034221443 0.75659720911681 0.7955725113956639 0.5375881286396316 0.956297523111805 0.6903964645867623 0.3852962096614476
0.8831203252351562 0.860859991700421 0.009024377925864413 0.7833414302002686 0.9630185021928082 0.2654135648792889 0.4246934359660304 0.3611695412886037 0.8483491357863878 0.3775887204858658 0.552952418296624 0.23110196438428043 0.1966624125661307 0.09434467620142728 0.5942928111102245 0.23955622335030224 0.9178370517850084 0.3781482734856555 0.28315346837259736 0.3237176578657194 0.737467570964981 0.9119506977490536 0.263543006888711 0.4124545222849274 0.12914527527569375 0.28012742755815134 0.030697488296747788 0.16847105504741022 0.8948093064757793 0.5766055080951326 0.33562556369730145 0.4074095848290229 0.6220481648537473 0.6119802109375855 0.11966950899116857 0.3825136509387217 0.02564103352447722 0.396418888022565 0.5162673575546612 0.16424389855854038 0.5226971179703462 0.8700297958535117 0.717144253829692 0.9166382711205789 0.385738938523685 0.030002768340169683 0.9741133348060496 0.24595372925379422 0.294207481672913 0.7501142763205245 0.6261599089220574 0.15432728911005678 0.594317792565838 0.19318574647441045 0.2909690521447934 0.2217638513857767 0.2871877904227894 0.1392871594238545 0.8074491076272795 0.1064207244207771 0.25407004283512 0.9098722262881461 0.11815014724138673 0.3065476306286329 0.9393686415753898 0.2847910932985974 0.3862809141766451 0.7602241586518084 0.6255243382027679 0.7216069915456352 0.05034814668784349 0.016136016519648688 0.17424817258293235 0.7568237987422061 0.7048587474887897 0.5726063926718491 0.4081355450471943 0.5463890424344002 0.22231184140561389 0.7701910911304509 0.07566339927465993 0.529091061454568 0.23353918318368339 0.5492707748603943 0.06541910577127341 0.04132473927297897 0.5175728864216088 0.41135649047701484 0.9890563256791063 0.9675209259139174 0.32260367344453733 0.493552917675383 0.3646176747602099 0.7374808418830769 0.9140616967320451 0.43405141005838976 0.9107268869396781 0.9214486119858959 0.32696516142202803 0.02804120323583481
0.5365258922688896 0.7959919441434992 0.6596378466374409 0.9434518850320517 0.7771866199774575 0.8709566865179684 0.850858829684395 0.6186599271541791 0.49892381325828117 0.8890722789534052 0.33324454540378545 0.8835870399308308 0.8001198863798497 0.00550062035089216 0.4985226792273808 0.3921853630140686 0.556534143927023 0.4804513993715741 0.04548038885902317 0.19822471430693422 0.03526485825496295 0.4481886009982965 0.17303305137045666 0.1054979482420757 0.7647905979184605 0.2562431948151369 0.4495687481230589 0.13462681780024366 0.3495774281923537 0.13842052116389159 0.6553612547329687 0.40985629045495453 0.5963215862911305 0.041918943996755664 0.14513099645184202 0.5946731987916211 0.2855462642264349 0.9241338836082662 0.7673566940280689 0.6410732944702678 0.5308025059583067 0.29241164173325696 0.9723810475657939 0.7871224814753984 0.06491684220017058 0.734260573254975 0.6813022952554275 0.22651370550175465 0.9379249116854325 0.13971884936345935 0.33318555188711696 0.2773570427534784 0.949134908516384 0.19012916448950312 0.13696637457911387 0.1383544887852618 0.906258897607165 0.40501377592590826 0.07217316004129981 0.5265377220573871 0.007245191339465995 0.4345563090261081 0.16035968906438225 0.35996488575027064 0.5758002428384965 0.7107863134895545 0.6329678146022323 0.6296214901730546 0.9370049244802079 0.557821237651391 0.99513904952563 0.7425375654729823 0.6040604014533679 0.9386820316807163 0.27472162358117413 0.4704971095752959 0.9520799911555257 0.6118792741234153 0.0389680743435068 0.45518120850470534 0.2640764708149572 0.23870307010571556 0.734409694441684 0.912459081005053 0.9511562579248528 0.7223002427623525 0.2817647836589082 0.6412177658578372 0.4540745691827093 0.747554614455428 0.7942145600903014 0.10484433719951691 0.029726410739856934 0.626388783005441 0.4278687254259107 0.8906198163066086 0.6017344970835726 0.044982014679440185 0.4485197021310866 0.6903562648762626
0.5605806822888016 0.6912866473515434 0.9341858525972851 0.9034592349397623 0.40735594691252597 0.10131076060890098 0.9953879751813658 0.38966647814360345 0.4046415841372617 0.7849209418971392 0.24224611222289205 0.023921531517323458 0.593618574641947 0.7511516936288878 0.867670350164242 0.824328414013244 0.372896575007439 0.7529973343357534 0.5742051280376601 0.918858767715048 0.006760057202070069 0.9918544496893326 0.19550601318181182 0.6089898979732952 0.07994011308121574 0.9652740425384907 0.06321450068131074 0.8058651665798747 0.29502097924199355 0.376599727483495 0.7433672307615946 0.8227817278103882 0.14895366980317715 0.734013653428241 0.4764757841581688 0.02768316759678424 0.1228111126872482 0.5582237185516282 0.20076286740890714 0.9961070591239872 0.9772775322352821 0.947479308348645 0.7371991027654852 0.6363053138634129 0.5879347567530004 0.43888645216710764 0.48513404437823693 0.45313104132057724 0.05447567857282287 0.4805640495618576 0.08548121873418069 0.7193702469100576 0.8951139829146202 0.47869885784648125 0.6910970230997788 0.4220602618319178 0.7497351315847183 0.8592434186323368 0.26249610180002503 0.7678135779040784 0.9205189117974192 0.056052527244474626 0.845827476120485 0.629886138997259 0.3274249150339543 0.22907528774794728 0.29202690344013027 0.7385887760070636 0.3751114900656891 0.5319573808653267 0.5760769276148734 0.5947592091357303 0.9035350564282827 0.15740985054652146 0.6914999751313762 0.5727185370600267 0.5665930052993938 0.9613292742124409 0.200733216578881 0.8633459910505911 0.8507986509133701 0.016456639460102895 0.6749461860408674 0.795646070838391 0.4881543486369213 0.6208994831003676 0.5078294632631613 0.23678225759900162 0.9707750206471976 0.30335067662933735 0.6517876156529693 0.4973050993652487 0.30604476911459333 0.330207883073397 0.22094685406371994 0.8657843704209489 0.20090251436063633 0.045460612358184216 0.4364692590862862 0.4567552893988033
0.9808753022945657 0.017767923136915997 0.6773587883910065 0.23122315983393327 0.4110170866273105 0.6236239741086839 0.6889734167236865 0.5771895781237661 0.3910835870695747 0.7615971692599042 0.42710825824747156 0.20524787058060112 0.25966636987274794 0.17007811055295374 0.18166180092515494 0.8609481556562747 0.5537860064188382 0.5320624057875486 0.9367312739833233 0.5889468575160136 0.6788055119988391 0.9552239669101157 0.7149060936557831 0.9884681774701086 0.9288479849604622 0.1585855821666292 0.7364390831190986 0.3062218445266016 0.7402781754202956 0.6930520570398785 0.6268292107570985 0.36464006874459853 0.6151120920723956 0.5254084547609094 0.2831427728942332 0.038749766599183166 0.9629548644765803 0.9455707230522008 0.1297661156080243 0.012403351674939 0.28156055749862596 0.3943577144075424 0.4550424941129183 0.06168982229479025 0.3805576285172 0.3038865982198824 0.4802434281189417 0.536535570633502 0.16198697553797636 0.6814723978045337 0.13352868536945273 0.7793560021266448 0.9841886868528223 0.39927779339393277 0.6290899591639749 0.444583992481012 0.7999025701623785 0.7521796924849101 0.5438321643618835 0.27550133437600877 0.9494096291968298 0.9434466994741678 0.28907399974155945 0.7360161123613337 0.4252769693266881 0.18109453626614969 0.738752264763094 0.5594192008434634 0.8056056103616889 0.622435305259342 0.6065805608687938 0.5644577117470797 0.1939139192927275 0.4622309113617613 0.7083890861322937 0.5172854460485996 0.38011945675029 0.7717148066295076 0.6461418486427728 0.49944015135152064 0.8947176734013159 0.8856836214241072 0.7194005895797947 0.7262016795300404 0.6333154031553212 0.35161296043257795 0.4981190038230058 0.2949518090861264 0.8600431570222954 0.6545174381564955 0.042229144247892925 0.7440391248239339 0.487953777255427 0.2733548828654 0.3761399321664045 0.828582193508837 0.5489352453759591 0.44365024356067373 0.03582415670839967 0.4297757109467627
0.9278393396963716 0.7336900512177581 0.08534053006611098 0.22812129829303207 0.49579706949891433 0.624801355535965 0.8793866016078475 0.8325927153261958 0.8546790805091725 0.7731705604597816 0.9663914186308715 0.03341031039798481 0.43269578164757283 0.14305877014299784 0.24768465962094344 0.5934016028748462 0.9844099809261468 0.21450199926658498 0.2455578187262908 0.5604976117224928 0.8373138641192301 0.6968294997971001 0.2712419375181645 0.5763754656685459 0.9540416789292686 0.4685596518090085 0.5715083877667829 0.10489595147137587 0.21985501854937406 0.9461399082221787 0.289290699768176 0.7324682857389601 0.76252510212373 0.6047288817200733 0.6796063521300109 0.7397206211255738 0.17466562837983002 0.05909920921079981 0.49504624873044145 0.774620011973584 0.5017786283850375 0.08331459357419424 0.254789873497275 0.770901522500303 0.19928897276722712 0.006174549779627281 0.41086985485455263 0.13263390983180479 0.6122500157234129 0.48352366001730285 0.7991842146323664 0.18219140190357674 0.012967929904586284 0.09487478859902909 0.3843686437449336 0.9042175345678994 0.13209094526945653 0.331671401398007 0.24903381575411743 0.2601105291438264 0.3309478425984146 0.8540468714428312 0.3714332282025118 0.8775381075490808 0.6327227227016953 0.07341837349179203 0.7518280805209053 0.9557073112872814 0.938251190549544 0.9982028383405499 0.6453968042204379 0.9395227023111157 0.6845982025598701 0.7865209196899481 0.7594629854144915 0.8510807596729095 0.02574897819298161 0.43342362799234246 0.4107809581279097 0.19962914798594378 0.5781980184078194 0.26933951230081976 0.8517786170443004 0.6163574812597603 0.505523043152333 0.8692340607194838 0.003428975382848365 0.19811489485409106 0.19591790394823527 0.47792246433938856 0.042717416615306814 0.8093988475319855 0.22523899261487468 0.5955964903114932 0.7558655359755584 0.4027071585294668 0.9867600346155534 0.6476562982900215 0.4038500921832021 0.3800297059806763
0.150042089451066 0.8691758470182133 0.4620547244437716 0.5445368385889182 0.2319878523190182 0.30260372198487595 0.9304032372341352 0.6687807843588586 0.1357449576144122 0.5536975076449426 0.5705886303507474 0.17812323144621778 0.5143329244580781 0.3688765971128968 0.5519688706311788 0.27783041240375295 0.6702716798403319 0.87433678095471 0.37566242539554495 0.43729234293436425 0.6547245295927606 0.880697947404765 0.23874084785598393 0.43346329701170905 0.890319840465872 0.23039224689086624 0.1267638946169024 0.0776262453189075 0.08584200730516012 0.27408077988714286 0.5727509687454027 0.3720546929151557 0.039027126356299235 0.6923584492310892 0.5906102057733182 0.6654803103593808 0.7993757888380386 0.25713803043947026 0.1011258032692901 0.04469035484388029 0.13076675842569485 0.5795135195570906 0.3209068835234177 0.029063252824929497 0.37795317166996356 0.4440255401660118 0.3270120183577605 0.6046601579707493 0.4843617537709788 0.4699638464314704 0.7123362570329645 0.7678453455077928 0.46084533256985505 0.27270164268321306 0.22684842807574712 0.18577487843529583 0.0812529336822817 0.43262733555672794 0.5590343945973826 0.14340550396790275 0.37676642333681964 0.002257013428564991 0.3830749995955465 0.3570006823639402 0.860414534860436 0.18646358543174368 0.5865572130672005 0.6963165248702394 0.15554896647294036 0.4944527837203073 0.10667355932406686 0.5858266670489911 0.7558809941722138 0.7372172322641016 0.8330702600628097 0.5771832739760749 0.46376742287535233 0.8790267549612628 0.8546798231863758 0.21342463481216722 0.004355895080646044 0.3493070158517093 0.17077665269863296 0.6711618626379893 0.8750809101594343 0.9149636331014961 0.7766144329769344 0.17169504502802224 0.3318400592409021 0.5818797214082235 0.7421740597613178 0.05237272093041889 0.7455781381797635 0.6169731770744771 0.9597629786143722 0.5279918221909301 0.7876029403484384 0.41397743258090824 0.15895723499547298 0.3813172523025782
0.8105644092385647 0.6023051551877946 0.8373996162484181 0.3370365740200706 0.7141765979891915 0.8336703412081743 0.30652612801998413 0.13845210806013308 0.6387232190040436 0.3511652130815124 0.5237990285406424 0.13753209165099367 0.9233151539184695 0.45194163324539727 0.8800704487464286 0.5031480425986826 0.09899813605858188 0.6327851468382141 0.2264689584052465 0.7160742898850969 0.2273361365629234 0.5964351855428026 0.9847341798325426 0.2706625531560183 0.24222209460183175 0.8077374188368373 0.9235757689273068 0.6983745921625751 0.7958769833560495 0.7449296515132563 0.7973666984967565 0.35418877823794526 0.6267751351762368 0.262020707524119 0.05491992970122406 0.050110584586425144 0.10982702361822005 0.9123920337231544 0.7573523575706332 0.511883190401769 0.5569088436614325 0.3818270515462223 0.7549314633083004 0.8446796275054923 0.07995124755103367 0.2521034075990499 0.9937918134523797 0.06398766208098539 0.03296812885681277 0.2847462090912938 0.29206604692169214 0.5845240589018748 0.21983896071491715 0.9105173469567387 0.3176731482951095 0.05817187966404447 0.7571188958734969 0.005223580619663548 0.7479757193651948 0.2417510818961558 0.8887059610372745 0.3164995194488148 0.3580598067892927 0.13150302412103776 0.7078035287296525 0.5328233268802491 0.17064568039695005 0.2764523961269627 0.9564811154904082 0.7134944726333339 0.9552225116712084 0.9739748952941216 0.2576025385157794 0.4114431470152635 0.08064481955328828 0.013779764686495777 0.23130493884386572 0.11805482017302937 0.7825867810809933 0.9858768140200526 0.9949348919941761 0.9596210448548592 0.006125945240279096 0.28124341132064534 0.5056742773865844 0.7956245885765838 0.8144353229377055 0.43106815241515317 0.9456647956562357 0.9657454529655407 0.4705268724954317 0.8734752428708332 0.03967770940282156 0.13960745365311045 0.43728730119086434 0.7386829417774737 0.2408381041770007 0.21488497840774312 0.25257036682659095 0.20613631654899212
0.9091444192122692 0.5707732552402879 0.7768156591240091 0.25720771798278563 0.9735234112896707 0.1335061319036338 0.05273701036068301 0.030357144669844294 0.3608418016313679 0.8081245523178772 0.9629620854569442 0.996631715528574 0.17910228272555062 0.9110961113660672 0.4870975185685582 0.9925268452379017 0.638979581668725 0.7017455736243947 0.1074383795988807 0.6086600781800445 0.03279729462383074 0.5603226764502326 0.8915639177111411 0.532164230650499 0.43770526559911194 0.9839103737777283 0.20052637862766287 0.3635796399812663 0.9209685085852606 0.8189223786336266 0.42448686432923577 0.5960299485974273 0.28229513878746937 0.8106120101337012 0.6027114309613397 0.6905933842458094 0.0674919997750908 0.06751588826475385 0.7523660483571027 0.5594332077033737 0.9197228836874306 0.72022871819511 0.7982698259357899 0.6579880762639575 0.31869758679616467 0.06219151900116515 0.4265651317983261 0.7006226946561867 0.7867299282127161 0.3594735153045536 0.10161220588064168 0.9376514195296822 0.4362459455382508 0.05158862348681559 0.9513768754735921 0.8015087227776728 0.9349640300339422 0.04479800322029881 0.773527975407387 0.15592707391219807 0.08459998264998658 0.3207023697661393 0.2689186149638829 0.5096475430933152 0.8357498413844693 0.22308873265445495 0.6426177579940718 0.18417671233550537 0.13634759284217035 0.26606062419552323 0.40992427902200956 0.09443256280203938 0.5912509653798103 0.922397617890865 0.5731988825957789 0.4171412187753879 0.6181174360939959 0.3325885355224528 0.11064123239525692 0.9572092981352428 0.5972752938762497 0.1190774721186858 0.48292145632303574 0.1431590863746094 0.769535932651323 0.17007132580353002 0.7543637045921395 0.7723508273719625 0.875100277207532 0.8690278084441828 0.7293125973660615 0.20570694025775815 0.7381234797082937 0.9928797428633147 0.6109999464608935 0.8077945180204792 0.36831181235624866 0.15407009638973868 0.24204392172384925 0.5667474824007005
0.5904122119708564 0.8765818860395497 0.17008272300091898 0.5656769099046414 0.9941652950472467 0.5166375085741574 0.38071118768470924 0.5927807601810464 0.05690771921126281 0.005595988843145716 0.8342962145196128 0.6215822068636799 0.3225482752613056 0.9116872270491388 0.6456889081350311 0.1428472466425852 0.7913182566312205 0.534353914270031 0.9695260421404627 0.5320278284443823 0.7459756772845204 0.4848275102619708 0.3615124119189568 0.17531826643245996 0.5426993012015747 0.3864941460111341 0.1233369003982494 0.5463139564179671 0.2190167487267084 0.6939681993666243 0.6631796039191611 0.25405886853327553 0.2997550046353642 0.4902881300156502 0.8827135642990476 0.5617952709122381 0.24518463963790582 0.5706760703980002 0.26167398789109697 0.71404198139902 0.6719630525110464 0.5289475545047554 0.6913566655658449 0.7739847036458375 0.8388780315149311 0.13083935252543077 0.3522096661045947 0.5985373276759155 0.30946825389716315 0.11359955513660047 0.016161359725241353 0.7810511285720443 0.25786498226492793 0.6195363175124217 0.514672975318501 0.7172347711930378 0.25925211708862395 0.024621338059642506 0.6230958882940297 0.8371618843972789 0.20100018591344782 0.7682044438437277 0.18562685094169795 0.022372172844560057 0.7752159372467509 0.522716875876794 0.0937200779065347 0.0525445206543067 0.06043627219620029 0.42140175874147356 0.8793891170550864 0.7404419592467743 0.2719349454796184 0.6236799806970479 0.08138759911992488 0.21483767805382592 0.5444196132800003 0.818523619351353 0.7477799640203394 0.15295603474045716 0.07142770567716283 0.2379066001022534 0.3781852785665807 0.04040891491871379 0.3909268980305698 0.8847705144810124 0.27108235479665077 0.20074231369105722 0.8057642488942685 0.11582677378976214 0.41167054531729097 0.34151817716824007 0.07258068294188125 0.42938656144313647 0.4429451289843156 0.41432670696595164 0.015880408498854637 0.7763284035418346 0.1238847960774001 0.16651429396573125
0.5901764783260257 0.8122182402585724 0.8586679660180687 0.8237314461216588 0.4580906469919407 0.801976561418007 0.4342996791731165 0.16225817241817608 0.22308065290049572 0.7276357463102271 0.9338428181308278 0.02119923830805215 0.8943521697351232 0.0776794272037501 0.7045560366742962 0.6730069187574858 0.7566971593534383 0.22282464406549674 0.7206881715398272 0.808909368564804 0.8295310375537587 0.2931536803327611 0.2219061280814778 0.3103102875337116 0.5748270278661619 0.2552784169449278 0.9060882176663372 0.5638872790668283 0.07612195084003925 0.2071608626045166 0.8716513617164245 0.7040304249082694 0.23413389040496224 0.868464858652143 0.3226307338607215 0.23554933315355397 0.5473177775642516 0.6177273645526441 0.01754266648747138 0.9900010092117547 0.5429162985585593 0.9929160090999238 0.17850653103702907 0.6575231456378939 0.411785957019003 0.6601368505475796 0.16471119560222125 0.8567144702730558 0.2699007503010208 0.9670190188191253 0.022521635157928155 0.01023579400007113 0.5699448533679251 0.6930232861777329 0.4963502729143877 0.384048589241486 0.9090104318897527 0.24528773174073337 0.524029579238205 0.12153851892659018 0.6742159795961824 0.5623219394282576 0.16692344904060363 0.499343574700002 0.627253524947282 0.7154755262084496 0.7134891176341687 0.35081129604880934 0.013972929620194141 0.48932401601092845 0.6689066140513974 0.7444974318435037 0.7269902533930517 0.8797777445806129 0.5129808744336313 0.665833670866968 0.13919693316889836 0.9508729503674803 0.6947515062791069 0.7921430411496758 0.07095733509979163 0.6633391738649996 0.023350285395885573 0.8073416577443857 0.4894796169566584 0.24412417289377342 0.4175739475912146 0.5878190014613613 0.8070983456562985 0.20172765391366054 0.4087367801399062 0.19866949172837323 0.48432363555755564 0.27930093581466087 0.449695191333113 0.366789966588163 0.14901311906081627 0.2761940987418021 0.45196963022814496 0.6615618266367705
0.7737134788360377 0.6519331085809933 0.3838052943803697 0.9299043275653166 0.8508290853893717 0.910731537056306 0.38962285093799753 0.0955852314992045 0.33763627926029927 0.6107781476308495 0.4941175733101514 0.43007291774474476 0.16942775477949168 0.2980302834861316 0.03169098096591405 0.8550640542239267 0.08910936247752588 0.03232108110729226 0.2249534003514625 0.203641294717959 0.4463185348892271 0.6740655575842912 0.2342529433768462 0.8592937195412017 0.6324058806889775 0.44151615672910793 0.8529742131942036 0.8087767228134801 0.5212305299673319 0.22459219233808325 0.09982957172166007 0.37920726939808924 0.13535748662179758 0.3174259065095103 0.050586358853277225 0.27763853518070025 0.15645833931084363 0.1437467189041569 0.174489995316502 0.5807023506850291 0.040981543632160666 0.585845141090428 0.3167729300260441 0.2099634530379324 0.688227479656363 0.2274391515461648 0.9104041017944825 0.12464837206197588 0.05038520289049897 0.6202002179753818 0.5983468829353068 0.5147491747211856 0.837442763165445 0.38397511755626945 0.06213950246336952 0.6972906493579663 0.6353388429586146 0.19397352966616543 0.4903495124949131 0.1114890457584411 0.5310502858965005 0.28557421497706037 0.6269610139336762 0.12170418972156027 0.27225306700467644 0.422412653972854 0.5981345596133396 0.7788269868615143 0.11651306818505414 0.35916229643270514 0.07420992920118752 0.12896049987356617 0.2589436322932843 0.3182563585110887 0.07457748645553042 0.27068154175090886 0.6820033957834245 0.33235650864121213 0.0695112076719131 0.8702652830766824 0.8103827222897515 0.09580350438817109 0.6032493843313511 0.5691656836635776 0.2947754900901346 0.9045811541211332 0.25544488211119676 0.2604252015063111 0.6401862734245962 0.24583913749905606 0.6185191364655209 0.43455371119492825 0.4802762998115926 0.4768940280219467 0.3589650988567451 0.09831053958954206 0.8443651589979476 0.34579180631538475 0.5553184952708716 0.554747763259991
0.43757455219885466 0.9629299332682286 0.05742471312999897 0.728446711557225 0.3951454003575432 0.15522656716668548 0.693369482968097 0.26955610379302797 0.2571250351382376 0.11768942799207782 0.17249329582645456 0.13886257427872728 0.6045357788969703 0.4497234274092138 0.49355212819332994 0.3557344347689102 0.5242798038297873 0.3837850624798226 0.9244938289801886 0.583539302976033 0.1286309188626975 0.15830445863736242 0.30766959674661043 0.4555770512148444 0.5435931695860959 0.6797456195306285 0.5996113984493247 0.28171177979041706 0.009599821869443748 0.4485967117507317 0.9371277849959522 0.32812463848866247 0.35366749692809496 0.9072375127776938 0.3878837558523769 0.32522982769698816 0.2838708052172799 0.8384426633831589 0.341890459262139 0.20170267324460212 0.25937167734684174 0.055507159632041 0.8088529239936489 0.4329814527193854 0.5718448648772642 0.300014464089012 0.6100643516346407 0.5153527753453728 0.1549716632914786 0.621537779807503 0.5133103028986588 0.4546896810219996 0.6719208238920072 0.9771584372634456 0.33251770179920837 0.3005038398269215 0.07895579528354435 0.5353142201416626 0.017731864212273574 0.4900977903162541 0.14415216148508747 0.22142689705983265 0.18615823103025542 0.1428582434371124 0.355124570426261 0.2969570057649906 0.3813505186179682 0.8837198343198401 0.7239235106423663 0.21684430617477557 0.7302739322989453 0.35035465724703563 0.40280430074640605 0.45817876722772477 0.532708878067175 0.37239514147777164 0.12352531200469408 0.36933224002229303 0.8569081663975301 0.5860417080162561 0.856545771809153 0.37507558634098215 0.27890891733814227 0.4268942720034712 0.8836238552211041 0.43411556053651024 0.18690447384327114 0.708698142116352 0.29785860729537794 0.54868215819529 0.04220227159212098 0.15103277449451324 0.9287298424862291 0.039371408301498656 0.18706350818118034 0.7053923588565026 0.009427909457966344 0.1213460416251364 0.06178758310659993 0.4225485914644408
0.8195266047734084 0.4936676283145831 0.5566542740366383 0.5265475525872488 0.36512499549642485 0.8011813961106722 0.8340941603183673 0.49527908254329867 0.29662277509639556 0.28293696191028483 0.7331882387694243 0.8663361512845815 0.411555475135453 0.2387531106660965 0.3416805444664285 0.906816850350313 0.03933095383233176 0.8588807001346775 0.09983544138513445 0.9197168478539641 0.20888617256723396 0.9469530153386716 0.6934663407327113 0.9030228125900807 0.779070905549611 0.7729267295844324 0.345569466359811 0.009780056378014157 0.35342245873070477 0.40909233609409035 0.47305196431035546 0.7420679396922654 0.1060823814682178 0.23497346503984295 0.5997577135678893 0.040055188184864976 0.6474337256643288 0.33591448104578225 0.780775625585005 0.9872641906895809 0.18092594810594476 0.10166183126417616 0.6271836815113597 0.4655824923413937 0.5706630631879621 0.23065861849723623 0.11221363499126735 0.017890627667554115 0.2543042295848351 0.011147538839175741 0.22034279112474064 0.6359314406260258 0.9845194223366477 0.9281622679184125 0.02810678729206484 0.24873281040061834 0.16092118979460646 0.0014064049076281115 0.8416383031394801 0.8770185204895209 0.3032948947229449 0.5618924540098799 0.9098785102625861 0.5756369139151929 0.3487664092375691 0.29075559197242185 0.5984438672584573 0.05938544672115653 0.9176035137058252 0.7357820874865685 0.04334208962402741 0.7594086417470428 0.46970271608139513 0.2913688283123861 0.3777651810752589 0.1615424417655782 0.0497230214860902 0.5769466000304891 0.3921039361201919 0.2808034340144906 0.3669839493494531 0.17281515868757324 0.8193112186104103 0.25088102689779956 0.035490697072735666 0.6897560113301864 0.5384366996985654 0.9974296354030255 0.14996254523949604 0.7777270776841759 0.028265312584120683 0.36502623177076254 0.1689271313646994 0.3944962105237242 0.722308195712778 0.2798276481687373 0.5262475754593192 0.1694552296952303 0.34401082565945407 0.0061316152958584835
0.4128079126470736 0.16575988025959532 0.02873593595260948 0.5134621638780454 0.3825439276649433 0.23667906103003877 0.1955944295346379 0.8887574704709463 0.07938078548905025 0.3702097624641142 0.7705078874720471 0.30916494926953964 0.6073031795925928 0.905242089859832 0.4653776882181416 0.8127091715450978 0.5905147962637726 0.8727846931917613 0.014968372980438627 0.9631644214225334 0.3846403010654743 0.49175500577936604 0.8544360202878698 0.632380454998933 0.30148700961106745 0.6135107819470857 0.4194997863256307 0.5597449519348495 0.860577754936736 0.6786919786848699 0.3921869728954541 0.9867783463758125 0.56863211632495 0.8850715671833637 0.7673498608294514 0.4134989874423224 0.07146927258331259 0.17168505338267237 0.17193081206508876 0.6589750230728414 0.09431708146382778 0.07523192057112904 0.4459934688519016 0.8652519485459689 0.37536106822125015 0.4473066753589423 0.5211750900185028 0.7548229793460279 0.6092833666164827 0.07967510806726197 0.26971437619507566 0.6979808503548225 0.14055651307362993 0.7341422217863983 0.5705057994841736 0.8328217611767273 0.9982538364035282 0.8352941486620137 0.8020657703841169 0.5621160025041002 0.7256517325754192 0.9916444421384935 0.9649692066594685 0.1939004997924053 0.5488292782183368 0.6708570475656479 0.7781922828705163 0.7543999025140872 0.6868625570520632 0.8265295479857245 0.24340180432792335 0.541854577200846 0.5096373008152468 0.041244558067778825 0.29596607637826 0.14384520860794536 0.5695605163936044 0.33784428357872465 0.5604259861733231 0.2539157205472895 0.4088786968972554 0.06164260378552633 0.66479551139471 0.19086021141388654 0.33525507748644434 0.5326398128408358 0.9267028338822721 0.3037038047912637 0.09086061736616813 0.12040573593186255 0.9518375828815193 0.23474627852857588 0.07509514157720643 0.1837999391445554 0.6740462349900216 0.1194632004545162 0.49033048646026944 0.5395412807306246 0.7581423199831315 0.7873176746389703
0.9013844441320459 0.757825864184871 0.21523177258820392 0.2026877307932029 0.22811096517995288 0.6841991085272284 0.28186671336353475 0.7866492448021303 0.8220468720069966 0.913532926469658 0.3628931002450114 0.5684292621616283 0.7049290009688951 0.702924473943882 0.4943397967022044 0.5526007420972693 0.09122182637987342 0.8159026948752264 0.417758596220584 0.6991746715091125 0.37161564902380184 0.6829511302695693 0.8763280910200827 0.9320792051061172 0.2402678630974533 0.6322115061228727 0.8171782522429137 0.9446035069180122 0.9672796921283408 0.8734118515254066 0.20814117473766514 0.18638602601899446 0.8554613975913667 0.3906254587323388 0.41125543803847653 0.4589697564043699 0.6146692187749662 0.2571862660422479 0.9629490896295002 0.6053638695575393 0.30208869445030984 0.11023356123497086 0.37927535873977825 0.5376353432907324 0.6037519382070589 0.7813783383812436 0.1531794260189071 0.28188735957465505 0.8820888065637308 0.13157640797461068 0.5995496256785525 0.14473107701629084 0.4644560392848127 0.38133234593706367 0.6451083085817838 0.007324945605246103 0.2508886859738825 0.16569226869214715 0.24749946709831205 0.9120259525765704 0.23159589389778457 0.043470172491359094 0.6853514051268013 0.7289740450351051 0.9186985163056851 0.7422768727709131 0.6983832696578902 0.07568406251127979 0.050291545986610675 0.6170213189483803 0.5145364895564775 0.2197882134650242 0.5043090947586523 0.8587683380616217 0.45240868757280983 0.29602455308450815 0.8368695966288588 0.4932294226026699 0.7350213935028539 0.4703412367396458 0.33020171229609385 0.4269578735970959 0.7438927972491945 0.06057005297145379 0.1792062856420903 0.036426265894431986 0.4400811991211647 0.6821544862257682 0.037512569577068056 0.2975946626768451 0.7848287818973106 0.9055300786366441 0.08305884201935554 0.7388250940277888 0.9007816329933276 0.8998790065093533 0.9449691371219783 0.7691751465860701 0.23496022310707254 0.9625065800377003
