250
58.5191 61.8086 57.2884 59.5756 55.454 63.8975 55.0232 61.8837 59.0236 59.707 57.9685 59.1708 58.3436 60.576 59.2414 59.0521 59.8 56.8081 59.5422 64.2277 61.2227 58.4057 58.9527 57.1531 62.8364 64.3009 60.4079 61.5747 62.5504 60.6721 59.5439 60.762 58.143 60.63 59.513 61.2449 58.7672 58.6816 59.4169 61.0237 57.8472 65.6015 61.237 58.9672 55.5664 63.2802 63.1622 64.36 61.332 61.0033 59.5395 55.4251 59.8036 57.1144 61.035 65.2337 62.2973 63.0442 59.1771 60.2007 59.2314 62.439 56.0087 58.9012 63.4866 60.539 59.2788 57.192 64.1148 59.2498 56.7739 57.5116 59.4343 60.5715 59.5123 59.6928 55.9374 58.7382 65.3381 67.4091 56.0464 54.5117 60.2327 59.1737 63.2229 59.2783 62.0061 60.9008 60.2377 58.5028 59.6686 63.96 56.4392 64.3239 59.9697 61.1202 59.0345 63.4473 56.6866 61.6618 61.3389 58.8615 59.3207 59.1079 59.8398 59.0218 59.5008 60.7394 60.2147 60.3901 64.3587 59.5601 60.1186 59.0391 65.1971 59.0721 62.9902 59.531 59.0184 61.481 62.2895 59.9323 58.82 61.4154 59.6785 66.8103 62.0417 62.149 57.2966 62.5565 57.2469 60.593 54.7355 62.6441 58.4805 60.4238 59.883 60.4852 54.394 60.16 60.3564 57.7103 60.8685 62.0339 58.8365 58.8926 62.7797 63.4515 63.8973 56.9261 64.6562 61.0666 54.2736 61.5514 59.3851 62.0169 59.2912 56.9302 57.0418 58.1995 61.1642 60.8154 60.4608 58.0579 58.9811 55.2295 60.0607 67.0972 59.3069 60.5595 62.5602 62.3371 60.7072 64.7238 62.4911 59.6276 58.0396 61.2649 60.0426 65.2331 61.7265 58.5256 62.4571 58.5342 57.1779 56.8762 62.757 58.2099 60.2895 58.6945 58.3886 58.9072 59.4084 59.064 62.2683 58.7221 58.2197 56.471 61.4106 56.4809 57.7639 58.7046 62.9183 61.19 63.6297 60.5887 58.8726 58.7851 60.1502 62.622 61.1659 63.3394 60.1804 59.135 61.8498 58.7333 60.2512 59.6409 60.4397 59.2556 59.6866 58.5396 63.4563 54.1612 60.6763 53.8376 59.8171 63.9413 60.3398 60.9054 61.3462 59.2639 55.4026 63.6538 61.0983 61.2564 59.1517 63.0563 59.1705 59.4114 60.3403 61.8915 61.3533 60.0124 59.1597 58.2996 57.8855 61.1642 60.6417 61.2886 
65.1104 66.4123 67.2015 62.2259 65.0019 70.4177 64.203 65.4979 64.9458 63.4723 63.6419 70.3277 62.962 66.5316 65.3968 63.4205 64.3281 61.8414 64.4596 65.6509 66.9017 64.7618 61.2812 61.6569 66.7027 69.2245 65.6959 67.8549 68.5604 67.1564 63.3915 67.0953 63.2576 66.138 61.4023 66.5503 67.028 64.8714 63.4013 65.8137 64.9453 69.2537 67.5132 63.8711 64.5743 67.6026 70.9779 68.3665 68.2617 66.035 65.1371 61.0193 68.4741 63.1792 66.7024 73.7192 67.4229 68.2162 68.823 65.9617 63.3661 67.2259 66.13 67.4303 69.1507 66.8136 67.8144 63.329 69.6892 63.5612 62.9387 66.8788 63.4103 66.0857 67.3688 65.1749 60.7998 65.1577 70.5316 74.3507 64.2741 65.9941 67.5548 65.5627 69.272 67.6165 68.2226 68.5872 68.5564 64.2805 65.4334 68.8655 61.9134 68.9479 64.8797 66.0122 63.7864 68.9394 62.5548 68.8598 66.1819 65.2614 65.862 64.6783 66.312 66.2091 67.0309 64.5582 65.3442 64.715 68.5405 64.7893 66.2441 66.9842 64.6228 63.3665 66.227 66.2907 64.7409 69.7683 69.8534 69.5714 63.2629 67.5761 66.0851 74.1493 70.1503 68.5199 64.3015 68.708 63.411 67.476 63.106 67.4957 63.9023 65.7034 65.4799 64.9177 59.8691 66.4401 63.6646 65.4914 66.2205 66.8818 64.324 66.6585 69.8659 68.8105 69.0627 65.4369 71.8793 63.9414 63.5147 65.4076 66.8479 67.0378 64.3233 61.5018 63.9107 64.4578 63.4502 63.2005 66.0405 64.1943 65.4603 63.0712 64.5191 74.4636 65.3856 67.8094 68.1555 67.7475 72.1733 68.9421 70.8866 66.6698 60.2403 65.268 71.4497 66.786 65.8508 64.2618 65.5719 62.9139 64.7944 59.257 68.079 64.0667 66.5472 69.0043 65.1525 64.7382 68.1408 65.4326 69.0991 62.5871 66.1832 61.6546 69.8726 62.8908 66.9104 67.2705 69.4663 69.1591 66.1527 66.3499 66.4649 70.5001 65.7836 67.7756 64.4398 66.3729 67.766 63.7542 66.4928 65.2056 66.2414 66.6379 65.7185 65.5412 66.5025 64.3481 66.1151 64.8528 68.4505 62.7139 64.0841 66.3023 65.8033 66.9566 67.9613 68.4097 60.7248 70.1581 65.3921 68.2838 61.0297 67.7565 60.0409 64.9644 67.8028 66.4659 65.7161 65.4566 63.3012 63.2764 64.8644 66.7701 66.4966 66.5253 
58.9871 58.752 57.0566 55.4469 54.8023 61.4583 54.7112 63.1292 58.0611 56.146 55.2649 58.743 56.0303 58.116 59.7964 56.1656 57.8604 53.1151 57.9148 60.4661 60.3442 57.7932 54.9813 55.9631 60.528 61.6786 62.9884 61.5876 59.9493 57.4765 59.7051 60.2887 56.8058 60.2872 56.7254 59.5766 59.5347 57.2664 59.2375 58.2674 58.9288 62.5742 60.9265 58.4446 54.6972 62.5078 61.8068 61.2866 60.9811 58.773 58.9531 57.6108 59.3764 55.1784 59.1328 64.0132 62.7454 62.1788 58.4805 57.93 59.9397 61.9937 61.2082 58.2894 63.2368 59.9534 58.496 59.1527 60.66 57.1565 55.0802 57.9193 55.2418 60.1479 62.012 59.5493 54.1775 59.5696 62.8124 66.6816 56.2697 58.179 56.4231 56.9996 62.4486 60.5351 58.6948 62.2151 58.9019 58.0636 58.7372 61.3683 57.523 60.5635 58.0614 59.9998 58.7685 60.4815 54.7392 60.1911 59.7026 56.3562 55.9011 57.6742 59.4293 60.839 59.877 58.1207 58.1971 58.5931 61.3128 57.816 60.2181 58.7979 61.3995 57.8222 60.1454 57.8902 61.3817 58.9695 60.0351 58.4517 58.3278 63.1035 59.667 63.3556 61.2613 59.6595 59.2818 61.5692 55.4302 56.3909 56.0168 59.3265 59.4116 56.3576 58.549 56.2217 54.6483 55.5767 57.6377 57.7138 59.8948 59.8851 58.1265 57.2435 60.4066 60.1744 61.4824 57.6688 63.7426 56.9304 56.6535 58.0221 59.9721 59.9135 56.5745 55.569 56.0201 58.1645 58.3837 60.602 60.1429 57.2366 57.7015 54.7387 59.7244 64.8677 56.9694 59.9224 62.4329 60.3764 63.0146 62.0338 60.2364 60.2076 52.5535 57.1978 60.7407 60.165 59.42 58.8898 59.9425 54.4553 57.8521 57.292 61.9547 58.5481 61.8515 59.5513 57.7578 59.1155 60.3198 58.4747 60.7318 56.3795 58.1584 53.8977 60.0235 56.324 58.4973 60.2437 62.6525 61.0464 60.2435 56.6974 58.6473 60.9098 56.1903 61.6122 56.6621 58.2013 55.6888 56.9522 60.5214 57.9212 58.7937 59.3474 57.9959 60.376 58.4722 57.1995 60.3545 56.6581 59.9848 55.6341 59.1068 61.2697 56.7342 59.9843 62.808 59.9468 55.1293 62.068 57.4762 60.3365 57.9181 59.1654 57.2546 58.2678 61.8249 60.0822 59.534 59.8251 56.8557 56.0558 56.4776 59.0249 58.5582 58.5148 
64.9804 65.6787 62.1014 64.2784 58.6745 71.2566 62.4248 65.9788 64.93 64.4121 60.5636 65.3265 62.3454 64.293 64.4979 63.6146 62.5928 61.8204 63.8834 67.0101 66.5165 63.1098 61.7999 60.9117 67.3967 69.3518 66.0993 65.6995 64.3898 63.4835 64.5931 66.3435 61.5133 64.9172 61.1013 67.3889 63.844 64.6674 62.324 65.4448 65.8114 67.9518 65.023 66.3774 58.4695 65.906 67.1737 67.13 65.3078 61.0087 64.5113 60.0628 64.6736 63.1663 64.0275 70.6394 68.764 68.0939 63.2632 64.0003 60.1984 68.2748 65.6694 62.1751 67.1702 62.9489 63.5364 62.3582 69.0262 61.7857 60.6126 62.0103 62.0515 65.6722 63.2036 63.3484 60.9567 60.1236 68.9108 70.1814 60.3366 64.2954 65.3369 64.8253 68.2871 65.3751 65.9397 67.9264 66.2084 62.0944 65.8662 66.3467 60.7034 66.0643 61.5789 68.3183 63.5467 63.4893 61.9416 65.6768 65.0062 62.6707 65.1434 65.4292 65.5711 65.8743 66.0722 62.593 63.1739 65.4541 66.6898 64.0306 64.3708 65.2492 64.6371 62.1111 67.5005 64.3866 61.6494 64.7943 68.1832 64.8664 64.1273 66.2186 65.9221 69.5761 68.1375 65.4302 64.3816 66.5767 62.2461 65.8982 62.9796 65.9996 62.0283 59.5263 62.3085 62.2998 60.969 64.2164 64.6864 63.3896 65.8946 62.0708 64.4685 64.567 67.7683 67.6438 69.1138 63.1221 69.4032 63.446 61.0605 63.9903 65.9814 66.2135 60.2333 62.0426 62.5256 63.757 63.0969 64.8101 65.7305 60.4224 61.5024 62.7939 63.302 71.5468 64.9659 66.7668 66.6807 66.6169 66.847 68.0853 66.1435 65.1239 61.0223 63.9114 65.94 65.307 65.2041 61.6969 66.2856 61.8772 63.5634 62.8993 66.9257 64.8031 65.5842 64.1854 62.9673 64.0126 64.2549 62.8108 67.5795 63.3134 64.6072 59.8776 67.3207 59.1267 62.7964 63.3355 65.3286 67.9666 64.7025 64.808 60.9295 67.1145 62.7448 67.0437 62.5143 63.6581 62.2703 63.2575 65.2006 64.0364 65.6751 64.2031 63.4864 65.0405 64.8551 62.0525 65.6465 61.3517 63.891 60.4417 63.1597 63.4128 64.2087 69.4927 65.7563 63.4082 62.6266 65.9236 64.1958 66.7623 61.7784 66.5389 60.3723 62.7891 66.9607 64.4131 64.1822 62.0192 62.9954 63.2532 64.3541 63.2615 64.4231 61.4886 
60.2355 59.1225 60.1738 56.4292 55.1073 65.1354 59.865 61.148 60.8586 58.5588 58.3541 64.5887 58.1293 61.8919 62.519 58.1055 59.3768 55.5411 61.237 60.2733 64.4229 60.1008 57.4528 56.9566 61.9468 61.982 61.9346 63.1738 61.0927 61.8616 60.6619 60.5488 57.5475 64.3847 56.6561 61.857 61.2063 59.8976 57.813 61.5009 61.395 65.8638 62.1487 61.2694 56.64 60.9283 63.4366 63.8957 63.5801 61.2895 63.8926 58.301 61.6212 59.0754 60.4052 68.815 61.4141 62.8334 59.6927 61.66 60.8946 64.7765 59.6835 61.501 60.728 60.1535 61.7155 60.7978 64.7674 60.5834 56.6071 60.1422 56.3816 61.6238 60.4207 61.0505 56.1068 58.9691 67.1586 65.1541 58.883 59.612 61.3835 61.2613 60.2071 60.2344 65.1477 63.4486 63.3109 59.198 60.8414 61.333 59.3858 61.598 60.5314 62.9017 59.0338 63.5136 60.5062 62.3957 59.3434 58.3083 60.7612 60.849 59.8337 60.4079 62.977 61.0518 59.4364 60.8261 64.4478 61.3476 59.9193 60.7356 61.8259 59.1769 61.7655 59.7169 59.3596 62.6473 64.299 62.334 58.6564 62.8079 62.4881 67.8645 62.4931 62.7984 57.9162 60.3081 58.1228 63.6603 58.4695 62.9145 58.7214 60.0091 61.9148 58.2459 57.0045 61.3737 60.7751 59.5502 59.1739 59.2331 60.2773 60.8513 61.0739 62.2262 64.0124 59.426 63.9911 60.2888 57.6576 58.7744 59.7893 65.4162 58.3358 56.5457 56.7588 59.2168 59.244 58.8756 61.5088 60.0638 59.1761 59.5566 63.0213 68.4501 61.1415 60.9722 62.1412 60.4454 62.4969 65.4293 64.0644 62.5834 56.6171 58.8213 63.9435 63.302 61.2187 60.6689 62.8453 59.4334 58.6263 60.0908 64.4755 60.6431 62.6534 60.6878 57.4379 60.8669 60.9587 60.7462 64.0696 58.7416 60.4614 57.4308 62.0761 56.115 61.8198 60.9111 62.2064 65.2701 62.31 62.0846 59.4994 62.6673 61.9459 62.3693 59.6745 61.4052 57.7197 57.8609 61.5124 60.9396 62.2344 60.4152 59.5506 60.0975 60.7647 58.3303 62.1949 58.56 61.5025 61.505 61.0654 61.3019 58.9766 64.0707 60.7939 58.8598 57.6708 63.2677 61.0889 64.7314 58.8769 64.6847 57.8838 61.5983 60.2169 63.5073 60.6023 60.5239 59.2458 58.8824 61.006 62.0635 60.7712 62.1222 
66.1191 64.773 65.7392 61.4368 61.2355 70.5887 64.8814 66.9591 63.6232 64.1224 59.6265 63.148 62.6465 65.223 63.5865 63.2223 63.5019 61.8535 64.2146 66.4437 69.5437 64.1892 58.932 60.5838 69.8372 67.3823 67.0346 66.4723 65.1258 66.3533 65.074 70.3756 63.9817 65.5295 61.5776 64.4197 65.4593 63.7998 64.525 65.3204 62.2582 70.376 64.5413 64.8338 59.9293 68.1069 69.6329 67.8832 68.0246 63.1548 66.2709 60.808 64.8335 62.355 67.89 72.3081 65.7757 65.0511 65.6014 64.8477 65.3465 69.5555 65.0126 63.3113 68.3386 65.6652 64.7626 63.0085 68.9083 65.0907 61.9462 61.901 63.6166 66.1481 64.7033 65.6613 61.1091 63.4154 68.6136 72.2681 62.9347 63.9939 66.031 65.0265 67.8439 64.1141 66.7605 68.5306 65.9941 62.8486 64.8972 65.7248 62.7126 67.1686 61.4882 65.7551 64.0996 65.758 61.1163 64.1457 63.5171 63.0626 62.6206 66.8373 64.3232 67.036 64.8856 63.3375 66.135 64.2296 70.0646 63.2807 64.613 65.906 67.241 64.7191 67.1473 67.0587 66.1381 68.7108 67.5689 67.7145 64.675 66.7534 67.1656 70.9442 68.2465 68.7533 63.9561 66.4717 62.5261 66.8005 63.0247 66.9856 63.889 64.6642 63.7 58.2496 58.9069 66.0106 64.5874 65.0684 64.2819 64.2731 63.8742 64.5568 69.3952 66.106 68.5445 64.3444 72.6015 63.4822 61.9528 64.0558 66.4885 66.8186 61.7522 60.1999 62.7029 65.2779 64.3254 64.1531 66.1399 64.7768 64.482 60.8278 63.3586 73.0615 62.6101 63.7375 66.6644 63.266 69.145 71.6159 69.3997 65.9078 60.5571 66.7082 69.4125 63.8127 65.8564 66.6915 69.7914 61.6056 64.1746 62.2702 67.9124 62.1246 67.5686 65.9162 63.8707 66.0752 65.4587 63.4486 70.6765 61.8045 64.6668 60.6695 69.0167 63.3228 63.4846 66.6103 70.0671 69.0341 67.559 64.1288 62.248 67.7483 66.9743 67.3402 64.9264 63.4733 62.5689 59.9983 66.5255 64.4828 65.851 66.5782 63.1899 64.869 64.8409 63.9454 67.2504 60.1553 67.092 62.8641 65.406 64.7422 62.2297 65.2158 68.3559 67.4149 60.8606 69.5251 65.5086 68.6135 61.787 66.4373 62.2556 64.1351 64.1294 65.9969 67.2048 65.2395 63.0237 63.3079 63.9827 65.0551 63.8696 67.079 
61.0979 60.4416 61.4408 59.2559 56.2739 66.4185 59.8973 62.6431 60.1861 59.5561 57.6395 62.4477 60.6493 59.5031 62.5013 60.4465 59.118 54.8267 60.4189 64.5718 63.0523 60.6437 59.0371 57.0036 62.6796 64.7983 62.8944 62.7679 63.2946 61.2928 59.8589 63.5077 59.2882 65.6959 56.6371 62.6524 61.6921 60.1483 60.507 62.4898 62.7461 64.2398 62.2136 60.9312 58.2561 63.0778 63.9384 63.1146 60.5345 60.1734 63.3712 58.0806 60.787 59.9176 60.2898 70.151 63.9889 63.6272 60.6352 61.8117 60.0761 66.2409 61.3757 60.9254 62.829 61.2049 62.7472 60.0665 64.6826 61.2057 57.5971 59.4036 57.2246 65.2018 64.5467 62.3758 57.1361 58.8421 67.3533 67.6313 60.6547 59.3212 64.5556 60.3864 63.6461 62.7763 61.7915 65.2069 61.5346 57.2858 61.3456 64.6698 59.5241 66.3724 57.9778 63.9047 62.9277 63.194 57.0523 64.0608 61.1217 58.9942 61.6723 62.7377 61.5353 61.3575 60.4994 59.8906 61.8968 61.565 62.4333 59.5297 62.3832 61.1583 64.4418 60.6052 63.6153 60.5721 61.9086 65.0873 63.7672 63.7409 59.7428 63.6533 62.5082 67.3573 64.4545 62.7252 61.1076 64.4569 60.0016 61.7752 59.1565 62.3547 59.7083 61.1336 61.0804 58.7884 57.5522 59.7606 59.7819 61.9062 62.0603 58.1197 60.2162 61.3655 64.6814 62.4215 65.7654 59.1698 66.2178 61.0505 60.1121 57.5978 60.9249 62.3059 63.3299 58.5445 57.6769 60.566 60.8318 59.6359 60.4837 61.1267 60.11 58.2144 58.782 72.6743 59.8273 60.5624 63.3307 63.3524 64.6223 65.1083 62.7715 62.7355 56.2307 64.463 64.5497 62.935 63.5429 61.8784 61.1213 60.8402 61.0595 59.3035 64.7338 60.4218 60.5235 62.6556 59.027 62.1578 64.4173 59.9081 65.2821 60.173 60.6471 61.3969 62.465 58.4224 61.8411 62.0813 61.51 64.8745 61.8913 60.5059 58.4924 64.1048 61.599 63.6706 60.8819 61.6965 60.0117 58.7944 62.1009 57.2578 59.2942 60.0499 61.2356 61.1135 59.4195 56.711 63.7334 60.2203 62.5373 60.2178 63.1528 60.9286 61.2915 60.9856 61.491 60.972 59.4796 64.3563 62.0854 64.4539 59.0143 65.8039 58.5454 60.4958 63.5533 63.0551 63.5816 63.2273 60.9581 60.5508 59.9766 63.1758 64.8756 62.5281 
62.7719 60.8458 61.0812 59.8861 57.9159 66.8842 61.3564 63.9127 57.762 60.7449 57.6621 61.41 58.5558 64.32 62.0632 58.5738 62.1943 54.6622 63.1349 65.3642 66.0682 60.8137 56.4641 57.3297 63.0442 66.0548 63.2707 60.7751 60.3611 60.076 62.1729 64.631 60.6288 62.5929 56.3603 64.0656 62.8889 60.1048 62.5222 61.1055 63.4654 66.0808 63.7449 61.9536 57.6745 63.1387 64.8794 63.4568 62.9291 59.9812 61.7746 57.9808 60.5153 58.4646 63.811 69.1791 63.4338 63.4578 60.1274 63.326 59.4858 64.2263 62.4734 60.0017 64.895 61.1704 59.445 59.4072 64.475 60.7745 59.6811 58.8235 61.3908 63.0973 62.2178 63.2006 57.4278 60.4859 67.6495 65.9609 58.7759 60.5162 61.5064 62.3472 64.4021 63.7501 64.3777 66.2507 63.8375 59.8067 61.9179 65.3802 57.8927 62.2212 61.1733 62.5975 61.3026 68.157 60.8245 63.6132 61.8724 59.8432 60.3788 62.0544 64.0904 61.7266 61.7135 59.7413 62.1283 61.6118 62.7245 58.9888 61.1902 61.6011 62.7048 60.9978 64.6567 61.365 60.919 62.5491 62.421 62.18 59.0056 64.9368 63.2367 65.6279 65.3233 63.4619 59.1914 63.7154 57.284 64.7601 57.6304 60.6393 58.9258 61.1103 62.1571 58.2749 56.1567 61.28 58.8564 59.9848 60.2939 59.8684 59.5269 63.4786 65.109 63.4946 66.3221 62.3957 66.6039 62.9452 60.238 58.8539 63.5032 62.1459 59.2715 59.4354 61.2417 61.1155 60.0546 59.8905 62.4052 59.51 62.3628 55.4096 59.9819 68.9726 61.6204 60.5369 63.1617 63.2985 60.9753 65.692 66.2895 65.149 57.461 61.356 65.4053 62.6172 61.0904 62.5212 64.9754 59.2387 60.9418 56.9479 65.9609 60.52 63.0675 64.5847 64.1366 60.1675 62.2564 62.5882 68.4197 58.7817 60.2745 58.8943 62.9736 59.0583 62.5676 63.0673 64.2848 64.1695 61.8042 61.0954 60.7508 63.2297 62.7132 64.2458 61.9354 62.9718 61.6734 62.1839 61.8282 59.0799 60.9507 61.5045 61.0566 62.5339 60.9651 59.4236 63.2842 61.3446 61.2248 55.8112 60.709 63.2856 62.5099 61.2143 64.029 63.4269 58.2388 67.556 59.0317 65.6963 58.3058 64.7388 58.6604 63.374 60.2476 62.3455 64.7014 64.0719 61.3598 58.5768 61.82 62.7843 63.2387 58.2218 
58.5946 63.4904 59.5507 61.4622 54.7733 65.8366 58.788 61.6523 62.9321 59.0409 59.806 61.562 59.7117 61.3371 60.2221 59.5196 59.4722 55 62.7957 62.5702 62.3128 59.4754 57.707 57.5998 64.2144 64.0212 62.3785 60.8652 64.0793 61.2017 59.5218 64.0634 56.3957 61.5994 58.7237 61.5186 63.7375 60.9174 59.3967 62.2155 61.597 64.8099 62.4794 60.101 56.8506 63.9589 64.758 63.9995 62.6963 60.6822 61.1451 58.5241 63.8559 60.0768 62.4106 67.5873 62.8919 64.4567 61.7007 61.9349 57.1461 62.0032 60.6755 59.2322 64.2039 61.9101 61.1124 61.7596 60.6639 60.0352 58.6759 59.9061 60.868 60.0664 61.1634 59.6769 57.839 61.0142 64.9168 68.0651 58.6536 61.2775 60.8749 61.0971 62.0543 63.3969 63.4737 65.6134 62.4908 57.7609 61.3231 60.3858 58.4302 62.6384 59.1793 62.6477 59.2804 62.1283 57.5233 64.3125 62.7359 61.2428 59.7141 60.1624 63.9438 62.5071 62.1727 57.6104 59.4696 61.3505 61.2736 57.8679 61.2453 61.1377 60.0756 59.1347 61.4876 61.8454 58.8838 61.9539 63.5271 60.5147 59.494 62.7982 61.3654 66.3688 63.6661 65.1939 60.3594 61.7712 58.8293 63.8867 55.3079 62.0603 58.3093 59.5294 58.3311 60.2613 56.6052 61.2869 59.7667 62.6889 59.9966 59.3513 60.4365 62.3633 62.5782 62.3119 64.2297 57.9115 67.8305 61.8294 59.7313 60.9889 61.9774 62.9541 59.5308 55.3219 60.6668 59.1763 58.0382 60.2115 60.0225 59.231 57.781 61.0758 60.6447 68.5196 59.6467 61.4147 63.5062 61.1054 63.1609 65.573 62.2686 59.5034 55.5951 60.7934 63.3568 61.7395 60.7482 59.0235 62.7554 60.0033 60.2678 55.5994 61.738 58.0438 63.2174 63.2226 61.4522 58.427 61.428 58.572 62.8015 59.3611 58.6094 57.4501 63.455 57.677 62.6423 61.532 63.3163 63.2572 60.3263 59.4637 60.6867 62.2142 56.5557 61.3469 59.4195 61.5723 58.7191 60.1272 60.3632 59.9559 59.3232 61.2513 61.1791 61.5698 60.3991 59.1464 63.8667 61.0024 59.6557 54.8914 58.6436 60.7889 57.7715 63.2638 64.8657 60.9394 57.4715 63.8569 61.8585 63.7801 57.9929 62.7877 57.6223 59.2761 60.3314 60.7888 60.6982 61.6812 59.7107 57.405 59.5628 60.5169 61.3567 60.7913 
61.0732 61.3312 61.9158 58.5184 59.8551 67.8215 60.7237 61.6625 59.0454 61.8381 58.0064 62.9337 60.1868 60.6823 60.4243 59.8596 61.4684 56.6067 62.2983 65.0381 64.4512 60.1917 55.744 56.6115 62.3876 66.9357 61.3129 62.0577 62.3387 64.0085 60.1214 62.8775 61.2781 61.213 59.4499 61.7447 60.7708 63.2091 61.5189 61.0137 58.6804 64.1977 63.7775 60.4812 56.8392 65.2725 65.2163 62.5509 64.2636 59.6668 63.5468 56.3772 62.3709 58.8888 62.3346 68.7438 64.2744 64.2349 63.0888 59.9804 58.08 67.6891 62.3568 62.238 63.0897 59.736 60.7026 59.4176 64.403 60.2986 59.9304 61.6605 58.622 61.6918 62.2862 62.4338 59.8283 59.9279 69.2006 65.9544 60.9537 59.6059 64.9389 60.5723 64.5887 62.8427 63.3615 67.0168 60.8612 57.5112 63.0448 62.5844 59.5416 63.9283 59.9241 61.1562 61.3047 61.6339 57.5766 63.2286 61.1215 59.1664 61.9596 61.8722 60.6813 63.1406 62.6745 63.9859 59.5237 61.7971 63.8308 62.1892 60.6135 62.643 61.2997 58.6407 63.8157 60.2798 60.2011 62.6672 64.377 64.5472 61.9755 61.5443 64.1134 66.5419 64.9101 62.2334 61.1621 65.8017 58.6203 63.5981 58.6714 64.1796 57.2038 61.9032 60.5678 58.5684 56.5031 62.6535 61.8401 62.14 61.1711 60.3675 58.5947 62.0772 65.5148 61.9054 69.049 57.6363 65.8182 60.8327 59.5026 58.9409 62.5501 62.6016 60.3412 57.853 61.3842 59.8302 60.443 62.0553 62.7274 59.2561 61.3838 61.0379 62.9323 68.9526 60.7288 61.7598 64.5976 61.2815 64.5755 64.6352 64.8847 63.2405 57.3705 63.134 66.6124 61.1248 61.1455 60.8835 62.803 60.9344 63.2687 57.1958 64.514 59.6412 61.092 63.2564 61.1455 62.04 62.4043 60.9024 66.3502 59.7058 60.0503 59.3459 64.0786 57.788 62.2629 63.384 62.5173 63.1978 63.1438 60.8158 58.0857 64.1167 60.8071 63.4094 60.086 61.6665 62.136 58.8446 65.0861 58.3682 59.9783 59.9738 62.2574 63.2835 60.53 58.8042 63.15 61.6904 64.6375 56.4712 58.4936 60.695 61.8132 62.0983 62.3135 60.6938 54.9944 67.2666 61.1672 65.4539 56.5403 62.7209 59.3218 61.9929 63.4628 63.1468 59.7605 58.2343 57.0773 59.5469 60.1601 61.3492 62.7767 62.673 
62.6715 62.0967 62.6064 59.2688 56.8112 65.9754 60.6765 60.8063 61.9356 58.4227 58.0323 61.2133 56.3448 62.1734 63.0831 61.6581 60.9709 57.4005 61.3174 66.3276 61.2334 59.5146 57.0969 57.3847 65.1246 62.4837 61.4784 63.4173 62.4623 60.7605 63.1669 63.5365 59.7739 61.9015 57.0025 59.8811 60.6406 60.9713 60.2573 62.5876 61.686 65.8932 62.8644 59.7244 57.219 63.6703 64.9003 62.7747 63.6492 61.7302 61.4484 58.0129 62.672 59.147 61.3312 69.5998 65.9655 65.1561 64.6692 58.9818 58.2656 63.557 59.6794 58.7045 64.1009 62.7978 61.4137 62.3703 63.7522 60.2701 57.7953 61.5887 60.0825 62.9992 62.8163 63.6146 55.9904 58.0157 66.6444 67.8808 58.6741 60.4188 61.7463 59.2478 65.5112 61.1892 62.7472 65.1397 61.9441 58.8394 61.8198 60.3617 56.7108 64.3253 61.8927 62.2407 61.9969 63.5121 58.22 60.6806 62.3097 58.2251 61.155 60.3942 61.505 60.7198 61.8791 62.1045 59.2202 61.6543 63.9149 58.7194 59.871 60.811 61.0998 59.5804 64.093 59.5818 61.1624 61.7614 64.7468 62.3677 59.4751 64.5629 63.0595 69.1067 67.4757 62.5613 60.9594 60.3294 58.9498 63.2878 57.9401 62.0385 58.6839 59.1785 60.3266 59.2685 57.4341 59.3318 62.4674 60.7005 61.8774 60.7753 62.005 60.8035 61.4636 64.9488 64.3665 61.0175 65.7563 60.6916 60.2474 59.6553 61.8653 61.547 61.1202 56.577 60.3943 59.7785 61.498 59.2074 60.81 59.806 59.9204 59.8001 60.8337 69.6184 62.6663 62.5129 67.487 61.7727 66.0964 65.3315 63.5111 62.4549 56.4495 60.1657 63.0665 63.5795 64.654 60.4297 61.984 61.8986 62.3789 57.4978 63.9596 62.023 62.4583 61.1708 60.5686 58.2545 63.842 59.3742 64.2444 60.4896 61.7289 57.3378 65.842 56.6443 63.7655 63.2914 62.4877 63.6151 62.1366 62.561 59.5381 62.4582 60.6777 64.8114 62.6155 63.0973 59.7593 59.0765 64.437 58.1287 62.4928 60.87 62.441 60.3964 57.3986 61.1505 60.8836 59.8638 62.597 58.9276 62.3614 61.3455 59.5039 64.0275 63.7773 61.527 57.9862 63.9494 62.2172 64.3567 57.0275 62.4178 56.9087 63.3238 63.0319 62.814 60.7779 61.5946 60.3611 59.6573 57.9023 62.7826 61.47 61.6605 
61.2122 61.2638 61.561 60.3356 58.2047 68.755 60.5536 65.3096 64.1193 63.0676 61.8987 62.4505 57.8697 63.7255 64.4349 61.3167 61.3586 58.7526 63.6215 62.9281 61.5917 62.4664 58.5314 58.7316 61.8695 66.0618 62.1121 63.5381 63.474 61.4388 60.533 64.9623 56.5557 62.6223 59.1413 62.9238 61.0338 60.2627 61.5981 63.4317 64.1052 64.4152 61.4708 61.1937 56.2959 65.3333 64.9751 62.9074 63.5781 63.7008 61.6044 59.0814 64.0726 59.7102 60.5816 71.4195 66.6342 64.5698 63.7747 60.995 60.0731 65.2742 62.1228 61.8581 66.2454 62.7753 62.8984 59.7365 64.7041 59.9893 56.6721 61.6341 60.9135 61.4645 63.253 61.0185 60.0528 58.3047 67.1858 68.0206 59.6623 60.4635 63.9733 61.0355 62.6988 63.2716 64.5538 66.1805 62.5496 61.2575 63.8179 62.7747 58.5399 65.0863 59.9407 63.3736 64.1084 62.7528 61.7694 65.4573 62.2976 57.3399 63.2137 63.4157 63.7533 62.47 61.9172 62.2173 62.6285 61.685 64.3155 62.5142 62.0322 61.5345 61.2341 60.2542 66.0807 61.5828 61.5009 62.9494 62.8847 64.1068 60.2399 65.3881 62.4593 69.9175 66.8347 64.6151 63.1557 63.9422 57.3244 65.2382 57.7553 64.5627 60.0354 60.2105 60.2117 60.0757 57.69 64.4476 58.6293 60.932 63.3941 59.8125 60.1927 64.3418 63.379 63.1316 66.513 63.2379 66.1835 62.2006 59.3474 62.5176 63.5137 63.58 58.8647 60.3373 63.1773 60.2506 62.6072 60.7623 62.4586 59.2492 62.1023 58.6121 60.7697 72.3296 62.3133 63.2358 66.6364 62.7543 64.878 62.9236 62.5869 63.3207 56.2714 61.8057 66.0597 63.7075 62.6305 62.7171 60.9349 59.2049 60.7321 60.0056 64.7295 60.902 62.5861 64.1323 61.4013 62.8359 62.1719 60.302 65.1729 61.2484 61.8799 58.5623 64.4451 58.7089 61.203 64.2563 64.3305 63.4965 62.1765 62.684 62.2191 64.3402 62.4383 63.8273 62.2062 63.2619 61.9127 60.6514 63.9313 59.1917 63.8208 60.9221 63.443 63.4319 61.402 59.5672 64.0177 59.7262 62.9538 59.3567 61.7924 61.7408 62.4271 62.5274 65.5754 60.5003 60.2359 66.9964 62.1903 66.4183 60.5251 63.3399 59.9667 62.9222 64.2046 64.518 62.5453 61.6005 61.857 60.2293 61.0256 60.9707 61.5716 63.1238 
61.0537 61.6028 62.8499 59.188 57.0058 67.2112 61.7518 64.0968 61.9656 63.1177 58.0063 62.7716 61.7357 63.0614 60.8026 60.4424 61.1384 55.949 61.9874 65.9213 64.7811 62.7445 57.5774 58.9636 63.9969 64.6039 64.4432 62.9222 62.9164 64.92 61.5464 62.3517 62.6626 62.2584 57.5418 61.6357 63.4895 62.5587 61.6895 62.3593 62.6331 65.4044 64.1218 61.9542 57.2835 65.4529 65.7653 64.4236 62.0879 60.447 64.9617 59.0774 65.6501 60.8481 62.0646 70.6781 64.4669 63.3963 61.0704 60.7471 59.2711 64.6205 61.9512 60.3293 65.6679 63.4202 62.0736 61.267 66.4151 59.2349 57.651 62.6089 62.0725 63.6532 64.0181 62.385 57.6437 59.3543 69.003 67.6759 62.7357 62.1369 62.6551 59.4683 64.6693 64.165 64.9948 64.6483 62.7401 62.2947 63.0858 62.2028 59.0401 61.834 61.688 61.9786 61.4393 63.7467 58.2521 63.1062 62.0959 61.5584 64.2863 64.2935 65.4361 63.4822 63.4109 61.4805 61.1185 62.055 67.7143 61.0303 60.9967 61.8373 60.3533 62.4044 65.3152 64.7425 63.7609 63.6857 65.0154 63.4067 63.5765 62.9866 66.7546 66.025 68.7728 64.0667 62.1099 62.3092 59.2136 64.7176 57.1368 62.2644 59.023 59.6038 60.6661 59.7547 59.4814 61.3064 60.1718 62.3559 60.5847 61.3115 61.5171 63.4375 63.9176 63.9922 65.7369 63.1187 69.6129 61.7944 60.48 61.9222 63.7453 63.686 59.7639 57.9469 60.1429 59.3501 60.2716 60.095 64.3594 58.4044 63.4935 59.363 62.513 68.503 61.8401 63.0254 65.5787 63.7381 65.4058 65.7861 65.3669 62.4798 58.4236 60.0995 63.0115 64.0543 63.0189 59.8383 64.3192 59.6487 61.3973 58.6252 67.7197 61.0701 63.897 62.7976 61.1717 63.4232 63.0371 59.3035 65.9855 59.8367 60.8199 59.372 64.134 58.8042 62.434 63.4658 65.606 64.7431 62.7398 61.5859 60.7668 64.6337 60.6826 62.6259 61.1068 61.9131 60.43 60.679 64.2596 61.1555 61.6981 61.0585 63.614 62.306 62.1621 61.3475 63.0537 61.0741 62.2163 58.3794 62.7364 63.5262 61.1952 66.2091 64.4966 62.9212 58.7802 67.3329 59.6773 66.1768 57.3401 64.5742 56.9923 61.9344 64.4944 62.4052 62.7589 63.4808 56.4712 59.982 61.3825 61.162 62.968 61.7071 
66.6464 64.8349 67.0515 64.9938 63.2335 71.9433 62.3832 69.0244 67.2918 66.7191 63.487 68.2406 63.2756 64.7354 66.3797 64.8941 65.7751 59.5749 65.509 69.2584 69.1626 66.1229 63.2094 61.1373 67.3047 70.1691 68.7313 66.2189 64.0742 67.1876 68.4789 68.7928 66.7917 67.2899 62.5879 68.7994 66.1424 63.9883 67.2772 66.26 68.1378 71.4119 68.878 68.125 62.3058 70.501 69.8217 68.8258 68.1905 65.5542 67.5731 61.4516 66.3255 65.2973 68.4681 75.7853 67.8815 67.9659 66.6116 63.5663 63.7296 69.66 66.1591 65.789 70.4756 67.1958 65.3324 64.3223 70.1203 65.0661 62.7273 66.2182 64.6529 66.2451 68.1471 66.197 60.6454 64.1423 72.5665 73.5112 65.2069 62.6493 66.4132 65.339 67.9158 67.6062 70.5838 71.5669 67.4444 63.6528 65.7505 69.4918 62.9904 67.2884 67.2408 70.0591 65.5729 68.2329 62.4437 64.7209 66.9297 63.9223 64.2493 66.1391 64.5661 66.5799 68.1802 64.7454 65.3066 65.1574 68.8256 66.4647 64.6613 65.4627 66.2257 64.8688 67.7918 65.9367 66.225 69.6867 70.0989 69.8236 66.0556 70.5905 66.0102 74.9452 69.4587 66.8786 66.981 69.3153 61.9514 68.0107 61.9319 67.8087 64.445 65.7187 66.4668 60.2406 63.6496 62.2906 67.1714 66.7749 66.5454 66.8335 64.3325 68.0882 69.5349 66.423 69.781 61.8479 73.0198 66.2203 67.4164 68.2045 69.8484 67.8971 62.7177 63.5099 64.3913 65.1181 65.8243 64.435 66.3323 67.1206 66.6746 62.7595 67.9679 74.4644 64.766 66.6633 68.6834 68.3492 69.267 69.1742 69.0729 65.3355 63.1103 67.4716 70.6182 65.0583 65.187 66.3361 68.18 63.1659 66.8315 63.5492 69.0448 63.1612 69.3267 68.4593 65.0658 67.3818 67.7563 65.5959 70.1914 66.4321 66.0475 62.7956 67.4109 62.9988 66.8209 67.6529 68.247 70.4048 66.7588 66.6107 63.996 69.6438 67.2869 70.982 64.8935 66.0227 65.3194 64.4442 65.5454 64.4526 67.4817 64.1821 65.2654 64.7101 65.7082 63.0575 69.231 63.5752 68.716 63.4478 65.2365 68.2984 67.7638 64.6883 71.1303 68.6547 63.3865 68.7526 64.1405 69.8241 63.0696 68.5916 63.7844 64.8585 68.275 67.2819 67.0441 66.1432 64.2448 66.1411 66.6451 67.2304 64.5606 66.1713 
56.4447 58.9826 56.8035 56.3724 50.5368 64.4907 57.7989 59.1751 57.3158 58.1299 52.6784 57.3254 57.1818 59.5238 57.465 55.0047 57.6774 53.1311 56.8765 61.038 61.0991 55.1224 53.7929 52.8362 61.0256 60.6305 56.7597 58.457 58.5452 55.6478 56.377 62.1325 58.6386 56.1026 53.7047 60.1345 56.5395 57.7576 56.7072 57.0792 56.1951 64.0788 60.6872 56.9538 49.4178 57.2438 62.5375 60.6943 59.0068 56.3318 61.4034 53.9191 59.9227 56.3906 60.7074 64.1107 57.3247 58.148 57.4171 59.2801 56.9677 58.7171 58.6974 57.0253 61.4165 59.4348 57.0781 55.0856 61.9422 55.4092 53.304 58.0829 55.4895 59.695 56.9568 57.1073 52.9723 57.0231 62.1874 63.2154 55.8873 55.2675 60.6625 58.4149 60.0005 60.0054 61.0484 59.0906 56.3576 56.1554 59.2417 59.8562 57.2584 59.1773 55.8619 60.5548 57.3927 61.0942 55.7922 56.357 57.9725 57.1871 55.8542 59.8102 58.7938 58.1756 59.1848 57.511 56.722 58.3027 59.8741 57.7994 58.2312 58.0394 59.1051 57.8836 61.8479 59.7575 58.1322 61.8849 60.8234 58.9871 57.1734 63.7712 61.2649 62.9852 60.9703 58.6279 57.0251 60.6446 54.1675 59.1466 56.3742 60.633 58.5472 56.7549 58.9838 54.3881 48.501 56.2837 58.3743 60.0354 57.7454 58.7133 58.0129 58.1639 59.8312 58.5247 60.7217 57.4547 63.4859 58.4198 56.5409 57.3281 60.687 61.0282 56.2615 54.5785 54.1386 57.1116 57.6788 56.7698 58.8195 54.8186 57.1225 53.6488 57.6585 67.0959 58.6522 57.9594 59.7617 58.7892 60.3027 61.1601 60.4366 58.3343 53.2183 57.4399 60.7585 56.404 57.863 56.7222 59.0645 54.9464 54.1326 57.1877 60.3285 55.2672 59.0262 61.3917 57.4195 59.5601 59.2407 58.1712 60.1747 56.1755 52.8281 55.5426 59.197 54.4253 59.2181 58.9008 61.6435 55.6549 55.7508 57.3981 55.5819 60.6784 56.9579 57.4898 57.6031 58.8086 57.4661 56.5375 59.0396 58.5141 57.8518 59.1941 57.2619 55.8156 56.9108 54.2424 57.1803 54.8387 59.3654 53.0358 58.5817 56.522 56.328 58.5596 62.8166 60.0278 54.0026 60.7175 54.0654 59.4394 56.9048 59.6043 54.2586 59.0349 58.2754 59.4231 60.3036 58.603 56.1988 57.6658 59.9106 56.9101 58.576 58.9801 
58.0725 56.0793 58.3799 53.554 56.9204 62.574 58.5801 57.1357 54.5757 60.6393 54.6835 57.5865 55.5676 57.4721 60.3232 56.7109 56.9369 50.1831 59.1365 59.9202 59.6196 58.2898 53.254 55.2067 56.5467 61.5679 58.3712 58.248 57.0587 56.8692 53.7658 60.9593 56.5034 59.7701 53.8009 58.2821 57.5311 57.2826 55.8648 59.8082 59.6957 61.9702 60.2903 60.0203 53.1739 57.1393 59.396 58.3709 60.041 54.8858 59.9402 52.8036 58.6645 56.854 56.3824 67.7877 60.6699 59.2997 56.6638 55.2687 57.8602 59.5766 59.052 58.9266 59.2928 56.5897 59.8377 56.5519 62.0806 55.7656 52.3466 57.4866 55.607 59.7807 58.5118 61.8451 50.7639 52.9633 64.9361 62.7713 55.884 56.3788 57.0604 58.5869 60.404 58.5474 58.7765 59.8523 58.1275 54.679 57.6918 60.6889 54.9954 63.2695 54.733 58.1335 55.9892 59.2631 56.2445 60.7369 58.4725 54.2813 58.3182 58.3339 56.168 59.8025 56.3746 57.6885 54.6645 58.067 59.5322 56.5027 57.8748 56.8347 58.449 54.5205 59.2219 57.2081 56.0828 57.5984 60.4988 60.322 57.5806 58.3592 60.9712 63.1764 59.9425 58.3974 57.1036 59.4822 55.6382 60.5064 52.9716 60.035 57.3319 57.4539 56.7905 55.7135 52.6317 58.0326 56.4064 55.4727 56.7908 55.6177 56.3695 58.605 61.4295 58.9259 60.612 57.7668 60.6895 54.677 54.3073 55.7374 55.6036 58.2678 58.2942 55.1645 56.227 56.1173 56.5102 57.8382 56.8193 56.5832 57.8202 52.6607 54.6325 64.8027 57.569 56.5021 60.4841 59.8854 60.8678 60.7891 59.6653 61.2488 52.3117 58.4186 59.5471 59.6653 58.5497 59.8511 57.6659 57.5542 58.7267 54.7798 61.5381 58.6288 58.4157 57.6268 54.6894 58.0878 56.8044 56.1644 62.022 54.2185 54.601 55.7819 59.4188 53.0589 57.2603 57.0409 57.4563 57.6308 60.7501 60.2066 55.7472 58.8937 56.1584 60.723 56.9551 58.5462 59.0085 56.0113 58.0948 54.8289 56.6744 56.5794 58.4042 58.3181 56.9431 54.9087 59.8695 55.5661 59.0407 55.6595 58.0164 57.476 57.3641 58.6249 60.4999 57.5396 54.927 61.0774 55.9939 63.3634 53.8994 59.4044 55.7085 59.7945 59.3868 59.973 55.9584 56.9065 55.1911 55.5666 59.4288 56.5494 57.9742 55.4424 
65.5306 62.3543 62.7587 60.6461 57.2314 69.671 62.299 63.8492 59.9207 62.4528 59.5639 63.7048 61.7797 62.1213 62.7724 63.445 64.4804 57.0835 63.8684 65.7667 65.9092 61.0573 57.6456 57.6504 67.318 67.1131 63.7119 63.8659 63.1218 65.4268 62.2059 64.9372 62.423 65.2395 59.2065 64.4835 63.2621 63.6196 62.7861 62.8589 61.1028 66.1026 65.7023 62.9985 58.8256 66.0774 66.8632 62.9588 64.7722 64.4291 65.3923 61.3401 62.2587 59.4693 64.0972 70.0648 67.6467 64.1769 64.2441 65.6859 61.8746 66.3655 63.6546 60.1368 64.4628 64.3346 62.3716 62.2723 66.711 63.5785 60.2579 61.7964 61.6062 64.1074 63.6661 63.4377 59.1291 59.6687 67.827 68.8738 61.3587 60.0976 62.488 62.2137 65.8742 64.0322 65.2868 64.1846 65.8821 60.8141 62.8984 64.2335 63.1668 65.6468 63.6214 63.352 63.726 63.6646 61.8748 65.9548 61.3738 61.5283 64.5357 60.157 61.8936 62.3827 62.3496 61.8192 62.1162 64.1093 65.6765 63.3363 64.0293 60.3052 65.6515 61.473 65.7874 61.6226 63.9001 64.0827 64.7641 63.5762 59.7499 65.1495 64.5219 71.6734 64.2532 64.2968 62.9277 63.3901 59.1682 63.7734 59.6735 63.243 57.9618 62.2503 61.9269 61.6392 56.7275 62.7416 63.81 64.2378 62.4359 63.4003 61.288 62.9658 64.8676 66.8558 66.1772 63.2234 67.3281 59.9745 59.9764 60.944 64.1551 64.1273 63.7323 57.2871 60.4466 60.2365 64.396 61.3801 63.4257 59.861 62.309 60.6682 59.9467 72.689 61.2922 62.2142 65.602 64.244 64.6851 68.0126 67.3495 63.6596 58.6558 63.2222 64.8783 62.2725 61.6419 62.0653 65.4026 61.8789 60.7194 59.22 67.6579 65.2194 63.7213 62.7348 62.0218 62.3016 64.5558 60.8838 63.8825 59.701 63.7155 59.6509 64.8134 57.8233 62.0677 63.2758 64.0164 63.941 63.0555 62.6616 61.4578 65.2356 60.3432 65.0476 63.6251 60.7948 60.6338 62.0158 65.3313 61.3647 62.0632 64.6795 62.7874 62.0859 61.4215 58.132 63.3848 60.1194 63.3837 58.4323 62.2409 62.2184 62.7762 63.0415 67.1604 62.8562 58.6708 65.6079 63.0572 64.6047 61.5211 65.5722 57.8625 63.3722 65.5624 62.8082 63.7492 64.1435 60.7274 60.3808 61.6281 62.9048 63.188 62.6854 
65.0886 64.3497 62.3452 59.6682 60.6584 69.6702 62.8367 67.1942 61.6239 63.865 61.4592 66.6716 64.3796 64.2326 67.518 63.2601 65.5474 60.5396 66.1505 68.0792 68.1629 62.2345 61.4789 59.9375 66.9963 67.4417 67.3459 63.9367 64.1935 62.9712 64.2521 66.3624 63.1046 67.1108 63.0706 63.4396 67.0203 64.7307 64.6915 64.9066 67.7326 67.5762 65.3522 65.6427 59.7311 67.0474 66.9098 68.8356 66.0386 64.142 63.2778 61.3845 63.7958 64.9453 62.9835 73.0519 66.6823 66.5813 65.7693 62.8448 63.8235 68.8229 63.2428 63.7126 67.6346 65.3642 64.089 63.6144 68.3507 65.1667 63.375 61.6357 65.6728 65.4839 64.7304 66.5681 59.0529 64.5455 70.1856 69.0067 64.2934 62.0018 64.1718 63.5148 67.0493 66.0953 65.5347 65.7625 64.4045 65.0164 66.0433 65.3954 60.0767 66.1901 64.9973 65.6644 65.054 67.3283 63.3783 64.0837 64.1691 64.5849 63.8779 64.2875 66.5252 65.2726 62.5917 63.6929 66.2479 65.2396 67.7342 62.032 63.9106 64.5382 67.7422 65.1855 68.3268 64.5936 65.1431 67.0238 66.3992 64.1802 61.8125 68.9688 67.5148 71.4502 70.6117 65.5373 62.3606 66.3767 60.2968 66.4955 62.1287 64.7078 64.5059 64.7779 64.5031 63.3922 58.1354 63.2616 62.6352 64.8373 65.2309 63.5661 63.074 67.4721 66.87 66.3255 67.691 63.548 66.8954 63.7372 61.6489 62.9449 67.0058 66.5904 63.4521 61.696 61.641 61.9369 62.3552 63.7357 63.4836 61.5401 65.9367 61.1723 67.2649 73.4469 61.9991 65.6752 68.1794 68.5531 66.3326 69.9809 68.1344 67.3354 61.5231 63.7664 67.1875 64.8274 63.8621 64.9635 66.0832 65.159 65.4965 62.5468 68.0861 62.5351 67.2542 63.6315 63.2879 66.1191 65.1312 65.0106 67.5107 63.8768 61.9873 60.9636 67.4008 62.7422 64.4934 62.9944 67.5875 68.3207 66.8961 65.7366 60.5147 66.2127 63.7824 64.8833 65.4173 65.4109 62.0445 64.9703 65.0264 62.8572 64.1571 66.8892 64.2452 62.3584 62.3923 60.494 67.3289 62.4978 65.9293 62.684 65.0071 64.7165 63.5742 66.1391 69.5985 64.9287 61.9262 68.3906 64.0224 67.8837 61.6704 65.9049 60.6262 67.0047 64.9444 66.5325 62.7233 64.6197 63.6112 60.9619 62.72 64.9452 65.8374 66.7605 
60.7437 59.3824 61.2945 59.8686 58.7734 65.9855 60.4906 62.938 60.4385 60.4328 56.3454 60.9149 57.9548 62.9929 61.0731 59.0406 62.0976 58.0499 63.1309 64.7475 62.8243 62.4687 55.6545 58.4872 61.4323 66.0042 64.6416 62.9648 62.0594 63.5763 59.6465 64.5312 58.7092 62.4243 58.8367 63.3395 61.7479 60.6326 62.7437 61.6417 60.8245 63.7037 64.5057 62.4359 57.1458 64.5151 63.9958 63.9995 62.1035 60.7707 63.213 59.2749 64.2788 58.3773 63.5094 67.7859 62.2841 64.5074 61.7238 62.3236 59.2772 64.5901 60.8946 59.9193 61.6244 60.1414 59.688 60.3399 66.2269 59.7631 56.854 59.8156 59.7114 63.3525 63.9013 62.4234 57.7242 58.4805 68.3849 68.3013 58.6212 63.0848 59.9809 61.979 64.9156 61.9896 63.2475 64.1782 61.704 60.6962 62.6617 62.932 59.1433 65.0333 60.509 61.6356 60.5201 62.5494 61.4182 61.6573 63.6756 58.8203 58.2518 59.7612 60.3046 62.6424 62.7523 59.7733 60.9343 63.3719 63.7232 59.1034 61.9224 61.6914 63.2394 60.6255 63.2403 61.6327 59.4738 62.5971 65.0911 62.1506 57.5425 61.6207 64.0407 68.5324 63.3471 62.9687 58.9074 63.5855 58.7571 64.8637 58.1126 63.8038 59.1206 60.7707 62.5365 59.7418 55.6401 61.6717 63.502 63.2004 61.896 61.2911 59.8879 62.0657 64.0117 62.611 65.4977 57.7599 65.2084 60.0892 59.248 59.3855 60.9345 62.7407 56.1419 59.4599 59.467 61.731 61.5685 63.1137 63.4035 60.6219 58.3326 60.6875 62.5041 68.8771 59.5386 63.5036 63.0755 61.5414 66.6851 66.5259 62.7148 65.0298 56.2196 61.4384 64.9968 64.9177 62.2872 62.9412 64.5735 59.1842 62.4103 60.8913 65.0133 62.9541 64.1941 60.977 59.5217 61.2985 61.2782 59.8577 66.7168 61.753 59.5031 59.3151 64.125 57.4784 58.4796 59.5811 61.8829 64.8552 62.7902 61.3738 61.1703 63.5095 62.0487 64.5057 59.7938 60.4794 61.627 59.1414 61.6307 60.1029 61.5341 60.7482 60.8592 60.6057 61.1066 59.1287 63.853 60.2653 62.0483 57.5583 58.1888 61.3525 59.8872 62.5646 66.0651 62.5784 59.3449 63.6201 63.3998 64.6587 58.6719 63.0036 59.7411 64.1874 61.7266 64.4246 60.4628 63.8014 60.2662 59.0594 62.2362 63.7059 62.0423 60.9006 
57.1505 60.8095 60.307 55.6532 55.1773 65.3551 55.49 59.4934 57.4632 59.2331 56.7852 60.4093 57.3559 59.0026 58.8956 59.0467 55.8256 53.9039 60.3444 63.3574 60.4265 59.7191 57.5776 57.4309 58.4819 64.6281 59.9138 61.6515 61.6419 60.1201 56.2665 64.8892 58.4472 60.448 57.6784 61.0551 57.2092 57.4628 57.8879 61.1605 58.578 64.1658 59.2449 58.7502 52.0587 62.1632 64.5507 62.9728 63.7454 59.3995 60.0212 57.5764 61.7449 60.7693 61.9288 64.7756 62.6187 62.0765 61.327 58.9129 57.1727 62.3946 58.4784 62.3989 63.7154 61.5592 60.2282 58.2862 62.9716 58.8955 56.9265 58.3285 58.3393 59.0012 58.9685 60.961 56.5305 57.219 63.565 67.7057 56.5598 58.0195 62.3138 57.6035 60.5251 60.5272 62.4534 60.5836 59.3931 58.7189 61.7997 61.321 58.5158 61.5539 61.1148 58.2125 57.3465 60.0499 55.6811 62.1027 62.1918 60.4712 59.543 61.4159 59.1527 59.9605 61.599 59.3298 60.4556 60.8017 60.8219 58.0331 60.9991 58.5717 59.698 57.3319 60.2569 59.0694 59.3769 60.2085 63.501 60.9802 60.5191 62.4442 61.107 66.41 61.3449 58.8159 60.5844 61.0997 55.5371 62.404 55.2774 60.962 57.1026 58.5739 58.3075 56.1975 55.0381 60.9289 57.6174 60.3044 59.9807 61.2627 59.6406 57.9216 60.4124 63.9446 66.4146 59.764 62.4927 57.4715 58.5878 59.5183 60.8002 61.0474 59.073 56.1666 56.1466 58.8383 57.8551 58.6589 58.2729 55.8217 56.4508 54.5532 59.1011 65.2883 58.4992 62.6766 63.8086 60.5226 62.2676 62.6616 59.4964 56.4581 55.202 59.9794 61.6479 62.4962 60.5401 59.8902 63.1528 56.2984 58.1719 55.827 61.5395 58.1473 64.3269 60.3843 57.256 61.0225 61.4982 58.2886 64.3599 56.8836 56.556 56.3489 62.2886 57.4967 59.8692 61.7574 61.6949 62.0328 59.4846 60.3066 59.5095 64.1916 57.181 62.0538 58.8889 60.6173 59.5781 55.0025 63.4186 57.2158 61.9452 58.3871 60.8823 62.5527 58.6949 59.0522 60.24 57.1696 58.953 55.887 58.0016 63.3976 59.4378 62.9477 61.2469 57.6103 56.2144 62.5433 58.2679 60.1471 58.4842 61.7435 58.3726 59.2602 62.0268 59.9087 59.1782 59.8911 58.5008 57.4472 60.635 60.1735 60.1076 61.4585 
60.7632 60.5987 60.4422 58.7154 54.9475 63.9248 58.3474 60.1756 56.3314 60.4378 54.9087 60.9539 57.4379 60.9533 59.3846 58.5568 57.6068 56.0212 61.3324 63.1939 61.7588 54.7151 56.7011 57.8536 61.3725 62.0466 62.3372 58.9583 60.5704 60.2784 56.1357 61.4254 60.493 60.1812 57.1848 59.2046 58.8285 60.0337 59.1087 62.1646 58.8129 64.5615 59.3111 58.4091 58.3516 61.4704 64.4839 62.9419 62.6386 60.3636 61.1738 58.2796 58.7358 58.4141 59.7168 66.9373 64.4199 62.9521 60.7341 57.3273 56.6329 63.4732 59.0887 59.4359 61.5564 60.4243 58.7152 58.1828 63.867 59.8225 55.3134 58.6337 58.4548 59.5669 60.4284 60.0866 54.4447 58.7779 61.8648 66.2984 56.3405 56.8999 58.9821 59.5696 59.034 62.283 61.9338 62.1081 59.1833 55.7911 60.7283 59.4282 57.0007 60.0814 57.4408 60.1657 59.5241 61.0677 57.0362 60.2234 60.2775 59.3225 57.9787 59.7046 61.0195 61.0043 57.1437 59.0291 59.0205 59.1874 61.0708 56.6309 59.4876 59.856 62.2133 59.4839 61.7081 57.0727 60.3594 62.8089 62.539 61.0827 57.6398 63.8138 60.7083 62.9945 64.4443 60.7656 56.2555 62.6942 57.4803 61.8238 56.5616 61.063 55.76 57.9046 56.3837 57.8973 55.0298 59.1771 57.8842 60.4353 58.9034 60.671 57.4606 58.1135 63.472 59.6538 61.4567 59.8599 64.6383 57.5063 55.896 58.209 59.0449 61.9192 59.4733 54.6286 56.859 58.057 58.5345 59.0023 59.7586 57.2728 55.2316 55.9039 58.7962 65.3744 57.7594 60.3794 61.1181 58.159 62.9483 62.7872 60.1122 61.7299 55.5942 58.1102 62.7389 59.2785 61.6967 59.5932 62.3629 59.59 57.5315 54.6596 62.6668 55.8333 61.0043 60.2862 58.9241 58.5859 60.0605 58.5475 64.0616 57.4484 58.9423 56.5168 62.5779 58.0296 59.9125 61.0923 61.6922 61.6739 60.2451 60.6438 58.7404 59.9964 59.9206 62.026 58.3739 59.3952 59.8109 57.7416 61.2489 56.8553 58.9681 61.7123 58.2615 59.3833 59.1691 59.164 61.5559 57.556 61.167 55.0109 58.8322 59.7381 59.7928 60.6775 59.9746 59.6621 57.1987 63.4216 57.5924 62.5401 58.3972 60.3179 54.7992 59.3191 59.5208 61.0381 59.8404 59.7527 55.9817 56.7818 57.526 59.2869 59.6623 59.0013 
64.2569 62.8845 65.6528 63.2067 57.3094 70.2404 63.6631 65.5908 61.3828 63.2483 63.393 65.8192 63.8538 65.5581 64.1204 63.5107 65.1812 58.5121 66.0441 69.2149 67.2075 61.9058 58.7266 60.9453 64.4739 70.7631 65.0376 65.1264 64.9957 65.9744 61.5555 65.8805 63.7431 64.1852 60.8662 65.4051 64.4841 61.8987 64.5473 63.9182 65.6852 67.4046 66.4069 64.7717 59.2859 65.6673 66.9055 66.2689 68.0358 63.2567 63.3274 60.9676 66.6367 64.1937 65.4963 73.9737 65.863 67.4694 66.8253 62.8026 64.6305 69.5796 63.6528 64.5912 65.9496 65.6555 66.4223 62.0138 68.6207 62.8758 60.2925 62.1411 63.8682 66.1378 68.712 68.037 59.7845 61.7024 70.0136 70.7647 63.1562 63.2393 65.8018 63.9104 65.7099 67.5219 65.1174 67.9026 65.9344 63.1427 66.1852 67.3425 60.7232 68.7228 64.9615 66.3213 65.1828 66.7297 61.4056 67.0781 65.7374 64.2299 65.3136 65.6462 63.6588 65.8763 64.1373 63.945 64.2997 64.2961 66.4728 63.0888 62.4438 63.9089 64.6593 64.2847 64.6561 64.2799 64.3675 64.6366 67.2664 66.0764 63.9444 66.8111 65.5938 68.5161 67.2015 65.799 64.3169 65.3821 58.2827 67.3172 61.3951 64.1381 60.8626 66.624 64.1387 59.7231 59.6903 66.8462 64.9804 63.9752 65.266 65.3368 63.9412 67.4883 63.7165 67.6525 66.16 63.6002 68.0201 61.8658 63.0446 62.8931 67.4988 65.1495 62.5043 60.2137 62.228 63.2272 63.3353 61.9185 66.1798 62.756 64.1079 60.4086 61.8819 73.3832 63.3046 66.1557 69.3513 66.6714 68.4364 69.543 68.2954 65.594 59.0404 63.7337 67.1218 64.9876 67.2412 63.708 65.997 63.9806 62.7729 61.9286 69.2448 63.2254 67.3194 67.2301 63.5263 63.7299 65.38 63.9726 68.3866 64.2108 62.6179 60.3922 68.7652 59.3576 65.9489 67.3139 67.3089 66.1839 65.3815 64.1955 64.9571 66.5535 63.5758 64.9589 65.5273 64.9585 62.1918 60.7507 63.2791 61.8409 64.3549 65.1449 65.6054 62.2289 64.6924 61.4665 65.8988 63.7378 65.5192 61.5113 64.5404 64.7067 65.3462 64.5201 66.375 63.1787 61.0209 67.9503 62.6215 68.7853 61.4879 67.255 59.3446 65.6993 64.9185 64.6972 63.7308 66.4611 59.8103 61.0998 64.2747 65.6255 64.5405 65.7108 
62.0948 63.4851 61.9022 59.7959 57.768 68.309 61.8821 63.288 62.0701 62.8801 58.8714 62.6718 59.1243 61.7423 62.8663 61.9966 60.441 54.2348 66.4897 65.8 64.4931 59.8561 60.5974 59.8825 63.4997 67.3744 62.7631 64.0347 64.0355 62.1419 61.0093 65.7771 60.6835 62.3843 58.8792 59.8844 62.4339 62.6393 64.0371 62.1873 61.0682 68.1335 64.095 62.2016 56.9456 64.6742 67.1268 65.6611 64.148 60.9062 63.5854 61.7394 63.2862 62.1736 63.7632 67.2295 63.759 64.8759 63.0099 59.9288 59.013 65.5075 63.7768 62.884 64.5117 62.5629 63.9565 62.0724 63.7097 61.2179 57.3061 60.1639 61.0108 61.9133 62.7162 62.9595 58.9714 59.4335 68.1832 68.7637 61.6827 59.863 63.8486 60.1222 62.7846 63.0956 65.1667 67.395 63.781 59.2333 65.8046 64.317 61.233 65.3556 59.1138 64.8331 61.5638 64.1527 58.0347 64.108 64.3867 61.0961 61.1055 63.6471 64.8955 61.1613 61.8452 63.2921 59.812 60.0829 65.495 60.2971 61.3064 59.8501 65.0421 58.2842 65.4612 59.647 61.3985 63.895 64.1659 64.0652 63.7432 62.449 62.6903 68.2932 64.7851 63.8289 61.949 62.3899 57.4739 64.4194 59.3837 62.6448 60.927 60.0259 57.6115 58.3509 57.3411 62.4415 61.9621 61.4195 63.0427 61.1395 63.5362 61.872 62.5787 65.8609 68.2479 60.456 65.6063 60.9588 61.5962 60.1964 63.167 65.2367 61.2993 57.233 58.6213 63.8511 61.8129 61.0187 61.1959 60.8199 60.1586 58.4271 62.1676 70.0966 62.3769 64.913 64.1738 62.2191 63.9213 65.1355 62.608 63.2631 56.8653 60.4427 64.1148 64.1927 63.4532 60.6067 63.173 60.2586 63.7586 60.2805 67.4097 59.2294 63.0201 63.0195 60.3395 62.2612 64.4647 60.3399 64.0941 60.0013 59.9918 60.6091 66.1422 58.4259 64.1859 62.916 61.758 64.0012 62.3725 61.4832 58.6181 64.5597 59.9116 62.8686 62.7377 63.5309 62.6829 60.4656 63.2129 61.7088 61.9023 64.5865 64.7215 61.3039 60.1491 57.6875 63.4365 60.6619 62.233 58.9119 63.4704 63.6646 60.9531 64.8551 67.255 61.3356 58.9744 65.2247 63.2019 64.9326 61.024 67.5747 58.6052 61.983 62.5124 65.0474 63.1349 64.634 60.8548 58.8843 62.7339 61.9708 63.541 62.9668 
64.4249 65.6094 64.8735 60.7876 58.8875 69.0938 61.6677 65.0419 65.2166 64.3115 61.9924 64.7568 60.9684 65.6139 63.7455 63.1225 62.5553 58.9809 64.3244 67.0146 63.7304 61.8445 59.5776 58.81 64.6683 66.2125 64.4266 66.9434 64.6596 62.4187 63.379 66.8233 63.8512 63.7928 62.4023 65.0333 65.5935 63.3866 63.3803 64.261 65.0266 69.7836 68.9066 64.9463 60.5169 67.7034 68.6656 66.7715 67.4857 63.3991 67.3613 62.0525 66.271 60.0238 64.001 74.027 67.5287 65.6685 61.9523 64.3162 59.447 67.547 64.4248 65.3486 70.1956 64.7594 65.3274 64.0676 68.7216 64.6329 60.3834 64.8418 65.2407 65.6883 65.4486 65.2593 57.0381 62.0654 70.7428 71.4718 63.4089 64.3794 66.3592 65.3126 65.9812 68.9642 67.3091 70.2093 67.7904 59.9462 66.0487 64.5055 62.6692 66.3041 63.0709 65.1281 64.4682 67.4027 60.7869 65.3701 64.0737 62.7318 65.2484 66.159 67.5201 65.4448 66.1267 65.6031 63.3952 63.786 68.7296 64.2661 66.6961 64.3993 67.6306 64.2983 67.1599 65.458 65.6093 68.9363 65.9491 68.8358 65.5046 66.1326 67.33 69.42 66.8336 65.2407 62.968 66.0783 62.1681 65.8727 61.452 64.667 62.6858 64.4751 63.8002 63.3665 59.4651 63.539 63.8864 62.8158 64.8508 62.5838 65.0976 64.5888 66.9966 68.7273 66.5656 62.3203 71.0315 64.9274 62.0966 62.7648 67.5402 66.4875 61.8632 60.1402 62.8029 61.3666 66.5941 62.6207 65.7839 61.3617 62.1273 61.3548 64.5872 73.282 63.83 65.9509 69.0859 64.3158 69.1482 68.5322 66.7286 65.4913 58.3962 62.7797 67.7877 66.0802 62.3935 62.2209 66.1288 61.046 60.3338 58.7644 67.3038 62.8883 65.1347 64.6454 63.1874 64.5193 64.3079 63.6489 69.3399 61.9217 64.5098 59.7676 68.6829 61.5714 65.9967 66.1384 68.2464 67.4258 64.8227 63.1766 63.5473 65.9097 63.8433 66.4898 62.2572 64.0819 62.6513 61.4665 67.0007 64.2346 64.9227 67.0841 64.4666 64.3943 63.3194 62.1907 65.6509 61.5082 65.776 60.8107 65.1887 64.7828 63.6639 65.7929 69.5074 66.896 60.0441 68.0348 63.3743 69.3384 60.9656 69.5349 58.5093 65.2262 65.8158 66.6044 64.4921 64.7777 60.7002 62.1371 63.5343 65.4493 64.1239 65.2364 
60.2044 60.4914 60.4382 57.0977 53.125 63.699 60.9101 57.6673 57.6353 57.1558 55.5305 59.0934 57.0627 59.419 59.8929 58.4167 59.4305 54.0786 58.9033 62.8128 59.9734 56.6785 55.2916 54.9013 61.2578 60.8931 60.0552 60.4661 60.2306 59.33 58.3823 58.4735 56.6455 60.6619 55.2932 60.5517 59.6975 59.8886 56.5675 59.364 58.3509 61.2144 60.0771 62.4653 54.0739 61.7011 62.2392 60.5961 63.4209 61.6061 62.6463 57.4421 60.0983 57.1334 59.6687 64.5502 61.6031 59.006 59.8085 59.71 57.3166 62.8382 58.7953 58.7444 61.8937 60.9554 57.2405 58.5646 64.2907 57.8448 54.2662 58.6024 57.4833 60.5493 61.1573 59.3737 53.7676 57.6483 65.2472 63.6268 55.2189 55.5776 58.8931 59.8734 63.6387 62.1885 60.707 62.579 60.676 56.53 59.5089 60.8068 56.1795 62.0874 58.6686 61.7813 59.9811 62.7286 57.3091 60.5397 60.222 58.2714 59.1422 58.6835 57.7874 58.8592 58.4388 59.1855 56.3936 58.9431 60.498 58.4511 59.4649 58.967 62.9131 59.96 60.5417 59.5667 59.4443 61.5587 62.4866 58.9221 58.1994 59.5738 60.5976 64.4439 62.6373 61.2186 57.1778 60.5731 56.6966 60.2741 56.6891 60.2849 58.9314 57.9142 57.075 56.813 53.829 58.272 59.8602 59.0358 58.1289 58.7288 60.469 59.4297 61.8459 60.6395 59.7328 56.4848 64.6958 58.6723 57.4329 56.8815 61.1971 61.6102 58.0032 53.9058 57.1823 59.6159 59.0534 57.9329 60.1301 60.0387 57.329 59.1295 59.7726 66.4134 58.7512 59.5389 62.9667 59.7439 61.4883 63.9223 61.4195 60.1925 54.0104 60.4941 63.0826 60.8362 57.7484 59.5291 63.2862 55.8366 58.4821 55.0646 62.8583 56.9361 59.6291 59.4964 57.4499 56.2032 60.5844 58.3706 61.6876 58.4486 55.542 55.6929 62.7265 57.5085 59.3805 59.1103 60.1536 63.4481 61.0011 61.4523 56.959 58.3964 59.5217 61.1772 59.358 58.8135 58.9321 58.2799 59.6457 56.5033 58.4106 60.9153 57.6158 58.0719 60.2311 58.196 63.7132 58.109 60.3832 56.2768 59.7255 59.617 60.144 60.0563 62.7816 61.9451 56.9188 62.9989 57.0691 62.2349 56.8351 62.9116 58.0566 59.4295 59.7056 60.0576 60.2727 59.0318 56.3779 58.2051 57.1987 58.4597 58.6478 59.5831 
66.7594 65.3389 66.0597 64.3407 60.0342 69.8856 64.5265 66.7401 65.3048 65.1982 61.3582 64.8244 62.7908 64.6208 66.6895 63.1364 64.0585 62.1899 69.6537 71.1646 68.7806 63.8255 61.211 61.1008 65.7284 71.8246 67.6121 66.4941 68.0366 65.7313 62.7664 69.8734 63.5581 67.1325 64.1234 66.8519 65.1484 65.2756 64.6785 68.3239 65.7588 68.0837 68.2927 64.7768 59.4992 68.0554 70.3099 66.5293 66.7314 63.2059 66.8938 61.0494 66.8198 61.3332 69.7009 73.8097 67.9076 69.5268 66.7912 63.4668 61.8943 69.2304 65.5222 66.9469 67.1738 62.6995 66.1114 67.34 67.5358 64.1876 62.0708 63.77 63.5745 69.3891 66.5327 65.4586 61.8747 63.5286 72.9203 72.8358 60.2676 63.5232 69.9319 65.4924 68.84 67.5918 69.16 69.1202 67.6768 60.4454 68.2298 65.3064 65.0299 67.5801 61.9826 65.6434 65.093 66.4389 63.5501 69.4824 65.9323 62.2154 65.5509 64.7567 67.1947 67.3393 66.7225 64.5869 64.2492 66.582 66.9525 65.0169 65.4855 64.7394 65.0668 60.8838 67.6011 64.185 64.1984 66.2156 71.0619 67.1676 65.4212 66.9358 66.8651 70.9776 70.3433 66.8515 63.6369 68.0553 60.789 69.7175 63.2419 67.3366 61.3701 62.2386 62.0138 63.4675 62.2095 67.6519 64.0886 67.5817 66.5985 67.0868 63.7773 67.1666 67.4782 65.616 71.4227 64.6498 68.6579 65.3434 62.1691 66.432 66.627 65.9328 62.3312 64.2857 64.1689 65.3082 65.818 67.2543 64.2179 61.595 65.3647 63.3846 64.7413 73.994 63.8016 67.1787 65.5207 62.9024 68.7302 69.1168 67.6547 68.1152 60.5981 65.7905 68.7681 66.9441 65.7825 66.6382 66.7816 63.3392 63.9556 63.1366 68.1532 65.946 67.4754 66.5244 65.1989 64.6298 63.2876 66.2294 69.1494 64.6185 65.7785 61.7498 67.4449 61.5228 66.4115 69.3397 66.4563 64.3404 65.4374 66.1476 64.7754 68.1945 63.8029 67.9014 63.9601 64.4901 62.5461 61.5122 66.0175 62.0438 64.0824 65.2603 66.119 65.6966 66.2152 65.554 66.9157 64.6924 64.3826 61.2567 64.4027 67.9975 65.286 67.1205 68.9612 64.1691 63.4291 70.7554 64.922 69.948 63.4238 68.4319 61.0003 68.6703 65.3256 65.7239 65.2828 66.2951 63.5893 64.3202 64.8024 63.875 62.4213 65.9337 
61.1909 60.5197 57.8244 57.9454 55.0801 63.2919 56.39 59.5275 54.9565 59.5649 55.4945 59.5462 56.3883 60.3663 60.8984 57.7292 58.2846 52.9559 61.7333 62.8556 60.1743 58.5546 54.299 54.5443 62.3414 64.6153 60.2607 58.8733 61.6499 58.1109 57.2751 62.9227 57.1998 60.2487 57.5027 62.5183 58.882 58.835 58.254 58.6431 59.4705 61.7261 59.8071 59.7066 53.8971 62.1817 63.0584 63.5657 59.2257 58.7934 59.751 58.639 58.8792 57.9966 61.4948 66.5907 63.2979 62.3024 58.2868 58.4161 58.5091 62.4855 56.2455 58.4169 60.1071 58.4428 57.0564 58.7194 64.1513 57.3828 56.8514 59.6562 59.5546 61.7973 60.1179 61.0388 55.6543 57.2715 64.365 64.2841 57.6108 58.6026 62.497 57.6178 61.303 58.766 61.5722 64.2852 58.7856 54.9998 60.6948 60.3774 56.6519 63.6134 58.1584 61.48 58.453 61.884 55.6625 62.3692 58.6568 57.9531 59.6182 57.983 61.06 61.2404 58.7435 58.9546 58.4978 60.5321 60.7381 58.1487 58.8138 61.1822 61.4038 58.553 59.8745 58.5666 57.2774 60.2621 61.5405 60.9929 56.3631 61.3715 59.4969 66.5475 61.2903 61.0648 55.5818 61.0332 57.8743 60.4465 55.7982 61.5375 58.1 59.9173 58.4745 58.5359 54.6212 59.3757 60.091 58.5591 57.9987 57.9208 55.6878 56.0867 62.3727 62.0197 61.4903 58.1059 63.4788 57.9669 57.4116 57.9546 60.6423 61.0418 60.1394 56.8148 57.4538 58.1102 61.1425 59.5479 58.0725 54.3377 59.8731 55.2279 58.7479 65.7431 57.795 59.9929 62.3444 62.2537 62.1923 61.527 63.6904 63.3113 56.16 59.9722 61.2178 62.0095 60.2701 58.9545 61.1006 60.2655 53.7615 56.2649 63.6853 57.6926 59.9295 59.4072 59.8554 58.6271 59.6239 57.8309 63.4232 58.5772 58.8558 56.287 61.3774 54.4217 59.9276 60.9415 58.5672 59.9944 57.4241 58.9884 58.004 59.472 58.8006 60.8429 60.166 59.08 57.5652 58.2841 59.064 56.5373 59.197 60.9256 58.703 59.0116 57.6508 57.0449 61.1085 56.1564 60.307 53.7536 61.7409 60.48 60.5762 58.5704 62.9216 60.0064 56.4207 61.029 61.4234 63.2395 57.4019 62.3145 55.8535 59.3849 60.0274 58.8517 57.8291 62.3246 57.8189 53.5753 59.8933 62.2427 59.2745 60.5847 
66.5366 66.1626 65.2967 63.4797 60.5114 70.7941 62.6569 66.6498 66.4602 65.6899 61.2594 63.6871 62.2489 65.5513 64.8603 61.8749 61.8715 59.3568 65.7289 70.4709 67.5672 62.5027 61.9934 63.0637 66.4925 70.6034 67.5095 65.1761 65.8311 62.5548 63.4339 67.6454 64.0361 66.3913 60.5365 64.9313 65.7028 63.3455 63.2987 67.5916 64.8578 70.4572 65.7874 61.9013 60.5534 64.264 70.2964 67.0347 68.4086 65.573 67.038 61.1689 66.4803 61.6132 65.6477 73.1533 68.6636 67.6236 62.6416 64.1492 63.8187 66.3545 65.4824 66.1788 66.6507 62.4793 68.0419 63.052 69.8543 62.0742 59.4174 62.3467 64.0661 65.6616 67.9411 65.6104 58.2581 62.4753 70.1067 73.7613 62.5117 64.9024 65.976 64.2494 65.4719 66.4311 68.3122 72.0809 65.7385 63.7004 68.2541 67.8936 64.7881 67.2622 62.2156 68.1454 64.243 65.2441 63.4625 67.2973 65.5158 62.1862 63.9342 63.3158 65.7356 65.7038 63.0771 64.9665 64.0841 63.9756 67.0129 62.9539 65.3864 65.4816 69.5733 61.0121 67.0362 63.8792 63.7843 66.9746 67.1422 65.9118 65.7048 65.2196 66.3575 70.2792 69.3197 67.0481 63.7129 68.0981 60.8099 64.7876 63.9298 65.859 62.1894 62.8825 65.1161 61.1757 60.905 66.7893 65.5179 65.2562 63.9152 66.1163 65.9934 64.4091 64.8324 66.0355 70.9357 63.1048 70.2032 65.7338 63.0458 63.2511 64.8929 67.6593 62.8424 61.0574 63.2767 63.8078 65.855 66.86 65.8007 62.9969 65.3668 61.4457 64.5714 72.7731 67.34 65.7961 68.2397 65.3812 69.3817 70.2506 66.6672 67.2152 59.0249 64.8299 67.1604 65.3349 65.6616 66.8 67.5202 62.4507 63.7262 60.959 68.4242 63.5533 66.8064 64.122 64.508 63.7381 66.4385 64.4783 69.7806 62.4928 62.8314 62.8537 69.0407 61.2719 64.9704 64.9673 66.0225 67.1318 67.3073 66.2121 63.173 64.9014 63.9335 69.1856 65.6962 64.7369 66.0791 61.3548 67.5383 63.6436 63.8119 64.9581 63.8905 68.1285 65.0317 63.1023 66.201 62.5458 66.5257 59.9778 65.1835 66.4833 64.3739 64.309 69.3326 66.4438 61.1314 71.6375 64.8399 68.921 62.2815 68.5001 62.8136 66.2511 65.7277 67.0896 64.2801 63.219 60.101 64.7582 62.9061 66.9088 64.3702 62.2253 
63.7985 61.1472 60.5369 61.1989 59.5609 67.7319 63.3216 65.6848 61.0829 62.2774 58.1131 64.3679 59.6919 62.1036 65.7671 60.5693 60.1034 57.5543 62.2062 67.0307 63.5353 61.1141 58.58 59.2823 64.9694 66.8376 65.1768 64.615 64.0801 61.7617 61.0667 66.5319 61.9668 65.5693 59.9846 64.4164 61.1539 62.7977 62.6285 65.1516 62.6399 67.82 64.0132 64.3595 57.9685 66.0424 66.7653 66.2893 65.8463 61.5899 62.8326 61.264 62.805 59.8373 64.0589 69.5379 66.6424 63.9677 64.3499 60.6589 60.871 67.8152 63.7256 63.0991 62.6957 64.3438 61.8361 62.2532 65.8526 61.4995 59.7475 63.7217 60.7589 65.4888 64.2411 64.4726 58.2016 60.8022 70.6293 67.7331 60.8909 59.7075 64.3605 62.1305 65.1156 66.7727 65.0221 64.0978 63.04 59.6561 64.6262 62.6554 60.4839 65.5029 63.88 66.5433 63.6629 64.382 61.595 63.8244 63.6734 61.4929 61.1812 61.8228 63.7905 63.1273 63.3354 63.3618 62.1021 62.9015 64.7462 62.9035 64.3315 61.2245 64.5556 63.4671 66.6188 61.1172 63.6222 64.5583 67.5726 64.1916 61.4407 66.8181 63.8372 70.2843 67.1939 63.1472 60.6853 62.5439 60.0256 66.6122 59.7696 64.8467 61.0022 59.956 62.3805 60.9153 58.4311 63.879 64.9173 62.8665 63.8218 64.1187 60.7923 61.3073 62.3269 65.0919 64.192 62.6281 66.958 61.7452 59.8361 62.1448 63.6548 66.0246 60.0478 60.3549 59.4286 64.0672 64.2925 63.3113 63.2986 61.059 59.6736 60.6588 65.9303 71.8962 64.7834 65.4948 66.1701 62.9964 67.2852 68.3072 65.4894 66.176 57.0557 63.0775 66.5842 65.732 64.2973 62.6817 61.1327 61.4105 60.135 61.1389 64.7857 62.441 65.2192 63.061 63.2018 62.0266 64.9471 62.1572 67.4836 59.7679 60.6689 59.1316 64.7758 59.4142 65.348 64.2695 65.0858 64.0893 62.6377 62.0869 62.0632 65.0145 64.2812 65.8155 61.1126 63.5226 62.5613 61.8904 66.0979 61.5518 62.9364 63.2352 62.7485 61.0932 61.0641 62.2493 65.0194 62.8626 64.2409 59.9611 62.145 63.4037 62.1102 62.2584 66.8349 64.0528 60.7528 66.0194 61.6381 67.7986 59.8386 64.5846 57.7873 65.2963 64.0247 63.154 64.1409 62.7305 61.1056 60.9416 61.0913 62.2278 64.0704 62.5889 
64.9375 64.5948 64.9155 61.2012 60.8739 67.0463 64.845 65.8136 60.8413 62.46 59.4158 64.0696 59.731 63.2255 63.099 61.209 62.1457 60.1002 64.1002 66.9622 66.3919 62.2494 57.6461 59.7895 65.6702 66.2888 62.4479 63.8974 63.9794 64.2223 63.0668 65.3578 62.1485 66.9576 61.0452 65.0175 64.702 61.2193 64.0328 65.0995 61.1916 65.8065 62.4641 63.9554 60.6618 65.6579 68.9962 65.5581 66.7103 64.7493 64.1611 60.8094 64.1441 60.3288 64.8379 71.832 67.3038 64.0558 65.7203 62.2277 64.6329 66.3776 63.2894 63.703 66.0943 64.7877 62.7499 62.4653 69.7642 63.5715 60.2121 64.5185 61.1672 63.1117 63.1122 66.5874 60.8951 62.9293 68.1021 69.0691 60.0723 62.2216 63.7594 63.0117 64.8144 67.3854 63.9373 66.4329 65.6907 63.6006 61.6314 63.2165 60.607 65.5427 62.1447 66.7428 63.3466 64.2988 63.8246 65.4234 64.0671 65.6159 64.4597 62.5362 61.143 65.3029 62.814 64.0953 63.4546 63.4999 66.3898 63.3533 64.7014 63.8166 65.9705 63.7444 64.5947 64.3069 62.6263 63.4391 64.5069 65.1415 62.592 67.418 64.8303 70.1323 66.541 64.0885 62.3881 62.9937 60.7775 64.4535 61.1718 63.2963 63.0424 63.4941 64.9896 61.7539 61.0164 61.3483 61.2851 65.2999 64.0288 63.4953 61.0719 62.5232 65.3289 66.9104 65.9931 62.1455 67.9601 60.9074 62.4202 62.1125 66.2224 67.6142 62.3872 59.1771 61.1046 61.8262 61.3643 62.2031 62.8164 62.6026 61.7595 60.9907 62.6457 70.1002 62.9896 63.5176 66.0171 65.7613 68.3828 68.1731 68.1527 64.2093 58.7517 63.9867 67.9706 65.4071 66.2257 63.8502 65.649 61.4493 61.9599 59.828 63.5761 61.5564 66.1358 65.6517 63.6032 64.3872 63.8877 62.9535 67.8312 59.9241 64.0973 58.2516 64.9751 59.784 64.551 64.9373 67.9303 66.7102 63.8668 64.7321 63.3808 66.8719 64.7424 67.0627 62.8781 62.8961 62.4626 62.0951 65.5848 58.1178 65.2113 62.0406 63.0084 63.7144 62.7103 61.716 65.8712 62.0875 67.9026 61.9285 64.1652 63.8331 62.5474 62.8328 67.6243 66.6422 59.5969 66.3082 63.9132 65.9103 59.9144 63.8889 61.8886 63.4884 65.7107 63.9228 63.8747 64.1886 62.0141 62.5569 63.9297 63.8658 62.937 62.9744 
70.9924 68.7727 69.5288 65.7795 64.6019 76.2457 67.9039 69.5017 68.4473 69.6519 65.7858 69.3169 68.8724 71.3826 69.0261 68.6109 70.1525 62.8078 71.0941 71.7936 73.0659 67.6227 64.8734 66.6811 72.6026 76.5367 69.936 70.6164 68.5041 70.4761 67.6967 72.4701 68.7326 70.8248 64.6407 70.9783 70.4849 70.263 67.0482 69.4349 69.8015 74.3218 71.7417 71.3631 67.3103 73.9309 74.2064 71.1446 70.5957 69.1055 71.1977 67.6393 73.5987 67.0469 68.8556 77.966 70.5122 70.3476 69.8779 69.0746 68.7976 72.3216 71.025 69.0932 71.4716 67.8497 69.7083 66.9515 75.6359 67.2354 65.84 69.8048 68.4123 70.7886 73.17 69.6369 65.9762 67.9742 78.7117 77.958 68.844 70.3034 68.423 67.2971 72.0612 68.0755 72.1943 74.0805 72.7545 67.8016 70.3415 70.5924 67.5925 73.1335 70.1999 72.974 70.4667 70.803 65.9194 72.4702 71.7667 70.1525 70.4346 70.3106 73.0445 72.7091 72.4314 67.9161 70.2467 70.0619 74.7177 67.6614 68.3391 68.8708 71.1723 67.8101 69.4572 72.4897 69.2049 73.0911 71.1317 73.4449 68.8604 72.1927 72.4407 77.4798 74.9511 72.4766 67.2755 72.25 65.0444 71.4486 65.6133 72.9563 68.0188 70.3521 68.7941 66.1019 67.9928 69.7086 68.8259 68.9016 69.2251 65.9768 66.9915 73.2951 69.9311 72.053 72.002 68.6601 77.3475 68.5552 69.4403 68.1875 72.0162 72.6133 69.1394 63.2296 66.5534 67.2328 68.7863 68.517 68.2673 67.8848 70.6567 65.722 70.2451 78.7521 66.9864 71.4779 73.769 70.9774 73.1111 74.307 72.5197 72.5535 63.6102 70.2985 74.5869 71.9875 66.7242 69.1509 70.4441 65.5751 67.9741 65.1433 74.9209 66.9875 72.5915 71.8556 68.6372 72.2414 68.6948 67.5014 72.8718 70.474 65.699 66.4261 74.8633 67.2793 71.1867 68.4702 71.5232 71.541 68.0218 68.4047 68.8711 71.0832 69.6126 69.8446 68.4493 69.9115 68.9383 67.034 69.3393 66.7545 69.1874 72.3461 68.6353 69.1021 69.0045 65.7092 73.8287 65.7998 71.5541 67.8674 70.5362 68.1925 66.485 70.6864 74.4317 69.7466 65.0501 73.5187 69.8919 74.9218 64.8984 73.1403 65.8813 68.2615 71.3627 70.6349 70.3624 69.9215 69.2745 68.6825 68.5553 69.5201 70.234 72.2713 
64.4559 66.8578 62.5789 61.9318 59.7353 69.7814 63.6896 65.0237 62.8148 64.4946 58.6853 65.8786 64.6637 65.5801 64.1892 64.4773 62.8864 57.5036 65.7743 67.8655 66.3394 60.1868 58.2782 59.1418 65.3841 67.0102 64.308 64.4001 65.06 63.1153 61.6901 69.8203 64.1931 65.681 58.4347 63.7938 63.3273 66.0718 65.2447 67.0482 64.5643 67.0852 67.4163 63.8253 61.3137 63.9831 68.8455 67.1408 67.3901 63.3691 67.2413 61.642 64.9625 62.3785 66.1679 71.0241 66.0785 65.0335 65.2481 63.5856 60.3102 63.2849 64.1043 64.214 67.4672 63.2098 66.1052 62.0317 69.7514 62.6235 60.9032 63.8684 63.1079 63.1025 64.5349 64.4137 59.2632 59.0979 70.2682 71.2284 63.6556 60.9342 63.276 63.1331 65.1793 64.3836 67.328 66.5951 64.1538 59.9305 67.24 66.3584 61.6236 67.77 62.6016 66.8044 65.5944 64.5508 60.478 64.7738 64.9386 63.0011 63.1161 63.4773 63.3516 64.9288 63.4343 64.6851 60.2033 64.7461 64.871 61.3756 65.4194 65.0763 65.9259 61.4688 64.8424 64.3157 62.926 66.0024 66.6172 66.6576 62.7486 65.3321 67.955 71.9036 65.4719 67.9104 65.4931 64.6896 59.9949 66.7831 60.3735 66.15 64.079 61.6522 63.4983 61.6696 58.1011 65.2963 63.8282 64.4251 62.1475 64.0413 62.4335 66.3251 66.3191 65.2488 68.6152 60.9069 67.0478 62.0536 61.5173 62.2291 64.1741 65.1054 60.8899 59.8221 60.6565 62.5815 63.1691 63.1687 65.7426 63.3453 61.1937 60.1761 63.5416 72.9624 63.9494 64.5997 68.363 63.4139 68.4916 67.7228 66.3576 66.4627 60.5319 64.9258 69.118 64.9127 63.5926 64.1654 64.5042 61.9682 61.6246 60.1379 67.553 61.6197 64.1528 65.6642 61.471 60.4137 64.8355 61.4577 68.4504 62.0648 60.9411 61.8567 66.7462 58.7623 65.6584 63.7453 65.6965 63.994 64.5895 61.74 60.8639 67.1235 64.5846 65.9285 62.4623 63.8343 63.8706 62.1623 65.3205 62.24 63.8219 65.397 63.9872 63.3266 65.5936 59.8703 65.8938 60.6819 63.1291 59.4154 64.2048 63.7791 64.3439 65.811 70.1548 66.38 62.9245 69.1716 64.0341 66.2968 62.481 65.8421 61.5255 63.9653 63.4635 65.2936 64.8195 63.2338 61.7282 63.9117 62.0624 64.0847 63.9745 61.3979 
62.264 62.5492 58.3977 57.4796 57.6972 65.8256 59.3715 63.1857 60.288 61.2147 59.3182 59.5765 58.5005 61.0332 61.4223 55.4091 60.6906 54.9869 61.6668 62.5112 63.1549 59.3022 57.1962 57.7579 62.7932 64.9702 58.0825 59.7002 60.6813 59.2537 57.3924 63.2604 58.5828 60.9599 57.8109 61.4223 58.2775 57.6979 59.4623 60.4972 59.4054 63.983 61.5347 60.4077 54.7619 59.5847 63.6906 62.0413 62.3984 59.7498 61.4664 55.9605 61.0311 56.6155 60.8748 66.773 62.437 61.4652 59.5907 61.7147 60.1012 61.4903 62.3302 58.5762 62.6799 60.4226 61.2655 57.4911 62.8397 58.7362 57.0806 56.3647 59.0881 58.9216 60.6258 60.3893 54.3589 56.9704 63.6155 66.4423 56.6906 59.768 60.1065 61.0658 63.3074 61.9171 61.1621 63.5751 57.9583 56.9522 58.4649 63.2086 57.8622 63.1092 56.8218 59.5966 61.6828 63.3807 56.3053 60.9191 61.5914 59.2556 57.1378 59.6044 58.8828 60.9461 58.2678 59.9619 58.2042 60.0267 62.6376 61.2607 61.6332 59.3321 62.9744 57.7696 63.7223 61.1654 57.5859 59.913 63.71 60.5519 57.2546 61.0287 63.7344 66.6193 59.4053 60.1082 59.882 61.552 56.3463 62.6443 59.1684 59.1784 59.1058 58.8546 60.675 57.1893 55.3227 59.5674 58.2088 61.7577 59.2949 63.8835 59.08 60.1785 63.9559 64.5145 64.3477 57.2029 65.1759 60.8284 59.4313 56.9553 63.0396 63.4252 59.9948 55.4072 58.1963 57.5067 57.4801 60.7759 57.7202 56.7149 60.8242 57.5099 59.9211 67.1083 61.3895 60.3191 62.8537 60.9538 62.4186 63.7876 62.9598 62.0035 54.4177 58.3432 64.3035 60.1654 59.5217 59.1017 62.7259 60.5973 60.8374 55.0972 62.5773 58.5293 61.2036 59.9872 55.9602 61.4318 61.1207 60.3446 62.2645 58.4854 57.9121 59.5163 63.3364 54.7543 58.5256 57.5874 63.6711 61.3792 60.6614 61.868 58.3627 59.9861 59.5747 61.2584 59.4663 59.2942 59.0534 57.6439 58.6582 58.5858 61.9893 58.6495 62.8766 59.5365 60.1331 57.4527 60.1508 55.8994 63.4784 55.4548 57.5731 60.2503 59.504 59.3845 63.4112 59.842 55.359 64.8181 60.7802 62.7485 58.0402 61.6278 57.3602 60.2951 62.325 62.8839 60.0462 60.4608 57.2307 58.2527 60.4793 60.4612 61.7134 62.1844 
55.4647 54.6193 53.1511 53.1808 52.282 60.3542 55.6564 57.2207 55.1333 58.2404 54.5156 57.5095 54.8639 55.7486 57.5522 55.3452 57.2504 49.861 57.9466 57.9661 60.537 54.888 53.3878 54.0322 56.3651 61.6134 59.8909 55.7659 60.4845 54.864 54.8878 56.7227 54.0774 59.0336 56.1986 57.6682 55.6241 58.0844 55.003 55.8206 56.6019 61.3519 60.5446 55.9168 50.9258 58.5071 61.1719 60.5395 59.7577 56.916 56.883 54.158 55.9417 57.2308 57.3535 65.473 57.0477 56.6169 56.7889 57.7012 55.7457 56.2678 55.6621 55.5019 60.2895 56.1545 56.4908 55.8608 58.4523 55.267 55.3273 55.5116 55.9993 57.2807 56.6334 56.7479 53.2184 55.3858 62.0531 62.1769 53.6965 54.1844 58.1378 54.9802 58.6484 58.9802 55.7682 56.2808 57.6507 55.3937 57.9183 59.2137 53.8833 57.7049 57.9589 55.2204 58.4999 59.0183 54.5665 56.713 56.5506 55.2967 56.2146 57.0094 56.9217 57.2304 56.2017 56.7849 58.2969 56.7529 56.2683 54.8414 57.2348 56.8341 57.501 54.8739 58.7035 57.2986 54.5625 57.9018 60.0581 56.3443 55.7072 55.5274 61.1309 61.4527 57.8398 57.7836 55.3284 58.5998 52.4013 58.2513 54.5629 55.952 54.7576 55.4197 56.1793 51.3059 49.9041 55.5962 57.796 58.7848 53.8021 56.9304 54.7118 57.3518 59.3822 57.1022 59.9281 57.0311 58.5344 57.9106 55.567 55.9567 58.123 58.2681 55.2756 53.7027 55.1667 56.514 57.2186 56.0208 57.7722 52.7395 57.3972 53.9957 55.5598 64.1576 57.6312 58.6178 59.0064 59.4448 58.9506 61.1121 58.0804 58.3574 52.2103 54.0339 58.7921 57.9195 59.0974 54.6283 58.9107 56.5393 57.2402 53.4823 58.5628 54.4568 58.5662 57.1867 55.5845 54.6906 57.4366 54.4674 58.7581 56.2811 53.6797 54.3473 57.9554 51.8442 56.6441 56.4595 61.6922 58.9288 59.2941 56.649 55.2051 59.1689 57.5538 57.4444 53.263 56.6922 55.8443 54.1868 58.6187 52.4043 56.4093 55.5065 55.9723 56.2459 56.658 56.0036 56.9677 55.4714 56.7012 51.7244 54.8445 56.4968 55.6165 56.6119 58.5084 54.4624 54.0642 60.252 56.439 56.9643 53.3139 58.7427 54.3097 55.0544 56.6748 56.2472 54.9718 57.4697 56.8618 53.345 58.4962 58.7885 57.6246 55.5696 
63.3009 63.9313 61.6971 61.0328 58.5261 68.232 60.8762 63.8464 61.5765 63.9954 61.0905 64.6423 60.8748 63.8268 64.0296 62.3768 60.7735 57.0495 63.9158 66.9499 65.9033 63.4225 61.9655 58.6452 65.0742 69.4768 64.6119 62.9038 62.2257 66.1517 62.0162 65.4302 61.7518 62.8281 59.0842 61.9719 63.8537 62.6102 61.9154 64.0238 63.4414 65.227 64.4906 64.4804 59.8632 65.8851 65.417 65.6031 63.6466 63.5624 63.6172 61.6653 63.9108 61.4391 62.993 67.9758 66.6127 66.2314 62.4078 63.5646 61.7896 64.8279 61.9823 62.65 64.8295 61.8674 63.6407 61.4223 66.5998 60.2311 59.5361 62.1983 62.9842 62.3345 64.232 63.5799 57.386 59.7377 69.1885 70.2411 60.5347 62.1669 63.136 60.9439 64.1583 64.5105 67.5986 67.3633 64.9959 60.3985 63.9577 63.401 62.4695 63.5505 62.1117 65.1939 62.3569 64.542 59.7798 64.7451 63.3535 62.0867 63.2425 60.7956 63.8173 62.6485 61.8705 62.7669 62.4497 64.5552 66.2512 61.9747 61.7344 62.9613 65.9141 62.586 64.8768 61.3382 61.5131 65.5812 66.3496 64.1425 60.4168 63.1038 63.116 67.5806 68.9674 65.5064 62.9107 62.7752 58.3199 64.5757 61.5995 63.8994 60.0403 62.3055 63.3414 60.263 60.3283 62.696 61.7065 62.3854 64.7668 62.395 63.9427 60.8358 63.5043 66.8834 64.844 61.6835 67.476 62.0819 62.104 61.1275 63.9659 65.6344 61.8252 60.3594 61.7247 61.7513 63.9294 61.1944 61.3917 59.8544 62.0937 61.3345 63.287 69.0146 63.856 63.709 64.5884 64.145 64.2621 66.858 65.6018 64.6103 59.2439 62.8846 68.6998 63.2168 62.8032 59.6872 62.9189 63.2553 62.2549 58.8914 68.142 59.7274 63.987 63.9433 64.2431 60.7605 65.2867 60.5512 65.2284 61.5773 59.3685 60.3402 67.0981 58.0231 64.6591 63.6026 61.9522 65.126 62.3 61.2533 62.029 62.6741 62.0193 65.0514 60.6056 59.4641 61.0822 61.1277 61.7066 61.8134 62.9312 63.4407 65.8639 62.6601 60.0696 61.6743 64.668 59.2445 64.9379 60.0658 61.9409 62.8671 61.5167 64.1357 68.9766 64.8413 59.7162 68.5892 61.5693 67.842 59.6006 63.773 57.8127 62.0607 65.4561 63.5943 63.1138 63.6215 60.7723 60.5998 62.4528 62.3698 63.788 62.2145 
59.5557 59.8552 58.4361 56.4663 56.3101 62.6841 56.9908 58.8595 59.0513 59.8476 55.2763 59.4431 56.5565 59.49 62.7521 55.848 58.7768 57.0953 59.857 64.025 62.0363 57.8911 56.2919 54.8299 59.6305 65.1873 59.8432 59.6055 62.5525 60.6228 56.1724 61.6466 54.6216 60.4209 56.963 57.9797 58.823 58.1692 57.4198 60.2289 58.0223 62.5148 60.8045 57.3759 53.1316 59.6487 62.6214 62.1746 61.3939 60.4136 59.4111 56.052 60.3815 55.7988 59.1468 65.3914 63.9047 61.3015 58.852 59.2158 58.7905 63.3658 59.1019 60.4903 61.5314 58.8791 57.2937 57.9969 61.2833 59.877 56.676 59.9093 57.3237 59.764 60.5926 59.2713 56.0164 59.8926 66.3746 65.2567 55.5229 59.6118 61.3869 59.592 59.8625 58.2003 61.4458 61.7569 58.2757 56.6629 61.7266 60.5958 56.4829 59.7004 58.4322 58.2851 56.7099 63.1774 58.7231 60.9221 60.459 56.9022 57.9378 59.6636 60.0269 62.0597 59.6734 59.0631 57.8355 58.7403 62.189 56.3999 60.5605 59.0594 60.8276 58.6796 61.9973 56.5097 57.2331 59.1193 61.7181 59.2091 57.6066 59.0475 60.5742 64.5613 62.122 61.4925 56.7118 60.9902 57.6564 60.4215 54.1045 61.6901 58.4115 61.02 60.6839 54.5313 55.9847 59.3709 57.2317 58.8919 57.3981 57.607 59.773 61.113 60.5172 61.8675 63.0615 58.0975 62.7283 59.282 56.1621 56.9896 61.4338 57.9782 58.4674 53.8222 59.4915 56.699 58.4792 61.8378 61.3451 57.3961 58.4154 58.7022 60.9437 64.9235 59.3549 57.9045 62.7418 59.7534 61.4846 62.1872 61.5792 62.5833 57.0305 60.6488 60.6878 59.6861 60.8708 58.9582 61.4097 57.1636 58.6139 56.1639 62.7223 54.9646 62.2336 57.8743 56.3452 59.7049 59.6919 55.1561 62.3386 58.7193 57.8533 55.883 62.4393 53.7556 59.6466 60.2729 59.9476 57.4342 58.1652 58.8863 57.8239 60.08 58.2474 59.9393 57.8199 60.0133 57.2153 55.4625 60.0807 55.5679 60.7822 58.101 60.3701 59.2762 58.2697 58.8492 62.4443 57.3754 60.2468 53.7912 55.6268 59.559 57.8162 60.5007 62.1664 61.3862 54.9024 62.946 58.8649 62.2111 56.8172 60.4215 56.8503 58.0655 57.493 60.2948 59.7226 57.2169 56.8911 56.853 57.5238 59.9393 58.2073 60.7098 
64.3795 64.2642 61.2528 64.1286 60.4392 68.0367 61.993 65.1523 64.9047 62.7914 59.3626 64.222 62.9296 63.4651 63.4979 60.7441 61.7841 60.614 62.4223 67.1214 65.3855 63.0922 58.9415 60.0343 64.1012 68.6904 66.1389 63.8044 65.2315 64.8347 62.6057 66.7356 60.5664 64.3285 58.7852 62.5481 61.2896 62.5648 60.2674 66.0506 64.6871 66.9579 63.649 63.9856 59.24 62.4708 66.4689 64.782 65.7114 63.5854 63.1437 57.8438 63.3074 60.6798 63.7235 70.9476 64.7529 65.6746 64.4823 63.3936 60.5699 67.3328 63.9746 61.3096 66.6697 63.7896 62.4515 62.037 68.4758 60.65 57.9222 63.1461 61.6708 62.2773 67.1084 63.4173 58.7118 62.2615 70.2308 70.9384 60.8472 64.5085 64.3863 61.7163 65.6686 65.1333 65.5252 69.4162 62.4039 60.6253 65.7126 67.7396 62.0389 64.7793 61.8104 66.1975 63.0207 68.5909 60.5181 65.2076 64.0672 61.5297 64.6074 63.5241 63.6816 65.1068 63.2181 63.0408 61.5303 63.5178 65.51 60.8765 62.0111 62.81 64.4683 59.8914 66.2534 59.2747 60.7377 66.2018 66.9664 66.1763 63.6719 66.7772 64.997 69.2489 69.5714 64.3248 62.3279 65.0877 59.2427 65.3571 61.6848 65.2844 60.781 60.5245 63.208 61.4762 58.7698 63.1636 62.9783 64.3276 64.3218 62.1547 65.6839 63.6865 66.4108 64.0255 67.6708 62.2401 70.5572 64.3282 60.6799 61.0753 65.9612 66.114 61.8642 61.8394 63.3353 61.8087 60.4492 62.0504 63.1183 61.0963 63.3341 61.5703 64.6258 72.1289 63.8172 63.0691 64.363 63.9291 67.3042 66.6858 64.523 65.346 57.9282 62.5868 67.6719 66.2143 65.3802 62.5801 66.4997 62.4081 63.8444 61.5577 65.9006 60.111 63.4781 61.3068 61.4046 63.1242 64.9514 62.4972 66.8002 62.4906 61.7981 61.5135 66.6259 59.627 63.7142 62.4151 64.7369 66.3428 63.574 63.8923 62.372 66.159 62.9279 65.5293 61.3946 64.6579 62.7733 60.6405 65.0002 62.6652 65.1105 65.3593 62.8683 63.3929 64.1175 63.0693 64.8071 61.769 65.2481 59.2585 64.7807 61.86 64.0709 66.0906 66.4086 63.3727 59.771 69.5265 63.7667 68.8758 60.2542 67.2174 60.4067 64.5758 63.8945 67.2372 65.4709 63.7937 61.0172 64.5572 60.8358 62.4611 62.422 62.3016 
60.2645 59.3735 60.4924 59.1364 55.8495 67.3276 60.0554 61.0945 60.5273 59.6723 57.7334 61.8083 57.5727 61.7201 61.3421 61.0133 59.1306 53.7541 64.069 63.5469 62.6637 58.5789 54.3963 56.3069 61.5869 65.4967 62.2367 60.9724 60.8971 61.7374 60.9166 63.5764 58.7959 60.8393 58.1696 59.2335 61.9676 58.0677 62.3336 58.7802 61.1726 64.3155 59.6962 62.1438 56.3943 64.2436 64.4655 65.0647 65.0546 59.7278 63.8794 57.8543 62.5118 56.9584 59.463 69.7151 63.5597 62.4111 60.2418 60.5671 59.6854 63.2828 59.1757 59.2319 63.6251 62.2238 61.0524 59.6423 64.1347 60.1793 54.8219 59.6172 58.5492 60.6047 63.2468 61.987 55.5542 58.5296 64.9319 66.6169 60.0712 61.5235 59.9325 59.8545 62.3894 61.8736 63.0487 63.7553 62.8026 59.2107 62.5499 62.7637 57.8371 64.2544 59.3724 62.0533 61.5554 62.3972 59.5701 60.3964 61.5266 61.4809 60.203 58.9802 60.0939 60.9939 64.3169 57.2137 58.1013 60.049 62.9872 60.319 58.8949 62.271 61.9632 61.3493 62.2089 62.6396 59.3087 61.4517 63.5197 62.5242 58.6657 61.6759 62.4416 67.1987 63.833 63.4804 58.8611 61.1068 56.9114 62.8929 56.1677 61.6231 58.9181 60.3313 60.1654 59.8657 53.8939 58.8326 60.1602 60.3479 62.5426 59.9003 57.6168 60.5187 62.1322 63.4182 63.0074 59.645 65.2717 60.3471 58.4104 58.6529 62.0155 59.1736 56.2084 57.9042 57.1367 59.861 58.4156 56.7752 60.7043 59.8789 59.2636 59.9874 61.6659 66.6015 60.5182 65.4722 66.2294 60.9646 64.0394 63.3284 59.126 62.2796 54.3224 61.3217 62.336 61.1177 63.6274 60.389 64.0289 57.6899 61.9806 59.3414 64.1139 58.8463 62.7078 61.906 60.968 60.069 61.8497 60.3462 64.5714 58.7126 59.901 57.5263 61.5624 55.0305 62.8963 61.3676 63.5372 62.9983 60.4597 59.993 61.734 62.6854 61.3182 63.9357 61.6425 62.7706 58.4604 59.0258 60.682 58.0571 62.2749 60.0997 58.9442 58.6344 61.4745 55.2822 64.4998 59.6464 61.7974 59.7695 60.6974 61.4304 58.9698 61.9871 63.3799 61.1977 56.9409 61.2884 60.9727 63.1896 57.2648 62.7593 57.4801 60.6145 61.2973 60.7868 58.9424 61.3078 56.768 58.4215 61.3067 63.2744 61.2358 61.6122 
62.8806 65.4885 64.7742 61.2431 60.8259 68.3227 62.7897 63.9767 63.2305 64.2707 62.1147 64.3877 61.2507 62.091 62.358 63.1527 63.6215 60.057 67.8429 69.1172 64.7639 64.5644 59.1139 57.3541 65.1506 65.2304 66.1797 64.4159 66.5477 64.4277 63.5603 66.0097 62.8519 66.316 60.5083 62.6318 63.6552 63.2599 61.5388 65.8129 64.7772 69.3538 67.0918 64.4166 60.5977 65.9309 68.9183 66.6587 65.8961 64.1843 64.9319 60.1406 65.4343 62.4713 65.9346 71.7955 65.8308 65.4301 63.4071 64.5405 60.884 66.1417 63.7601 62.3487 68.5063 62.8738 65.0745 64.1349 67.5653 62.4827 57.2114 59.6885 64.0672 62.8686 64.8233 65.3842 60.8108 61.355 70.4092 70.92 62.8053 62.1478 65.5297 61.8314 67.9558 66.2147 64.3337 67.5529 66.2072 63.0796 66.3805 66.6362 59.823 65.5711 61.5918 63.2459 61.1655 64.6529 61.7324 65.8171 64.8378 62.5616 61.9591 65.3185 62.0887 63.2877 63.6513 64.4034 63.2568 63.1389 63.8457 61.1989 62.6207 62.2516 68.183 59.8937 66.2346 64.5092 61.9198 65.1699 68.504 68.258 65.757 64.0867 68.4471 69.5397 69.1115 62.8146 63.1894 65.9456 62.2634 67.1501 61.2657 66.5737 62.514 63.803 64.7169 62.4082 57.9465 63.4709 62.6349 66.1286 64.8162 64.4498 61.3935 66.8859 65.4843 66.2137 67.8135 61.2882 67.649 62.7734 62.421 64.1002 66.2618 66.1702 63.909 60.5384 61.0733 60.7321 62.8283 65.1922 65.357 63.0836 66.785 59.1282 63.2213 74.5832 64.0392 63.4659 66.2565 66.9105 67.1936 69.9046 67.5084 65.773 59.2589 63.6862 67.5548 67.0942 65.0642 65.1635 63.7902 60.7788 65.8922 59.5113 64.5939 61.743 64.0428 64.8109 62.0859 65.078 64.1516 63.44 65.9929 63.5462 60.4555 58.736 65.5257 58.8497 63.1499 61.1352 67.7983 66.7615 66.9494 63.9983 62.5307 66.8544 66.3924 67.9977 64.2824 67.6995 63.165 61.7908 66.2635 63.4686 62.278 62.6202 62.9869 64.8471 65.679 62.0618 66.2436 60.5662 66.4225 60.0907 64.0132 64.5219 64.5556 61.7462 67.7431 63.9173 59.4894 68.3409 65.7752 67.8746 60.1735 68.1438 61.7615 64.5464 62.4752 65.3373 64.7623 64.7951 61.1099 63.1313 64.2756 64.3496 63.5382 62.4845 
63.3997 64.3365 63.0108 59.3221 58.7392 66.3242 61.0067 65.1744 63.2204 60.659 57.267 62.3564 61.3551 62.1588 64.0055 61.7714 63.8042 55.6521 64.7339 66.2339 63.516 61.7939 57.2932 60.6531 65.393 66.7811 64.9579 62.9054 64.2139 63.0494 60.3531 65.3242 62.4331 64.8789 59.9056 64.9944 65.7147 63.4142 63.5263 62.8031 60.7789 67.1013 65.1057 62.4189 60.428 66.3746 65.6395 66.9598 66.2618 62.1145 62.3514 61.0135 64.8288 60.6304 64.3434 71.6085 64.1017 64.1385 63.453 61.0884 62.7845 65.6211 63.5708 65.7687 65.3288 62.3738 65.4822 62.6931 66.3807 61.705 62.2475 63.4519 59.987 64.2897 67.3125 64.7276 56.3937 60.2981 69.4951 70.1953 61.3223 61.6962 63.5871 61.801 66.3884 63.5821 62.7518 66.9226 65.6091 60.3291 62.8186 64.4741 60.5199 65.3224 61.6833 62.5779 63.875 64.0154 60.2461 63.3521 63.8863 61.8824 63.1861 63.0756 64.3525 63.9801 62.4032 61.2483 62.3982 62.9995 65.3421 61.6088 62.0646 62.2707 65.1225 60.9215 66.5453 63.5321 63.4685 65.1223 65.5377 64.5051 62.6254 64.964 64.9267 70.2318 65.1518 63.7695 63.1684 64.5398 58.6281 63.8364 59.3368 64.6741 61.6675 63.3341 60.8323 59.5634 59.942 62.3404 62.8468 63.3323 64.8238 63.3772 62.2175 63.7975 63.8723 63.9105 67.156 60.9143 67.9747 61.5402 60.9406 61.9631 62.8032 66.6558 61.8703 57.9334 61.1624 64.0372 62.3698 61.0469 60.5264 61.048 60.7209 58.9545 62.0534 68.9597 61.0116 63.1065 64.8164 61.8036 64.2581 68.0297 64.4235 64.6368 57.5295 65.1561 64.4749 61.9048 64.0079 63.6219 64.2016 61.484 63.5587 58.8403 67.7111 61.7729 64.1118 63.9318 60.3504 63.1891 62.8514 62.0568 66.5304 61.624 59.4825 59.7948 66.8299 60.1173 63.6733 64.5133 63.2556 63.3666 62.5487 61.0645 61.9122 65.3699 61.9954 65.3231 61.5962 62.3625 59.5467 59.4294 62.1434 59.8931 60.3608 62.7456 63.3992 60.1375 62.0763 61.5285 67.6502 58.192 64.171 57.9031 62.3734 61.8061 61.6288 65.239 69.1141 64.9662 59.3781 65.3546 63.6575 66.0778 60.7043 63.7266 58.4639 61.6387 65.0093 64.2313 61.4286 64.5223 62.6366 60.9635 62.3389 61.8385 63.575 62.8074 
64.5477 62.4918 61.0887 60.0281 56.6621 68.915 61.7975 65.394 62.8475 61.818 58.8996 64.0664 58.8381 63.0793 61.8458 60.2693 62.1027 59.9554 62.1462 63.612 66.3275 60.6871 59.2381 59.1554 64.8425 65.9426 62.5702 62.6007 66.4951 63.6624 61.1469 65.0784 61.9729 63.2533 59.4279 63.9317 63.8266 62.6244 61.1598 61.7178 61.5108 66.5277 63.2678 59.4437 58.9857 65.6935 69.1069 66.3631 62.8548 62.2726 62.1305 62.6698 64.898 61.9918 64.4053 68.5475 65.8998 64.5954 61.8084 63.7267 62.9955 65.2277 64.8977 62.8872 65.8047 64.4901 61.7333 62.9834 66.047 60.3901 61.4976 63.8111 60.0664 67.168 63.4993 62.2942 58.6068 63.173 66.6967 69.7901 60.3591 63.1839 65.7093 63.4624 66.0435 64.3375 63.779 66.5455 62.1584 61.2986 63.0101 63.8326 60.6483 65.6688 61.4581 62.7968 61.3374 64.7749 59.0014 65.1046 65.1832 62.6137 62.0581 62.863 63.767 66.1706 65.6071 62.2871 64.3768 62.5656 64.5902 62.0693 63.8749 64.5448 61.2263 61.3784 65.6318 64.9662 60.7756 63.9086 66.0175 63.4165 63.7676 64.2641 65.935 68.6866 66.0521 63.7397 62.2185 64.7478 58.4301 63.9278 59.676 62.857 60.8294 61.5382 63.1812 57.906 56.4731 62.4985 61.0208 63.6804 63.2652 63.735 63.1573 64.919 65.53 63.2946 68.7113 61.8085 68.8611 60.9501 61.7315 63.3765 64.2789 65.7656 62.7159 60.8742 63.7421 61.313 62.4999 63.6059 62.6074 61.1907 62.6909 57.8622 63.3736 70.4069 61.4918 64.5851 67.9243 63.6586 65.3899 67.1552 68.1143 63.7775 58.2374 63.0097 66.2993 61.5591 63.5781 61.4603 64.6844 60.5466 62.0505 58.7859 65.7209 62.498 65.3336 62.8111 62.3955 64.8777 64.1628 62.9696 67.4333 63.1349 60.2261 59.4321 67.7472 58.1302 60.4709 63.8786 66.5078 65.1688 61.6207 62.897 61.5258 66.1373 62.1098 65.6869 62.0273 62.2073 61.9378 59.1662 64.9632 60.9536 63.3619 61.7624 64.0307 63.6691 60.5858 62.5526 62.1845 59.7066 64.1288 58.1494 62.8285 62.5284 60.9359 63.8926 66.4349 65.6167 57.5284 66.3243 62.7633 65.7646 62.0917 65.1758 61.0897 61.6359 65.4866 63.1353 63.0897 63.4797 60.5846 59.8051 62.6147 63.9003 64.2854 65.1717 
64.8075 66.2922 62.8104 63.3734 59.7812 72.1599 61.7453 66.7835 63.5151 63.0525 59.9304 65.7467 63.6047 64.6805 65.6407 64.3237 65.8609 61.3748 66.4795 68.0321 65.8976 61.9951 60.5663 59.7316 64.2029 67.538 66.4553 65.7853 68.1192 64.7543 62.4134 67.4551 62.0192 64.7942 61.9488 64.1109 64.1348 65.43 67.582 64.4598 63.8637 67.7068 61.2308 64.3885 60.0033 68.6264 69.6979 68.802 66.9929 62.1518 64.7454 63.2319 64.3624 62.6363 63.5841 73.3164 67.2537 65.1209 63.7476 64.0116 62.2156 69.3629 63.8754 65.5594 70.0525 65.3674 65.05 63.0209 69.2751 65.7374 62.7564 62.9123 63.414 64.4632 66.8161 65.6784 59.2684 62.3813 68.1657 71.3918 63.571 65.8512 66.7071 63.0882 66.887 66.243 64.5635 67.3056 61.9845 63.055 68.7527 67.7148 62.1562 68.36 64.0797 64.0995 63.6814 67.5699 62.2624 67.5898 64.5595 64.6867 65.4935 63.6353 67.7706 64.2382 65.1518 59.8884 63.017 64.0475 67.491 61.7652 66.7629 64.6075 65.3456 62.6603 67.0565 65.3443 64.4393 65.7826 66.6717 64.2847 62.6879 67.5684 66.107 71.5271 68.7008 67.9959 63.3126 66.3985 60.4328 67.1642 60.8237 66.3287 60.5147 63.4162 63.8985 62.3466 61.9511 64.337 61.8821 64.0997 64.962 62.7499 61.7783 64.3311 68.0243 65.5756 68.9489 64.503 71.3307 62.2745 61.787 62.8176 67.0102 64.3687 61.941 61.2951 62.907 63.1886 63.5267 61.3882 62.0906 62.8886 63.9438 61.6141 63.0756 71.6403 62.8095 66.4499 68.0478 68.3907 67.5304 70.8191 65.7005 67.1227 61.3179 64.3868 66.4049 64.9703 65.738 63.1276 66.3853 64.189 64.4422 60.4871 69.6982 64.5643 66.0783 65.3212 62.7028 63.5906 67.8194 63.4798 69.7478 61.5472 63.7995 59.8694 66.2577 63.1197 65.6154 64.3075 67.1226 69.001 62.7363 66.8681 64.4216 68.1313 63.7327 64.6906 64.4543 64.0387 60.8684 61.7665 66.8325 63.9555 65.9184 65.9579 64.2547 63.2656 64.8284 63.1343 65.4784 62.8452 63.314 59.998 64.5393 63.9545 63.96 67.7181 68.1541 65.3282 62.1123 66.0723 65.1076 69.0035 63.0783 66.4929 61.8598 62.8406 66.9255 65.0513 65.915 66.7668 61.0921 62.002 63.792 63.9887 63.4796 64.7319 
61.4297 60.4655 60.9243 60.4908 56.3851 69.9817 60.5543 62.6718 60.2734 63.5619 60.9005 65.3937 61.1393 61.5299 63.3133 60.6741 60.9705 54.6018 62.671 65.7062 66.0579 58.3457 58.7965 57.7619 64.4226 68.9344 63.8107 63.715 63.8234 62.9422 61.4316 64.1802 60.6473 64.0554 61.5885 62.4209 61.8062 62.8104 59.1428 62.2801 62.031 66.5952 64.2468 63.1078 55.9024 63.3617 66.2942 65.8263 65.0971 61.1757 64.9319 60.7942 61.4128 60.9605 64.2396 70.7868 64.9053 63.1662 63.208 62.6346 61.6798 65.0837 62.5928 59.1194 65.5958 62.4977 61.5846 61.7216 65.0042 57.9998 60.3585 61.6423 58.8382 63.2647 63.5118 61.9067 58.035 60.7877 67.1819 68.6431 57.5062 62.6826 64.2988 61.6696 64.5411 65.6153 64.3832 65.0997 62.5774 59.0385 63.9928 62.6137 60.3274 65.7992 62.0382 66.3618 63.582 66.1998 60.4647 63.3655 63.0231 62.5623 63.9441 61.3451 61.2616 62.2355 65.3945 63.1455 60.6613 63.5789 65.3165 63.8316 64.2023 60.7888 61.1178 60.2987 67.878 60.4692 63.2405 63.9148 66.5274 63.0316 60.1637 64.4146 62.4793 68.7225 65.0856 63.1376 61.8172 63.7831 59.8531 65.2194 58.7864 63.4155 61.4584 60.5602 62.8814 59.2285 57.525 59.8138 64.2722 61.9716 62.0358 62.7727 60.8553 62.2964 66.4359 66.5477 65.6451 60.5455 64.687 62.6363 58.8191 63.3404 64.1056 62.9526 62.246 59.5015 58.409 64.8026 62.4539 61.5748 63.4081 60.186 59.8648 62.7607 62.3866 69.6064 61.4538 64.3754 65.9701 63.9328 65.9591 65.3209 65.9871 62.488 58.7173 63.2034 65.8934 63.9787 64.3589 58.41 64.5537 61.1349 61.6532 63.4227 66.8162 63.5389 62.4213 62.3689 60.2385 61.8225 62.3359 60.3073 64.918 60.435 59.6318 58.2919 64.2196 57.7792 62.2227 65.3009 67.0498 63.7052 63.6109 61.9938 61.8253 63.3861 59.611 63.5267 61.3902 64.4627 60.9082 60.5299 63.3059 59.5161 63.328 62.4014 62.4684 62.6067 64.2423 59.4583 63.4717 61.3069 62.1861 56.9661 60.5476 63.3372 63.0445 62.0276 64.2396 62.3264 57.9486 66.1511 60.8331 66.6089 59.5915 67.7025 59.2241 63.1485 64.1802 64.6543 60.5468 65.2981 61.4685 61.3304 60.043 64.4509 62.9644 62.7907 
57.8814 59.7335 58.1994 58.8698 50.3855 63.6366 59.0518 58.5858 57.0951 57.4725 54.3426 61.2908 56.4645 60.1595 57.9917 58.8723 55.8707 53.4877 58.7949 60.1488 61.4916 59.2632 54.0547 55.1959 60.1608 61.3404 60.4534 58.8204 59.1248 58.9987 55.8753 60.9857 55.8595 59.2829 56.0573 61.1614 58.2752 57.8129 56.7042 58.405 58.472 63.1343 58.197 57.6385 53.5066 58.9154 61.2829 60.6961 56.5497 58.175 59.2494 58.4158 59.3066 57.9081 60.0133 66.0469 60.1736 63.0688 58.3329 56.0356 55.6029 59.3917 58.8758 59.1442 61.7214 57.2324 58.347 55.6294 62.3477 57.6727 56.7649 54.4811 55.4444 62.5678 58.8304 60.3412 53.3723 57.8771 62.6875 63.1358 56.9549 56.0011 59.9541 58.0347 58.7473 60.3654 59.4369 61.5734 59.8623 56.2901 59.3895 57.396 55.7536 61.8788 56.3298 62.3131 57.3958 60.2774 57.5343 60.0756 57.4257 58.5006 55.4585 59.5214 60.1369 60.8663 57.4104 56.283 57.8223 58.4975 59.945 55.8837 57.9317 58.8574 61.9 56.3428 60.2437 56.8527 60.0766 61.4418 60.6417 59.3711 56.5215 60.2015 58.6709 63.009 59.6775 58.052 57.8752 58.7989 54.7282 59.2201 55.6476 60.4696 54.1038 58.7429 56.2063 55.4168 54.5577 58.2751 56.6131 57.0259 60.1898 56.7407 57.6163 58.7933 63.4562 61.132 60.8631 59.4651 63.2107 54.752 56.3694 56.8725 57.879 61.041 55.6132 55.8581 55.3171 58.776 59.5066 59.75 58.0716 55.2229 54.9791 54.1831 57.9258 66.0865 55.5651 60.4006 61.0395 58.4377 60.4739 61.6928 61.1265 61.8264 55.4665 59.1732 61.3531 60.4585 59.3055 60.8683 61.5661 57.4918 56.5584 56.3199 60.802 56.8828 58.2127 62.2309 57.9763 58.5483 58.4607 57.4469 63.6585 56.1579 56.6773 54.3496 60.6862 57.0598 57.1591 58.9164 60.3614 58.9868 57.6779 58.7313 56.8533 59.3284 59.031 58.539 61.1805 58.6795 57.7573 55.3113 61.6967 57.1894 57.4955 59.4834 59.452 58.0863 57.7581 55.5402 60.6971 54.8306 59.6107 54.1527 57.8866 60.0034 57.5492 58.6822 61.1995 57.1055 58.8319 62.0463 57.9921 60.3094 57.3371 59.0436 55.5883 60.1055 59.8022 58.8932 61.1841 56.912 58.1526 57.3483 58.8681 56.6305 58.6051 58.3523 
63.971 63.071 62.5287 59.6018 59.1192 67.3025 61.4046 65.2356 60.6961 63.4869 59.6169 63.5607 60.0885 62.876 62.7627 60.7419 59.3926 58.2502 62.7767 66.4771 65.5032 61.8412 58.5439 58.4797 63.8784 66.323 62.9094 63.6034 63.8143 62.0855 59.9043 64.5188 60.8311 63.0555 60.398 63.456 61.0131 63.1031 62.4631 60.471 64.2799 68.6361 64.1596 61.3699 57.0486 66.4806 68.1129 66.4449 67.222 62.1779 62.5333 59.1271 65.5984 61.7422 62.0974 70.3278 65.9016 65.2078 61.6512 61.7139 61.6506 64.74 64.7643 61.8267 63.2928 61.7214 62.8201 61.0378 67.5468 60.6208 57.9421 62.8905 62.7366 64.1305 65.9359 61.8919 58.6729 59.6109 69.4431 68.1566 59.5783 62.549 63.6588 60.23 64.0959 62.4661 65.3509 64.7525 64.0822 60.448 62.111 64.1429 59.8771 66.2844 62.1858 65.2319 61.507 64.2842 60.921 65.244 62.8328 62.7238 62.4322 57.0661 63.8958 61.7611 62.9308 63.5196 62.3406 60.3378 66.8493 58.7067 62.0075 59.9131 62.6879 61.1025 64.9485 65.612 61.2527 63.3376 65.9318 63.6961 63.7369 61.7799 64.9737 68.8895 68.5584 63.2111 61.8702 64.8927 58.6469 61.8514 61.4663 62.277 61.5136 59.9072 62.6834 60.5212 59.1096 60.9854 64.1204 62.952 61.2116 59.5692 61.4122 65.0597 64.2119 66.2722 64.5268 59.2853 66.8782 60.6705 62.7977 60.5281 64.7525 64.1369 61.6801 58.9574 61.7363 60.3951 61.2395 63.4692 62.6525 61.2298 61.2043 60.9209 64.8098 69.4197 63.0914 63.7971 65.3715 64.3787 66.2755 65.8058 66.0083 64.1226 56.5916 64.4763 65.1055 62.1385 62.3334 62.4879 65.3465 59.6492 61.1037 56.8471 64.4348 59.768 64.8635 59.5691 60.5112 61.468 64.6633 60.8914 65.5322 60.9139 63.8219 60.7963 65.7769 59.2051 61.808 61.4627 61.686 66.0318 61.9141 61.5582 61.6199 63.8427 62.135 65.7576 63.2515 60.6356 62.671 60.2991 64.9603 58.1787 64.0101 62.5963 61.3756 64.806 63.397 60.7001 64.0746 61.3222 65.8338 59.3042 60.5779 63.1261 62.5158 62.3945 64.863 65.6341 57.7488 66.9228 60.4303 66.4675 60.9815 66.2555 58.3615 62.537 63.2606 62.6143 64.2717 61.8123 58.6557 60.713 58.3895 65.3144 60.5122 62.2241 
67.1271 68.0373 63.7714 62.6306 60.5076 70.4755 66.4194 65.4209 62.5096 63.4088 59.946 66.5278 65.2444 66.325 67.2979 62.8428 64.656 60.6306 67.6009 68.9809 69.1332 64.1334 60.4848 60.6948 67.2429 69.3959 68.2644 66.2843 67.0566 64.4685 63.0233 67.4862 62.794 67.5193 62.1976 64.6139 66.0235 64.6856 64.625 65.7108 64.17 68.7128 64.8105 66.8105 59.5461 65.8927 68.8171 65.7162 67.6498 63.0363 66.5375 64.6721 64.5392 65.4844 64.203 74.9339 69.2255 67.2795 67.1381 66.6406 64.8355 69.76 66.9432 64.2992 69.2243 66.2914 64.4701 65.2066 68.9674 66.6163 62.6969 65.9359 64.5419 67.3076 66.6987 66.9158 62.7004 65.4587 68.0119 70.6967 62.8524 66.1661 68.8836 62.8935 68.1251 66.8532 65.5179 72.1379 65.8001 62.3934 66.2036 64.5604 61.7574 67.785 60.7838 66.2433 64.7501 66.2856 64.9581 65.6488 65.9635 64.9055 65.8106 65.2284 68.4164 66.6402 64.9488 66.3432 65.2246 65.3493 67.128 61.2025 63.849 66.218 66.0767 64.1819 66.5769 65.5864 64.3648 63.2099 66.7424 66.444 62.8947 68.6129 68.4026 71.6493 68.8426 67.9395 64.5465 64.1273 63.2613 66.0302 63.709 64.4576 63.7044 63.8842 64.9262 63.2249 61.1424 62.9508 63.1678 65.9637 64.8541 63.5537 61.6846 65.7852 68.4671 66.938 66.6751 63.6526 70.9096 64.5989 61.7545 61.6795 66.1827 67.0227 62.9004 60.7927 62.8554 62.6473 63.9289 65.6572 65.491 64.6571 67.2061 62.3163 64.7424 74.537 66.3976 63.9731 71.8186 65.8896 68.602 70.6824 68.0501 68.7294 61.8241 66.923 66.8756 65.8559 66.7465 64.7391 67.2291 65.9904 64.1148 61.8932 69.0039 62.8482 68.8864 66.5381 64.2401 65.057 67.0379 62.1072 68.7165 62.9744 64.2914 61.2957 65.3309 64.0365 66.1344 63.49 68.4239 67.993 66.396 65.81 65.3385 65.7889 64.2207 66.8037 65.2523 64.8859 61.0914 64.599 67.5239 61.6953 63.2095 66.2407 66.0687 65.5985 65.1522 65.6693 66.0113 63.465 65.6279 61.6476 66.6225 65.7429 65.8099 67.371 69.6655 64.8596 62.5381 68.9653 65.9095 70.4725 62.3995 67.5763 63.5743 62.7918 65.9615 66.4056 66.3473 67.363 65.8603 61.419 65.4397 64.445 65.3585 64.8518 
64.2629 66.5205 62.5109 62.9782 60.1127 73.055 62.0045 68.5496 64.8371 65.6857 61.8753 63.1117 66.6932 64.6983 64.5471 63.6438 63.6219 59.1311 68.2169 69.3218 68.2816 60.6128 60.4585 59.9642 66.187 69.6535 65.2772 64.3699 65.9117 64.2243 63.0312 68.635 64.2821 65.725 61.8089 66.9471 64.5097 63.8595 63.6042 65.5132 66.2056 70.6051 65.4239 63.5757 57.6076 67.9148 69.0892 67.3708 69.2467 65.0675 65.7005 60.821 65.3618 60.936 65.5039 72.6214 67.2684 66.9691 65.024 64.4699 66.0572 69.2466 65.1111 62.7826 68.2445 67.7231 64.1259 61.9678 69.2724 63.0898 58.0629 63.6469 65.785 65.1028 66.4223 64.168 61.8697 60.8863 67.0247 71.4523 60.9598 65.1089 65.1763 64.8424 67.7311 66.5055 66.3896 69.5716 66.783 62.9693 66.4951 68.519 63.0219 67.7683 63.4206 67.5315 66.1274 67.9354 62.3606 67.2936 65.971 64.5425 64.9107 65.9102 67.7513 64.9047 67.0028 63.9953 61.9792 62.7944 65.7647 65.9126 65.8091 64.9455 67.2189 60.7181 64.8949 65.3211 64.011 67.8131 65.7992 68.1182 63.0001 67.7516 66.8341 70.1057 68.2293 65.7034 63.1954 64.3791 60.2571 65.5863 62.3645 66.4716 60.7359 63.2595 62.7554 60.0285 59.8692 66.4971 61.3269 65.9524 64.4194 66.2002 64.4137 64.304 65.969 68.6799 68.8783 63.7612 70.5293 66.3857 63.8774 64.2441 67.7542 67.0825 62.8349 61.9611 63.2332 62.9054 62.6426 63.4299 65.7809 64.1786 61.5542 63.28 64.874 72.6073 64.1867 66.4505 67.4769 65.7525 68.3668 69.359 65.4375 66.8925 59.0854 65.2344 68.5049 65.6037 68.0942 64.9921 66.6229 61.3972 61.7422 60.8763 67.2076 63.3895 66.0649 66.7795 65.9131 66.6085 66.4539 61.9592 68.2132 63.392 64.9419 60.7305 69.0878 59.2428 66.5457 65.5548 66.2607 67.3422 63.7632 64.5253 60.2131 65.8775 65.2987 66.6557 63.1586 66.2192 64.2681 62.2357 67.6273 63.6647 65.5042 66.7836 69.8087 65.8507 64.9901 62.5119 65.5383 62.1956 65.6383 60.5405 65.6892 63.5707 64.7697 63.1947 67.2842 63.0146 61.703 70.3373 66.4288 68.3279 60.836 68.9971 63.8308 66.4436 67.2014 68.7611 64.936 65.2071 61.6246 63.0949 65.4478 64.5397 65.8516 63.9496 
61.475 62.0511 61.5634 64.7866 57.3727 69.5745 61.5809 66.3262 61.1319 64.1011 60.7228 63.4712 64.0316 65.2628 62.0356 61.4383 59.1043 55.4094 64.3881 67.1364 66.8926 60.631 59.6201 58.5759 66.6179 67.8989 65.6926 63.1432 67.3331 62.3092 59.3537 66.1634 65.6234 63.1696 61.9971 63.4774 64.128 64.4379 62.0727 62.3853 61.4063 67.9308 65.6467 62.4872 57.0598 64.0275 69.5683 65.1159 67.9769 61.9617 66.1412 59.5811 63.3477 61.833 65.5992 70.6229 67.6165 65.6744 63.6377 63.6225 61.3584 65.824 64.4469 64.7946 66.9384 63.7856 61.4725 63.0153 67.2093 61.7882 59.8672 63.7952 64.5325 62.1235 64.7734 62.3874 59.5607 61.7003 68.4967 69.0285 60.4666 60.4195 65.9262 63.3741 64.5871 63.1251 66.0806 68.7118 62.8282 61.3894 67.3931 65.2771 60.8976 64.774 62.6466 63.304 62.8641 66.0868 60.5072 64.9217 66.2213 61.2647 64.307 63.6817 68.6533 63.8946 62.8627 64.8455 62.4568 62.2 65.3397 60.886 63.3866 65.4524 63.6366 60.7551 64.5991 65.5992 61.1839 62.4114 64.6142 61.7824 62.1771 66.1714 63.1398 68.5622 66.744 67.2166 61.1493 65.8181 59.3367 65.352 60.3548 63.564 61.9996 62.9255 61.6282 60.843 57.984 62.497 60.7599 65.088 61.1595 63.3367 63.0647 63.5976 65.0928 63.5344 67.1697 62.9348 67.4783 64.974 62.0821 62.9109 63.1929 68.1428 61.9556 58.588 60.8678 62.5723 65.4201 65.1075 64.6312 60.3806 63.8044 59.6782 61.9455 72.7049 64.1381 62.7098 66.4691 66.321 66.4076 66.9992 66.5153 64.9364 60.046 64.7766 66.995 66.0236 66.2313 63.1885 66.4315 62.2506 60.5608 59.8674 64.3864 61.4182 62.9105 65.5284 62.4815 63.5185 64.3974 62.9645 65.7045 65.408 59.9875 60.7083 65.3518 59.5217 64.2655 63.5249 63.5374 65.3301 62.5468 62.9487 62.505 63.8804 59.9389 64.8717 63.5498 63.9608 62.6347 60.9517 66.9391 60.9233 60.8199 63.9522 63.925 64.5675 63.434 63.5491 67.1792 60.7638 62.8153 58.0909 65.3799 63.4832 63.2836 64.2889 65.6716 64.5047 59.3407 68.5172 63.5146 66.4319 61.0065 65.6231 59.7412 64.5511 65.2807 66.4883 62.3707 62.5766 60.2487 60.4383 62.6257 63.6177 64.3887 63.5626 
66.416 66.9328 65.9964 60.925 61.5761 69.2972 64.9215 66.5197 63.8082 66.5292 61.1576 65.9243 65.8462 65.7971 66.0985 65.8378 63.418 61.2755 69.1152 68.4215 68.7712 64.0076 63.3034 60.5589 65.1877 69.8978 65.2105 68.1535 66.6324 67.0214 63.1498 70.0913 62.8638 64.8378 63.8733 66.4783 65.6752 64.9283 64.8666 66.7769 64.7554 68.7108 65.7316 66.5564 60.5537 67.7081 70.0724 68.5836 66.8442 63.5587 66.7645 62.7842 65.7628 62.9752 66.5465 75.1458 67.6381 68.5682 66.4714 63.0819 64.7355 67.6092 62.9149 63.5378 68.636 66.9519 66.27 66.3223 69.8028 65.9474 60.8113 65.332 66.2036 67.3199 67.3608 68.8984 60.716 62.6388 72.3931 71.1756 61.8036 66.516 69.8114 66.8149 67.4519 69.2652 67.0938 70.7783 67.0452 63.8265 67.8066 67.2663 63.7646 70.1103 64.6697 65.9584 63.8066 69.7613 66.4706 66.9329 64.5717 63.1685 64.8257 63.9986 67.2836 64.3029 66.9731 64.2793 66.6401 64.6447 68.8938 64.393 64.2585 66.4269 67.4769 64.7983 68.3526 64.7007 65.0124 67.3941 67.3389 67.3315 64.2809 66.7116 68.1895 71.9904 67.8556 66.0542 65.3177 64.8664 60.9463 67.3631 60.4869 66.1011 62.8771 65.733 65.4175 62.686 62.2736 64.6955 64.074 66.0883 66.5565 66.1698 63.4414 66.8979 67.6255 67.8244 69.9439 62.947 69.6941 63.3523 64.6335 64.4115 67.7612 67.1835 64.3526 63.3231 64.7451 62.4676 64.7465 63.922 65.844 65.0629 66.6508 61.4664 65.8006 72.6824 66.4602 65.6937 70.4685 66.6566 68.3744 70.9771 67.778 67.3409 61.5034 65.4514 67.2285 66.7206 66.8334 65.5323 69.7597 64.4682 65.5561 61.8768 69.1938 66.0403 67.2995 65.5492 66.3835 67.7659 66.2872 64.0714 72.6208 62.9947 61.426 64.9028 68.0543 62.3043 65.2246 64.9723 69.1392 66.5112 66.2511 67.2836 66.0172 69.2619 64.5241 70.1219 69.603 64.1111 65.3437 62.0606 67.2495 60.664 67.0169 64.0849 65.6803 64.2588 66.2538 62.5884 66.6726 61.6007 68.0556 62.0449 63.9695 66.4969 66.864 65.3201 70.7742 67.3475 63.4709 69.6274 66.8038 71.5479 62.1028 68.8947 61.8207 68.2097 66.3143 65.8406 66.7966 66.516 60.321 63.1535 64.9947 67.026 65.9127 68.1837 
58.9503 59.7632 59.036 56.9001 53.4889 63.7653 58.1192 61.8555 59.739 58.6934 54.8281 56.6271 58.01 57.6975 58.1107 57.1574 59.2559 53.6388 60.0682 61.6088 60.0195 57.3045 52.0935 56.1888 60.4744 60.328 60.2188 59.2679 58.2499 57.7093 59.0661 61.9615 55.5668 62.1982 55.6347 58.9792 58.8188 59.0203 57.5094 61.9724 58.3391 62.3359 58.2973 57.3582 53.7525 60.9509 63.7586 62.2635 59.208 59.1495 61.5136 57.8491 58.9559 56.8011 57.9569 66.1922 60.642 62.8542 58.6741 59.7851 58.5632 62.3131 56.2782 60.6678 61.4357 58.1687 59.0844 58.7336 62.3245 57.2093 55.8868 55.5183 55.1161 60.849 58.6896 59.2677 54.0484 60.2744 63.5082 61.2573 57.6473 57.017 57.8252 57.6081 58.9206 60.7125 59.4318 61.4461 60.1485 56.2469 59.6066 60.1664 56.1003 59.3343 54.507 62.0936 57.7354 59.8937 56.7514 60.4235 56.1452 59.2555 57.9627 56.1546 58.9757 59.7216 58.5053 58.4323 57.4958 57.5225 60.1224 57.7765 61.4973 55.6346 61.6602 57.8501 61.7064 59.8122 59.5266 60.1965 60.1266 59.4488 59.6337 59.365 60.1461 61.9586 63.0796 61.3483 56.9408 61.719 54.9377 57.7932 56.3473 58.9602 56.5262 57.021 57.6228 56.5869 53.8876 55.3543 56.0873 57.6268 56.2867 57.5863 56.6977 58.1418 61.815 58.535 62.8259 58.214 62.6017 58.3101 57.8119 57.9969 59.3545 60.3159 56.3896 55.5011 55.2935 58.1914 55.4838 59.3866 56.0771 57.9024 58.0902 55.0998 58.2158 65.0635 55.5094 57.6785 61.1698 58.6664 62.6638 63.5684 61.6502 62.7146 53.0726 58.2915 61.0218 59.0712 56.9197 59.084 62.0709 55.7008 56.8177 55.1663 61.5737 57.9361 58.9848 58.3288 57.4204 58.9592 59.666 57.6651 61.7337 57.0188 56.7711 54.7251 62.2336 55.8598 57.211 56.9758 60.051 61.3771 59.696 56.6275 55.7886 59.0746 59.0838 60.1482 57.7077 58.1539 59.2339 56.4116 58.5021 56.3339 58.1908 60.2708 58.9525 57.7437 57.3331 56.3654 60.6263 54.9872 61.8704 54.165 60.2381 59.6961 57.4089 59.1841 62.0451 58.4093 56.8355 60.7527 57.9261 60.3811 57.1409 60.6894 54.9902 60.0108 58.5683 59.0703 58.5032 58.5165 55.624 58.9184 57.4163 58.3636 55.4842 58.3458 
65.8308 65.5 63.2844 61.3508 60.7828 69.3411 62.1534 63.7526 63.0275 65.5841 60.4727 65.2479 61.0299 64.811 63.6 64.3382 62.8057 61.3847 65.7086 66.6116 66.9437 61.7866 60.7629 57.4812 64.8057 67.8506 67.136 65.6646 65.3401 62.5062 62.2521 66.301 65.1251 66.6074 62.4259 64.2042 64.8678 66.0265 65.0287 64.3427 64.4315 68.756 67.0286 64.1234 59.1 67.3329 70.6211 67.8219 65.9993 64.4902 67.3621 61.1587 63.6176 62.378 65.3492 71.3833 68.9845 66.6091 63.1114 63.2373 64.5806 66.5805 64.0809 66.2317 66.5988 63.702 66.8068 65.9494 67.9908 64.8031 60.7353 63.4314 63.3695 67.447 64.7763 64.5387 61.4106 61.9987 71.4453 69.84 60.6536 63.8257 66.3458 64.3443 66.1702 64.3378 68.0481 68.5183 65.5788 63.6132 66.9783 67.9855 64.1549 68.9066 62.2252 66.2657 63.9608 66.006 61.6652 67.0849 65.6207 60.654 65.1134 65.3842 67.4709 65.8531 64.8681 64.8785 63.8932 65.6266 64.4566 62.6809 65.8823 67.284 69.0867 61.7215 66.9257 63.8855 62.7145 67.2208 68.5824 67.2984 63.8313 66.7865 66.0654 70.4901 67.2116 67.5575 63.1219 66.2087 62.7075 65.7326 63.0495 68.7289 62.5942 61.8802 64.5417 64.4623 59.2252 63.8056 61.5302 64.5597 63.357 64.1518 63.083 63.2117 65.2878 66.3363 68.3621 62.0218 67.9838 61.9285 62.684 60.2351 65.2581 65.7256 62.2628 59.7068 62.1233 60.1408 64.2222 64.0769 63.2757 61.8504 62.3761 61.8671 62.987 73.0179 63.789 64.5351 67.9378 67.5405 70.1046 68.9241 67.282 67.8171 58.803 65.0335 66.2725 64.5919 64.2066 65.1169 68.218 61.7985 63.6389 59.7915 66.3735 63.2879 64.8472 67.2954 61.2029 64.041 65.9019 64.1596 69.0442 61.942 62.0822 61.9956 67.3538 60.6 67.779 65.5526 65.619 67.2181 66.2289 65.0326 61.9253 65.4663 63.1111 67.2339 64.6215 63.0517 63.4087 62.0835 66.7916 62.198 63.7305 66.8535 64.9369 64.767 62.9092 60.9773 67.2854 63.2148 67.4284 62.9013 65.2817 64.35 65.601 64.9603 68.4252 66.9257 60.4868 67.938 65.2843 67.6975 60.5192 65.487 61.8623 62.2179 65.8719 64.6337 63.5878 63.5146 60.03 59.8218 64.3768 66.8428 64.2015 65.2209 
59.3361 59.3722 58.7663 58.7609 57.113 63.4934 57.5638 60.4894 59.8936 57.7853 57.648 59.7128 56.9666 59.0618 60.0611 58.9742 60.008 56.0823 60.3735 63.286 61.365 59.7001 55.6134 57.7414 60.403 64.3513 62.6703 61.6484 60.5142 61.4768 58.5611 61.1734 56.7665 58.2106 58.3348 62.2354 60.5358 58.8742 61.3272 61.1888 58.0799 62.4778 58.3149 60.7011 55.6026 59.9384 61.0172 63.4693 62.5328 58.6224 61.4154 57.5379 60.9568 57.2528 60.7906 69.4148 63.8752 63.3646 61.6158 59.9008 58.4709 65.2143 60.7814 61.4288 61.1064 58.8223 63.1592 58.5586 61.7007 58.7839 57.4395 58.4464 55.8579 60.015 60.8697 61.3255 55.2413 56.394 66.6892 64.6273 58.2174 59.7408 60.2501 60.7851 61.6515 61.8283 61.1906 65.4807 60.8864 57.3375 62.2378 62.8892 56.6972 64.87 58.3221 60.9557 59.2843 62.1776 58.1707 61.6216 57.5278 59.7818 59.3892 60.0612 60.3827 60.1731 58.8997 57.0394 57.5035 56.9866 63.4156 59.6259 61.9177 60.1424 62.0711 60.8318 62.0233 56.7945 58.9866 63.7802 63.9751 61.1793 57.7834 60.5284 60.7574 67.2639 62.8642 60.9243 58.3838 61.488 57.0923 61.2496 57.4466 59.8314 58.5009 61.0767 58.4297 57.816 54.0246 59.0232 60.7605 59.4823 60.5704 59.6255 57.2538 56.2325 63.7212 62.7723 62.2486 57.8852 62.5412 60.8398 57.568 57.0501 60.2674 62.5424 57.1674 57.9607 58.5486 60.2185 59.2089 57.0092 58.2675 58.0207 57.5111 58.7907 60.6628 66.6253 60.9101 60.8966 62.1274 58.1006 61.3613 63.4735 62.8915 62.9485 55.605 59.3938 62.7369 60.0584 60.3291 61.8479 61.7116 58.525 60.0194 55.7889 63.8211 56.9494 61.6318 62.0957 56.8456 58.2987 65.0467 59.3126 64.4898 57.4776 58.5715 59.0719 63.8563 57.7091 60.1528 62.5781 60.0204 62.4587 62.0039 59.3206 58.8572 62.998 60.157 62.9508 61.5044 59.888 59.1215 57.0022 63.2209 58.6483 61.4198 61.1214 62.1178 58.0307 58.7087 58.4581 61.3627 57.7102 61.711 57.6114 59.8839 60.846 58.7198 61.7671 63.3976 59.4647 57.4755 64.9757 60.5501 64.7827 58.7206 61.8385 53.7861 61.6737 61.0886 60.5827 60.95 60.995 57.0468 57.7326 61.4017 61.6408 58.7484 60.2051 
57.5992 59.0445 58.188 57.8981 54.618 62.7162 56.7151 61.8863 56.5389 57.0931 55.9326 58.9688 57.9712 60.4933 58.2487 57.6639 60.2149 57.5892 59.4621 63.0127 60.8869 58.2007 55.3638 53.6866 60.0587 58.5163 60.4856 60.5165 57.7865 58.5565 59.3308 63.2839 56.5315 58.8302 57.3852 60.3448 57.0843 59.6896 59.9176 60.6892 58.847 65.2882 59.5306 58.3271 54.4043 62.3045 62.497 61.3346 62.5793 58.7197 60.5728 56.8484 59.6604 56.0334 62.4772 65.8414 60.852 61.4883 59.7047 57.1907 56.9006 62.827 58.7867 56.2428 61.6809 58.0217 58.7723 57.7861 62.8428 56.3624 55.8256 57.1535 57.9006 60.182 59.0626 58.9623 55.355 58.1922 62.8384 63.8958 55.8289 57.9327 59.3844 58.4875 60.4219 61.2357 57.2175 60.8532 58.6725 55.9033 60.7987 61.904 58.3736 62.3439 59.3864 60.8006 60.5625 62.6586 56.0228 60.4005 56.7092 55.0524 58.6654 57.3667 59.8006 58.9609 60.5635 58.2714 60.6911 60.3993 61.8609 58.1038 58.9461 57.9554 61.3566 57.2638 62.7505 56.524 59.8051 59.7221 62.0323 58.8753 57.0271 61.4826 61.5681 64.508 61.5822 59.8925 56.8327 59.8133 55.7565 59.6577 59.6389 60.6062 54.8417 55.7871 58.4904 57.8013 55.841 58.9695 60.1079 59.1287 60.9202 61.3447 57.771 58.249 61.2987 61.5578 60.8453 60.1638 61.7528 59.317 56.9444 59.0824 60.1073 59.7904 56.5948 57.0109 58.7563 58.4459 60.4443 57.4761 59.6945 55.6293 57.7743 55.3568 57.5911 66.2175 60.056 58.1584 60.0504 59.1301 63.235 62.738 62.0444 61.6721 55.1699 58.7302 59.9834 58.1487 59.8425 58.2377 61.5622 55.0045 57.9968 56.8704 61.451 57.8569 60.1545 60.1678 58.6592 56.1622 59.2868 57.6113 60.8687 56.8007 58.7901 54.3173 61.2257 56.1162 59.7032 58.7409 61.6673 60.572 57.6343 59.4166 59.9282 62.1351 60.239 61.3594 59.1118 60.4699 57.248 55.6867 60.0721 60.4005 60.4403 60.937 59.6809 55.8944 60.9303 56.4851 58.7433 56.5256 60.5352 54.6974 59.6324 59.6502 58.7111 59.7292 63.2342 57.8564 56.1848 60.8914 57.7669 63.7146 57.4295 62.3896 55.5417 57.6148 60.3114 62.3078 60.631 58.8152 54.8043 58.1525 54.0806 61.036 55.5636 61.341 
59.2482 60.2378 56.6147 58.4856 56.5233 66.2158 58.4458 60.7251 60.0985 57.9928 56.9093 61.7917 60.302 59.2192 58.7969 58.6338 60.2645 56.6784 62.5617 64.4694 62.873 62.2136 54.6534 56.5426 62.5045 65.4985 64.8675 59.4788 61.5718 61.7376 58.2703 59.2757 57.614 63.5867 58.7017 63.9582 61.331 61.5354 61.7261 60.9744 58.8427 65.2085 63.6424 63.1275 55.0911 64.9466 63.1415 60.7058 61.6351 59.9946 61.9877 58.6537 60.8818 58.585 63.2683 68.8865 63.4174 62.7611 61.1405 59.8314 61.3616 63.8125 58.3215 62.0364 63.903 58.7219 58.5517 58.5134 64.7703 57.1958 58.5035 58.2086 57.3962 60.4423 61.769 60.1101 57.847 57.5617 64.4113 66.4522 57.9985 60.0582 61.6392 59.6152 62.2384 64.8565 62.5931 65.3822 62.3102 58.616 60.5685 61.3522 60.7721 64.3845 59.514 58.93 59.7892 61.0132 60.0311 62.0075 61.1501 60.3166 62.4935 59.835 62.3333 57.3713 62.2688 58.1349 60.1793 60.5297 61.1463 60.4867 62.0142 59.0213 62.6064 58.1078 62.0546 59.6527 61.6264 63.6832 65.5412 61.0217 56.426 62.2534 61.9033 65.9018 60.7957 63.0967 59.0979 60.257 57.1426 61.4958 58.9185 63.7637 57.2678 57.4251 58.1459 57.0243 55.7104 58.844 60.5198 61.618 59.6613 60.9481 58.8113 59.9542 64.5648 62.0675 65.2068 58.8631 66.3083 60.3015 56.3039 60.1662 61.7365 64.285 59.7731 57.7208 57.7431 60.6315 57.8743 58.2425 61.435 59.3748 59.313 58.8546 60.4071 68.3634 62.0386 59.2162 60.3556 61.0151 61.346 63.5299 63.1652 61.8366 57.0334 59.1514 65.249 63.3628 58.2695 60.3597 62.0086 58.5822 57.5866 57.075 63.7231 60.5538 61.2183 62.8231 60.6393 58.3532 63.4131 55.862 65.0984 57.7622 59.198 58.2413 60.9131 58.0587 62.5925 61.5519 62.6904 63.6831 58.8731 60.0301 60.8076 64.3051 58.0744 62.4626 58.7469 61.5419 57.6092 58.6266 61.821 58.8276 60.0625 59.0901 60.4555 60.3859 59.9994 57.6301 61.225 58.4784 60.966 55.4688 57.3356 59.8041 62.7081 60.172 62.1975 60.6571 58.2731 63.442 60.2567 62.9635 55.7047 65.7232 57.8029 59.7996 62.2175 62.1659 61.7023 60.1461 57.2185 56.5855 59.1758 61.3588 61.2228 59.0122 
60.005 63.5065 61.4041 60.5242 60.5829 65.4953 60.9174 64.0668 64.6384 62.5778 59.3564 62.25 61.3202 62.2247 61.9423 59.5971 60.9677 57.4825 62.7304 66.0146 63.5836 61.0064 58.9567 58.1317 62.8922 65.6882 62.5892 64.4879 61.2735 62.427 57.3169 66.3698 60.5077 63.6087 60.602 63.3725 64.4637 62.6579 62.9306 62.0905 60.3199 65.7752 64.9216 62.3246 56.4338 62.0227 65.9267 64.2348 65.9835 62.4744 63.553 57.7024 61.5109 60.014 63.586 71.4065 62.6357 64.0685 62.9273 61.6984 62.0189 65.8106 62.2652 61.1567 65.0459 62.4159 62.748 63.2007 65.9897 59.1587 60.0451 60.0876 61.2769 63.6962 63.7601 62.4194 58.493 60.1344 69.6603 71.7045 56.4873 61.5302 66.1242 63.3382 64.0413 63.7937 63.4746 64.7342 63.0479 58.6322 62.1815 65.9611 58.2142 66.323 63.1359 63.0399 61.6505 64.8588 59.3823 62.4944 60.4019 60.7221 63.116 62.9966 62.9891 62.7624 61.7704 61.3093 62.2943 61.2376 66.1872 61.0641 61.0506 62.5376 62.7424 60.4413 65.9868 62.7764 60.9014 64.5816 64.4992 62.1792 62.8737 64.405 64.0961 66.8962 65.6844 63.5434 61.1331 64.8382 58.6682 63.7468 60.7129 63.9706 59.5049 63.1692 60.9379 61.3113 59.254 60.0588 63.3552 62.2284 61.9708 62.6503 61.4421 63.5326 63.4984 61.8718 67.3179 58.9784 65.6675 61.9566 61.0541 62.3324 65.3059 64.9168 59.2939 58.8544 61.5372 61.1473 64.5307 62.8295 63.4267 59.5524 58.4708 60.577 61.6079 70.4993 61.7116 63.1295 64.1154 61.7011 63.268 65.4002 64.5767 61.3797 59.1639 64.8207 66.3775 65.0758 65.6379 61.2257 65.7091 58.652 61.5854 60.2713 63.296 60.0031 61.0919 63.732 61.2994 60.1402 63.569 61.1643 66.0622 61.6603 61.5974 56.6805 62.845 60.4372 62.0196 64.9295 64.6134 61.7466 64.843 62.1352 60.6043 65.6415 63.4551 63.7613 61.2706 62.7899 59.9678 58.7085 64.5852 60.1305 62.0536 64.4055 60.8184 59.9933 63.1502 60.7051 66.4879 60.3834 61.5707 58.6222 63.003 63.5359 62.7978 63.4537 65.1483 62.1299 59.3736 66.0928 61.8732 65.0317 59.8996 63.7098 59.7019 61.9433 63.6159 65.1994 63.0109 63.1305 58.9594 62.2792 61.6047 64.1616 61.1219 63.0035 
62.4042 63.0462 58.953 59.2328 58.0454 66.8034 59.7118 61.671 62.9675 61.8003 58.8438 62.3858 60.4747 61.1087 61.5943 60.8866 61.67 60.2734 62.9215 64.1183 64.1513 60.0578 58.1518 58.6359 63.0885 65.6012 62.9889 62.1053 60.1039 61.8894 59.5996 63.5127 59.5905 61.6356 56.6511 63.3671 62.1471 58.935 59.0699 62.2536 63.046 66.4769 63.2942 61.1695 59.548 64.2099 64.8736 64.61 62.0267 62.1251 62.5908 58.6345 63.5834 58.02 62.1366 69.7043 64.9769 62.4898 59.3128 62.6012 60.7021 62.6271 61.2373 59.4195 65.3292 62.0473 61.6781 60.9451 63.9215 57.7554 57.8665 57.8633 61.579 63.0795 63.701 60.2425 55.734 59.0744 67.2657 68.7179 58.5512 60.5225 63.0535 60.914 64.4979 62.1895 61.9014 66.4409 62.8236 61.0674 61.1033 63.6099 57.8728 63.3184 58.3164 63.0522 61.7197 63.382 58.9824 61.7365 61.8199 60.0771 59.6547 62.0119 63.3333 60.8377 61.4244 60.9177 61.9522 61.7722 63.1078 60.0728 61.6457 60.3612 62.73 60.7424 64.7197 60.3805 61.7785 64.9371 65.0016 63.5011 58.2586 61.2494 65.0889 67.0542 64.6288 62.6042 60.4063 63.3986 57.1846 63.1387 58.1691 62.8211 59.9825 60.6154 61.1413 59.2616 57.406 58.7054 59.4314 60.6963 63.6649 60.839 62.2312 62.102 62.9059 65.1827 62.7491 59.3751 68.0863 61.2632 62.8999 59.7507 64.9999 62.502 60.5924 60.0395 60.8129 59.8507 59.9787 60.0602 60.2966 59.3093 59.9358 57.5397 60.7569 69.5651 61.4309 63.1199 63.7488 61.9357 64.0813 65.7582 63.0537 65.3126 57.6909 62.3292 66.0664 64.3209 62.1143 62.8022 61.0828 59.423 60.788 57.9594 63.4064 58.4559 63.3727 63.5832 61.5796 61.3273 65.259 59.5544 65.038 59.7842 58.4343 57.7717 65.2759 56.521 61.7411 60.2186 63.959 63.4125 62.6257 60.1075 60.9767 63.3753 64.2784 64.3175 60.5434 60.2434 59.4653 59.0719 61.1788 60.0883 62.3081 59.8554 61.7783 60.3786 62.1658 60.5324 61.9656 58.9371 62.0607 55.8479 61.1345 62.7728 63.5119 63.0868 66.5037 62.6019 59.238 66.8524 62.3204 63.6531 59.4522 63.5711 59.6533 63.5654 62.441 60.731 61.3052 62.6356 60.008 60.1541 61.1179 62.8742 61.9817 62.0347 
65.2684 64.212 64.2842 61.7744 60.3778 69.8241 64.9115 66.1992 64.935 64.1652 60.3639 62.8883 66.9095 61.9367 63.3616 61.5968 61.2368 55.367 66.3703 69.2601 66.9225 64.9309 59.2012 61.2606 66.9069 67.8306 64.3666 66.2355 64.5911 62.45 61.8827 68.691 64.2564 66.4088 61.802 65.5616 63.3029 65.1124 62.2365 64.7877 65.4486 67.6256 67.5406 64.4215 59.9572 64.849 70.2416 67.4957 64.6418 62.758 66.8259 60.9636 64.7617 63.2976 66.1998 72.3879 65.7675 66.7256 64.817 64.6176 63.6576 65.9109 66.0592 65.3044 67.8291 66.4029 64.205 63.033 68.8954 62.0071 59.3474 64.1257 63.746 65.8952 63.8841 64.7507 58.5153 61.3616 69.3771 68.6292 62.4566 62.938 63.8203 66.3866 64.5695 66.0589 67.3169 69.2775 65.7735 62.9212 65.2487 64.81 62.0484 68.1099 61.2574 63.3282 65.0039 67.7947 61.4553 64.5004 65.7036 65.764 64.844 62.6237 63.7756 65.0675 64.0416 62.8537 64.3983 65.0775 65.7601 63.4457 63.6823 63.5045 64.2818 62.2554 65.0095 65.198 63.233 67.7899 66.5926 62.3055 63.1013 67.9258 66.4716 68.8495 66.251 68.1845 65.5564 67.7023 61.3426 64.6549 61.9994 64.641 62.6413 62.1031 63.4253 62.2188 59.1825 64.1914 62.5713 65.0814 64.7575 63.8333 63.2543 63.6584 67.2604 67.5048 67.5427 63.0057 67.4004 63.1353 62.705 62.6834 64.6669 65.1446 64.8165 63.4398 60.1872 62.7338 62.3605 63.5638 64.6561 64.1417 65.6892 58.9979 61.8492 71.9921 64.2197 62.9684 66.293 66.0405 67.805 67.1039 67.6268 65.9598 58.9146 65.9342 67.7395 64.2343 65.6372 64.3124 65.8377 65.0629 64.3633 62.1858 68.1448 62.7363 65.1861 64.9078 60.7635 65.0746 64.2338 65.6103 67.7872 62.0589 61.1977 62.6719 66.5382 63.9177 65.5486 63.6436 65.7232 67.4164 67.0704 66.1308 61.3576 65.345 62.8639 66.9112 64.9021 62.932 64.7163 62.007 63.9066 61.41 61.2267 65.0661 66.1437 63.9293 64.2183 63.1644 67.7402 61.5732 63.9347 61.4932 64.235 65.2648 63.2596 64.6621 68.5829 63.9534 61.5954 68.4605 63.7137 67.3462 61.7017 67.3991 63.5194 67.4733 66.2349 67.3168 64.7685 63.6374 62.1091 62.2398 64.1555 63.9587 64.9797 65.6546 
64.5733 63.2516 60.6411 60.2215 58.6694 66.9468 60.5366 62.8355 61.4939 62.4584 58.22 62.7965 60.9652 62.8991 64.2371 62.3329 62.0448 58.7792 64.5949 64.247 64.4571 59.1585 61.3097 60.4101 62.5793 66.9583 64.1492 64.6352 61.6917 62.5358 59.0586 64.5778 57.1047 64.621 58.8918 62.6029 63.8452 62.3249 63.5473 64.4777 61.5375 66.3468 63.3077 59.4087 59.3299 65.1407 66.5754 65.014 62.881 62.1332 65.5279 61.9516 63.7263 59.0453 63.5018 70.0781 65.7583 63.173 62.6429 62.8421 60.6922 66.2784 62.0105 64.2972 63.4936 62.6961 63.8484 62.7657 67.8968 61.3194 58.7624 59.3858 61.5517 62.9596 62.8214 63.5018 57.4421 59.6856 66.8182 69.4648 59.5654 61.6753 63.0157 62.7098 61.8351 63.4383 64.494 64.0589 62.8424 61.8615 64.3664 61.7106 59.6564 66.3827 61.1653 62.9956 61.8545 64.7081 59.5141 66.6921 63.5196 60.5046 62.1208 61.9445 64.5069 64.2576 63.7961 60.2404 60.4983 62.3051 65.9809 59.1229 62.8266 62.606 63.2294 60.0788 65.1152 60.8764 62.1961 65.1237 64.6584 64.953 58.8724 64.5457 64.917 69.3256 65.9925 62.3448 61.1767 62.5834 58.0794 64.7055 58.2179 64.8606 59.9638 61.8037 63.4477 60.3995 58.5897 62.9994 61.6058 62.8877 61.2004 61.1132 61.5052 63.772 65.1329 65.3865 65.6192 60.1479 63.9594 61.1362 61.7494 61.5455 62.8563 63.724 61.5097 58.6876 60.8758 61.7395 61.6826 62.4523 64.1602 62.8217 61.6453 59.8498 62.0654 69.3521 60.6599 63.7896 63.8242 61.9736 64.1147 66.5256 64.0769 65.5637 59.5341 61.6994 67.3007 63.4059 63.4026 63.5786 62.6666 59.1135 62.9245 62.4325 66.753 62.184 63.2234 61.7235 59.0988 60.9831 62.2774 60.0905 67.8972 59.506 58.8499 58.9195 65.8593 56.5368 64.3093 63.4729 62.1414 64.1195 61.0087 62.302 60.8631 64.9781 62.7486 64.4417 63.1229 62.1719 60.4829 58.2416 62.0835 60.6526 65.1916 63.2581 62.5318 59.8085 61.4439 60.5306 65.3105 58.4218 62.4401 57.8802 62.1978 63.0789 63.078 63.0441 65.7689 62.9156 60.4715 64.8953 63.0708 66.8691 59.8586 66.8214 58.9124 62.3751 64.0834 64.4189 63.5521 64.3955 62.5259 60.0962 61.3251 61.4735 61.9056 64.459 
60.6063 58.4661 58.8786 55.2726 55.3417 65.2112 58.7687 59.7396 62.516 60.2452 52.3247 60.9205 56.3869 60.4477 59.0951 58.2105 59.2813 57.2711 61.8533 62.7585 60.7652 59.7427 57.161 57.9647 60.4714 65.3988 61.7453 61.1286 60.2456 60.1594 57.3018 60.1282 56.5158 61.0763 58.3561 59.9367 60.5003 59.3835 59.5392 58.1655 59.0646 67.5698 61.1981 62.3267 53.7811 62.1795 63.1794 61.8794 60.545 61.1529 64.1921 55.6635 58.9019 56.9281 61.7561 68.411 63.1566 60.4887 59.777 57.3025 59.471 61.8655 60.0988 58.5087 62.9437 58.3496 59.3933 58.9343 62.0842 61.7276 53.6247 56.9215 57.5623 61.7915 62.7906 61.9725 55.2694 56.7779 64.9347 66.4713 57.5267 58.0125 60.6064 57.3753 60.3918 60.9985 62.1881 62.5975 61.1792 58.6832 62.3216 61.9383 57.5014 60.7836 56.7593 59.3966 60.5493 59.3761 58.7621 61.53 61.6745 59.8419 58.5812 58.9001 58.6974 59.591 60.3515 59.7515 60.4259 60.1084 62.752 58.177 60.002 60.6973 61.8008 58.2331 63.3878 59.3373 58.6727 63.7873 62.9351 61.684 60.7669 61.4472 62.3187 67.246 60.2871 59.6763 57.5479 59.6545 56.3517 61.4448 55.8251 58.5275 55.553 57.5776 57.2119 55.8265 53.4247 62.1175 61.9021 61.0268 59.0928 60.3774 57.6127 60.6447 60.4205 63.517 63.9816 58.2008 65.4132 58.9141 55.3605 56.8191 63.3519 62.1287 60.5898 54.6414 58.5343 58.4171 62.5205 61.358 60.0612 58.7707 59.9949 58.8279 60.9349 69.1853 59.8292 62.2066 61.4782 60.1691 60.5521 64.6231 61.6052 59.4229 54.5296 59.8415 63.3525 60.2381 59.4068 61.5554 63.0401 58.8144 58.0568 57.5625 61.6633 58.3516 60.4051 60.7412 57.8307 59.5201 60.6547 57.9805 63.7585 60.4989 59.8614 58.2551 63.2331 54.9187 59.0164 59.44 59.91 61.7988 61.9828 57.7564 57.548 62.0067 60.8139 61.6918 57.1583 58.3381 59.1656 58.4087 59.6829 58.5251 58.9397 61.2418 60.0685 58.8333 58.0666 59.3147 62.1181 55.4706 60.6599 55.2088 58.615 59.8639 60.8466 60.3487 62.1804 60.55 55.513 63.0609 59.3081 64.3718 57.469 64.1596 58.7741 58.736 59.1975 60.0623 59.911 60.2679 55.8774 57.8597 61.3311 58.8278 59.4249 62.5229 
58.674 58.328 57.4793 55.8226 54.4154 66.0154 56.9482 61.0907 61.2361 59.5098 54.5726 58.9894 58.8699 59.9513 57.3279 56.227 58.3785 54.7846 58.9818 63.1898 61.1006 57.5871 53.0433 55.6357 60.5283 63.2142 61.1805 59.4903 63.7876 58.6037 58.1048 61.9264 58.4596 61.2325 58.6072 59.6506 58.5997 58.9448 58.2844 58.8405 58.9484 61.338 59.7223 60.3549 56.0762 62.222 62.1221 61.6309 61.6655 59.1221 60.7788 55.5917 60.4826 56.7321 59.0362 67.1265 61.7384 59.9246 59.4801 58.8453 57.9727 62.4618 61.8336 59.5465 61.0192 58.0834 57.7939 57.8656 62.3937 57.2008 55.7725 59.0061 57.1904 59.8047 61.3991 58.3511 56.0437 54.8757 65.6238 65.1129 57.6004 57.3355 60.4472 57.8168 60.3605 60.0141 62.6463 62.4359 58.4514 56.5212 60.5963 58.244 56.5813 61.2959 61.1042 61.3371 59.7919 60.531 57.4703 61.4682 59.3894 58.581 61.1516 57.8852 59.5249 59.565 60.1463 58.8132 58.9058 59.0111 61.3079 59.4798 62.0189 61.1065 60.2519 57.6043 62.8002 58.9173 58.5616 62.2735 63.2162 59.1204 58.0506 62.5314 60.3524 65.1161 62.3573 60.8337 56.1201 61.1298 56.2927 62.4261 55.7559 61.2437 56.4951 56.7789 59.5724 55.3313 55.101 58.302 58.9686 59.1698 59.3491 58.5817 57.504 60.8989 62.1565 60.5455 61.3372 58.2267 63.5888 61.8155 55.6851 58.037 60.2325 60.5617 57.9908 56.6422 57.2267 58.4096 57.7348 58.5284 59.6932 58.7404 60.123 57.9799 61.3249 68.0763 60.2397 61.1925 62.4278 59.2444 62.7722 64.1685 60.7533 60.216 55.0611 59.1027 61.7572 58.912 58.3229 57.2956 60.9982 57.8973 58.0658 55.2254 63.0084 58.6515 63.3904 59.1974 58.1814 58.8803 58.1281 58.7457 62.0953 60.1365 56.6578 57.769 62.1857 56.1298 61.0731 58.8344 61.9047 59.7124 58.2614 58.11 56.2647 58.6464 58.2423 61.7984 58.3394 59.859 57.0838 57.854 60.7002 57.3393 58.3571 57.6976 60.4034 56.8263 60.1114 58.8276 62.3835 58.9619 59.59 55.9513 57.7788 60.0826 58.5531 57.6667 61.998 60.4747 57.5034 63.7729 59.0372 62.2305 57.3589 62.2157 56.8374 62.2426 59.9101 61.3964 57.3658 57.4606 53.7236 59.0663 57.7017 61.9384 55.8724 60.3676 
59.9551 62.7645 58.1479 56.3898 57.2319 63.1971 58.5124 62.0246 61.655 61.4322 57.3412 61.2321 57.5289 61.0877 60.7322 60.885 60.0478 55.3126 63.4661 63.2318 62.069 60.0725 55.0743 54.7301 59.3225 63.9493 63.7363 61.5437 62.4971 61.0124 59.4094 64.0509 57.22 61.6412 57.9121 62.7513 62.1591 59.1234 62.3153 62.253 61.073 64.748 61.0336 57.5866 58.466 61.5527 63.9141 62.8253 62.6036 61.2063 62.8073 58.909 60.1254 56.5418 60.1002 69.2 63.1605 63.5966 59.1234 63.3065 60.2082 63.6204 60.3362 60.6757 64.7862 60.7315 60.0364 58.9864 64.8449 59.2889 57.2314 60.2575 60.5542 61.5494 61.4946 63.2386 56.1033 56.5729 66.2985 67.2112 57.9273 60.0891 62.3891 59.478 62.1356 61.6476 61.0445 64.7887 62.7235 57.8635 61.929 61.3612 59.6333 61.987 58.4513 61.7399 61.9078 63.4363 57.1956 61.0297 57.1251 56.3156 60.8021 60.5842 61.2257 62.4608 60.7305 59.3121 60.6442 59.662 62.5967 57.3551 60.5922 58.6692 63.4516 61.7798 64.0918 61.7864 60.0249 64.0587 60.5326 61.3682 58.3154 59.3722 61.6804 65.8814 62.1219 62.0187 59.7608 61.6139 57.8693 61.6979 56.4562 60.4648 59.3172 59.4073 62.0716 59.4899 55.2326 59.5348 58.731 57.1755 59.9985 59.4968 59.8168 58.4042 62.3302 62.4403 64.5249 60.1174 65.336 59.2106 61.4679 58.6958 62.1507 62.968 56.4646 55.0948 58.1765 59.656 62.3431 58.816 59.0512 59.5032 58.2355 57.4631 58.4439 67.9367 59.931 62.3801 64.0872 61.1775 64.0992 65.1535 61.5432 63.282 53.1786 59.0643 64.5324 63.7141 60.0707 59.4676 61.7692 56.562 59.3744 56.7513 65.8328 56.5192 63.2513 59.4665 59.1614 58.1141 60.9977 57.6492 64.3771 58.9619 56.6301 57.4972 60.4302 60.0079 61.2687 58.9072 62.117 64.2316 61.574 58.9818 59.2527 61.9153 61.5367 62.7408 59.9287 60.8156 57.9721 58.7629 62.6956 56.8461 57.9232 61.6717 62.4146 58.5096 61.7441 60.2238 61.3246 58.3474 60.9537 54.7904 58.7647 59.663 60.3006 61.7924 64.5679 60.0249 58.6411 64.5319 61.1613 62.6523 58.0093 63.7287 58.4113 61.9296 62.2956 63.6988 59.8528 60.6142 57.901 60.1315 59.8141 61.3365 60.5276 59.4636 
61.0025 61.3381 61.4387 57.8531 55.2576 61.7423 57.36 60.5294 59.889 61.257 56.0438 59.5827 59.3104 60.5901 59.0882 57.8922 59.5503 56.8436 61.1347 63.8846 61.7158 59.5854 57.5456 57.7436 61.7972 65.6006 60.6123 62.788 62.2606 59.219 57.7038 62.1301 60.7474 61.7192 58.1682 60.4262 61.2057 60.6828 58.1657 59.3136 59.6627 64.8022 61.6911 58.7304 56.2598 63.6105 62.8165 61.7156 61.3922 57.1697 61.0124 57.4741 62.9182 59.1063 59.1726 69.0676 62.9091 59.4753 58.3828 62.9492 57.5807 61.4139 61.8635 60.6878 63.0414 59.8024 61.0034 61.1714 61.4841 62.3094 57.58 58.4981 60.9148 61.2847 59.2577 58.9118 55.1786 59.6608 63.0876 67.1747 58.5957 59.0767 62.1758 59.2267 62.0842 60.6159 61.5931 62.1499 61.8601 59.8842 60.975 59.4137 57.4626 61.355 59.3555 59.2417 60.9029 63.1019 58.5989 61.4502 62.1809 59.5544 59.784 59.7635 59.7203 60.7548 60.0665 58.228 60.9661 60.7219 62.434 56.1268 60.4912 59.7219 62.8557 60.0881 63.4908 57.559 60.1078 58.4279 62.7758 61.0314 60.2553 61.0355 62.337 65.2779 63.2556 59.828 59.8099 61.0726 55.5897 61.8707 56.6386 60.9057 57.9471 58.9686 58.9166 57.2393 56.7128 58.7839 58.0665 58.647 59.9154 60.6599 57.9294 61.8067 60.1311 64.2704 61.8002 61.0801 64.2663 58.0181 57.8325 57.5663 61.7066 64.1175 57.1225 56.002 58.7269 59.2336 59.5871 59.4842 58.6519 58.7817 62.4244 57.6865 57.4317 67.6202 59.2856 61.0094 64.9832 59.6489 64.0273 64.3115 61.0818 62.1257 55.4093 61.0898 63.9234 61.3573 59.3354 61.4541 63.4743 58.9095 61.5603 57.3764 63.3221 58.1764 63.7332 62.1857 58.8268 60.6065 60.9977 60.6043 62.6038 59.8143 56.287 58.4521 64.2346 58.0432 60.9241 58.6762 60.6641 62.4579 60.1135 62.0023 59.542 63.4019 57.3308 62.6392 58.9112 62.9651 59.6476 54.9495 59.9884 55.9732 60.9259 62.0871 59.8607 59.647 59.6558 58.2555 62.0317 58.1588 60.6688 56.4015 60.7224 60.9838 58.9029 59.1112 64.882 62.3328 57.4318 64.3416 58.9771 65.5812 56.0829 60.7952 57.6058 60.0872 60.7082 59.8079 60.8615 59.7731 56.6398 57.2342 61.2832 58.6495 58.9158 63.1822 
62.0652 59.57 58.8123 57.7804 55.3141 65.8047 61.1977 64.6371 59.5135 61.7267 56.5324 59.6995 59.3354 61.8038 59.2947 61.4637 60.8152 55.784 62.2408 63.9512 63.0964 61.7086 56.9844 57.1824 66.1661 64.7457 62.4733 63.4224 62.418 60.257 64.4704 63.4457 61.0184 62.6961 57.8768 61.5847 59.8293 63.7368 60.2164 64.3903 60.5886 64.6261 61.3803 60.7382 60.0954 64.6223 64.4113 62.6453 64.1805 60.9538 62.231 61.0145 60.3327 56.3583 62.1709 70.194 65.1274 63.0731 62.8988 60.3245 58.9548 62.7265 60.9759 58.7475 63.2015 61.112 62.2917 59.1373 65.7231 60.406 58.3828 58.6071 58.8606 64.4804 61.812 62.9595 59.4516 59.244 65.7091 65.7588 57.508 60.1558 59.7538 62.1827 62.4878 60.9826 64.8721 64.8311 63.5778 61.5429 62.1072 62.8003 57.6277 64.1635 61.9262 62.4627 60.5365 63.6061 57.8725 64.2012 61.0142 58.8394 61.2887 62.4091 60.7362 60.9067 62.9508 60.7305 58.1727 62.0687 63.3068 60.1771 60.9366 60.5303 64.0532 58.2262 63.4478 58.5125 61.1513 63.2158 65.1844 62.4456 59.3449 61.6869 62.1274 67.9352 62.635 62.3799 60.6395 65.3002 59.5891 63.9839 57.399 61.7538 57.4352 59.8672 59.6305 59.8724 57.0384 61.1455 62.7364 60.9625 61.2932 60.2955 58.4263 60.6633 64.6977 62.7302 64.6454 61.154 65.5282 60.5188 59.2462 61.7912 60.9185 61.2656 58.6169 55.4484 60.2301 59.7757 60.772 59.1002 61.1014 58.6461 61.4962 57.3557 61.5848 68.0196 58.4732 59.5819 63.5797 61.9231 65.9181 66.6255 63.3819 61.2418 56.9158 59.7681 60.5752 63.3643 59.9704 61.7178 66.5945 58.5063 60.8332 56.4881 64.917 62.3269 61.8782 61.6471 59.7145 59.5299 61.7477 60.2875 65.258 58.081 61.3385 57.853 64.9611 56.2905 62.0039 60.5492 65.7314 63.4645 62.5758 61.001 58.5944 62.0564 60.1249 63.8077 59.248 61.4991 59.4266 60.2493 63.8568 58.2561 61.8527 62.9055 59.4522 61.5342 58.8405 57.3617 59.8412 59.8285 63.2364 56.0039 60.6406 61.7828 59.0991 62.1107 63.0102 60.9755 58.5772 61.5389 60.0598 62.2349 55.1404 63.0094 56.6584 60.3796 61.7612 64.5119 62.7248 60.5193 57.8151 58.8707 59.7543 64.7323 59.173 61.5762 
60.5119 58.9333 61.1928 58.9594 58.8654 64.7753 58.0932 60.6361 60.0645 59.889 55.7647 60.7513 59.6002 61.3235 58.4095 59.5236 58.4103 56.0848 61.2921 63.5824 62.071 60.6582 56.8941 56.1188 62.7094 65.1232 61.7058 60.0993 60.769 62.2629 60.5602 62.5907 57.9683 61.3829 59.5525 57.6013 61.104 59.6676 60.198 58.0711 58.0653 63.9977 62.2945 58.6855 54.8117 63.1819 64.6267 61.5025 60.4033 60.6286 59.7724 57.2478 61.2623 57.1547 61.674 68.0236 63.144 61.7551 60.3537 59.5147 60.2952 63.3726 59.6941 59.464 64.728 61.1447 60.552 57.7619 64.0076 59.2993 57.2263 58.5665 58.1044 61.3496 60.8958 60.2003 59.3269 57.7747 66.4659 67.0304 55.8301 59.576 63.4867 61.2357 61.1029 60.9577 62.5247 68.3057 63.508 56.7701 61.7708 61.1459 55.7793 65.163 57.5994 60.9749 60.7765 62.9201 56.7289 57.5571 59.7665 59.0642 58.8587 63.3066 62.9722 60.3086 59.6069 58.6757 62.1519 59.8617 64.0427 59.5859 59.1043 61.351 60.2279 59.2482 60.4818 59.1735 59.1984 61.7161 62.0596 60.1298 58.8926 60.405 60.6106 68.7242 63.402 62.5447 60.424 59.9705 57.3141 62.5107 54.8077 61.7912 57.2869 60.4674 60.1069 56.4303 55.9777 62.7356 59.7321 58.8751 59.5 59.4669 57.2404 61.9297 63.6541 64.0505 65.0447 60.5264 65.7199 60.0582 58.3856 57.9681 60.869 62.1981 57.6982 56.3061 56.8722 60.2258 59.9672 57.6013 61.7125 57.5778 58.751 60.3951 60.7636 67.4093 58.2833 61.3589 63.1667 61.5279 63.1778 60.7481 63.1222 60.5485 58.0221 60.8488 63.4472 60.9625 61.0165 60.9185 62.7728 58.0928 58.2292 57.9786 63.563 59.2232 62.2493 63.3949 58.7871 60.794 59.7978 57.6686 64.5172 59.4135 61.5209 58.507 62.5994 59.883 63.5794 60.1921 61.8087 62.1258 61.3286 60.1279 59.7247 62.0002 60.3113 63.7451 61.5339 59.2191 59.4007 56.7684 63.0422 58.0426 60.3162 60.6074 56.5427 59.5714 58.7432 57.0415 60.5804 57.7558 62.9366 58.3553 60.5025 58.4647 60.6802 62.9414 63.7622 60.6592 57.9776 62.088 61.9064 63.8057 56.2949 62.7561 59.2551 60.5897 62.8111 64.0003 60.8987 60.319 60.2275 59.3179 60.1317 62.5006 62.4462 60.6275 
60.1401 61.6083 60.2151 58.9495 57.2997 66.5333 58.4891 58.2869 59.3924 60.1647 54.7423 59.3878 57.5449 61.2933 58.897 57.8971 59.346 54.161 60.798 61.7251 61.8922 58.3191 56.704 56.7937 60.69 66.0861 61.1459 61.2319 59.3063 59.0254 58.1072 61.4071 57.8315 61.3797 56.6379 60.1185 57.4504 60.6683 59.5049 56.8627 59.7894 63.1388 60.6016 62.9711 57.7955 63.8691 63.1875 60.9878 61.767 57.5767 62.267 55.4695 60.0381 57.2537 57.9678 66.258 60.9257 60.7029 61.3802 59.6479 57.816 63.61 59.4111 58.767 62.0648 59.4606 59.2403 56.6956 64.7487 58.5695 56.4885 57.1596 60.8865 58.2439 63.6595 59.1335 57.747 56.4617 65.6915 67.3434 58.0918 60.0764 63.032 56.9742 62.722 61.2643 62.8672 63.5156 59.2978 57.7787 61.1948 62.1788 56.9907 60.4762 58.872 60.5265 59.9895 61.0825 57.7531 59.4807 57.8873 59.078 60.9779 60.9386 60.816 60.7971 59.4368 59.2251 59.2495 60.557 64.1614 57.2321 58.1689 61.176 61.6652 59.7173 63.9731 58.8543 60.0194 62.1123 63.125 61.7114 57.354 60.064 62.2499 66.3391 63.0386 62.6807 57.6418 60.5351 57.1472 61.4923 56.8355 60.719 56.8636 59.5181 59.9646 59.9515 56.8752 59.0072 60.1657 59.4342 60.869 58.3438 56.7613 59.7234 61.3214 63.5553 62.9733 58.4664 63.5613 58.1228 59.8765 57.9283 60.621 61.1358 57.6433 55.3583 58.5126 58.3592 59.0492 60.0021 59.5133 54.8245 60.1765 57.1289 60.5808 68.018 58.832 61.2098 60.8936 59.7 62.3278 62.8114 59.388 61.257 54.8077 59.3641 64.9072 59.5297 61.2041 59.2565 60.4295 58.2285 58.0263 56.4235 62.9842 56.9566 62.102 60.2437 58.8024 59.4497 58.8967 56.8938 63.0956 59.8037 58.8967 57.7314 62.6891 59.8133 60.0759 59.4058 61.2708 62.7627 61.4194 60.4245 58.896 62.1893 60.3444 60.8287 60.0336 59.3276 56.9052 59.1952 59.6566 58.7019 58.7007 60.7257 60.3531 61.5838 60.5581 56.4382 61.128 58.9083 62.0536 55.5867 60.8676 61.8694 60.0907 60.4456 62.1284 60.8451 57.1261 64.2429 59.0761 61.7914 57.9822 61.9712 55.4757 56.6438 58.8858 60.9015 59.2662 59.3339 58.3393 58.3432 59.3098 60.1793 57.3512 61.2519 
58.4552 63.5146 61.8995 58.8263 57.345 65.5548 60.0259 63.2264 60.5342 62.6538 58.6827 62.7553 58.9943 62.4258 60.817 62.8953 60.6319 54.7054 64.1936 65.1439 64.9799 63.5808 60.8258 59.2693 62.9083 66.0822 62.8136 62.8431 63.7188 61.5578 59.9519 66.7804 59.7708 61.5984 57.4208 63.5694 62.067 60.3715 59.6509 62.3076 62.6507 67.7638 64.9453 64.1925 54.8943 65.2848 67.6084 63.866 63.2064 61.9379 63.8443 61.1649 63.7775 63.485 62.005 69.5557 64.5095 66.5047 63.5738 60.3258 59.5718 63.9492 61.5737 63.6575 63.7132 62.4718 63.8353 61.3179 64.9072 61.3318 55.037 61.0302 63.376 65.0321 64.5519 63.8846 57.6488 58.5586 66.747 67.773 58.9604 60.4218 62.8478 62.3096 63.6287 66.3911 62.7244 62.7524 64.2793 62.9317 62.756 64.3414 59.7191 65.1702 60.5212 62.5278 61.089 65.4318 57.4924 63.5913 62.8213 62.7953 62.8462 60.9567 63.562 61.8918 62.5429 59.9515 63.239 62.8255 64.298 61.4674 61.0783 60.1248 63.9171 59.2922 65.5908 61.561 61.9752 64.208 65.1942 63.4597 59.1487 63.4097 64.8344 66.3594 65.3374 63.6908 60.0229 62.3566 57.2901 60.3561 59.5612 64.0355 60.1125 62.2548 62.3601 61.1137 56.2286 57.6442 59.4827 61.1963 62.266 60.34 61.5483 64.1522 63.7293 65.5872 67.2698 62.3812 66.2059 60.2516 58.3457 61.6708 63.5755 64.2003 59.276 59.7685 60.1677 61.7215 64.1978 60.6815 61.5875 60.4305 61.7319 57.8864 61.6699 70.9759 61.5006 61.8082 66.0559 63.5513 64.7607 66.3791 65.125 63.6762 57.6493 59.9736 63.9055 65.8227 62.8699 62.4798 65.8225 61.0087 61.777 59.3482 65.3719 60.5461 62.8836 63.7378 59.4346 61.8144 61.5343 59.7386 67.587 61.7127 59.3639 60.1896 64.0651 58.215 62.8279 62.9357 63.9701 66.0228 62.3085 62.4971 61.5242 64.1002 61.521 62.601 61.4753 59.7033 63.107 58.8298 63.9306 57.6233 63.8699 60.9718 62.2314 64.2372 60.7152 57.9184 62.2855 59.019 62.9554 63.5541 61.3822 63.8655 62.2863 64.0795 65.0727 61.1662 61.0479 65.2683 61.6411 66.6771 58.4728 65.1293 59.2086 62.9483 62.686 63.6595 62.9111 65.151 62.5799 60.321 64.1431 61.6114 64.2142 62.3681 
59.2363 58.593 58.5062 59.1615 53.1534 62.7351 57.6743 59.2072 58.3509 58.7745 55.9973 57.8996 57.3533 57.0105 59.5756 55.8465 59.5575 51.2768 58.4182 60.6737 62.281 55.777 55.833 52.9702 60.0034 62.9666 60.3951 59.6261 59.6992 58.7215 56.4355 59.4533 56.985 60.8479 58.5539 62.1756 60.1019 59.3462 57.7206 56.5415 55.9692 60.0653 61.1292 57.7417 53.5703 58.911 62.2054 60.5866 58.9507 56.2232 59.1852 53.7068 59.8229 58.355 58.897 63.1622 58.33 61.576 58.8846 60.0665 55.6661 61.8596 56.6534 57.5144 60.1577 59.5371 55.3908 56.5259 61.1374 55.8794 54.375 57.3646 56.0977 57.784 58.2391 58.1351 53.5582 56.6137 63.6653 61.2281 57.0203 56.4661 61.0406 57.7443 60.9511 58.3101 61.6892 61.2135 58.7446 55.7625 59.9655 61.029 57.1453 60.2258 58.5468 59.5481 57.2859 57.925 55.0088 57.33 58.2988 54.419 55.6486 57.5752 61.0326 59.8736 58.5425 59.5931 58.5576 58.0427 59.4575 58.3724 57.2451 60.6991 59.6671 57.5406 59.3602 60.7417 54.432 59.2187 58.2808 58.3024 56.9424 58.9277 58.1291 62.7207 60.1912 59.5809 58.1097 62.116 54.8187 59.8214 53.8461 55.993 53.7002 58.3933 58.1967 55.2322 54.108 56.1203 58.8332 59.3123 57.1629 57.7607 58.1108 59.2 61.599 59.8432 62.3097 55.217 64.4121 59.7947 55.9864 57.4472 57.2602 60.4386 56.7281 56.0702 55.416 58.2692 57.1738 58.5433 61.3693 56.9915 59.5706 54.2517 57.9709 66.6476 59.9211 58.8762 61.9784 60.3843 61.0266 62.5628 60.647 58.305 54.6907 58.9519 62.2487 59.9814 59.4839 57.8548 61.9575 58.3807 57.888 57.7305 61.983 57.618 60.3529 59.1433 58.4164 60.2281 57.8944 56.6878 61.3309 59.2681 56.8938 56.5956 59.89 54.9731 58.6825 58.4217 59.6389 59.8781 61.1545 57.0569 56.6969 59.6695 58.0737 61.4679 60.1216 59.4588 57.8372 57.0485 60.0607 55.3536 55.5998 56.7664 60.3281 57.7975 55.9398 54.7183 58.3377 56.9466 59.6287 53.8545 56.9764 59.7828 57.8211 57.9474 60.4191 57.1872 58.5778 60.9764 59.9032 61.3138 56.065 57.2543 55.187 60.7393 59.3981 59.5977 58.623 57.2419 55.7921 54.7837 59.7693 58.6986 62.1016 59.1699 
64.7707 64.8367 65.8253 61.0009 62.9942 71.0303 65.7079 67.0209 64.5672 65.9561 61.4047 67.0135 63.2991 64.3902 63.5046 63.4924 65.3046 62.1137 65.0806 66.2953 70.0967 66.2717 60.8642 61.3533 69.5075 69.8057 67.9289 67.8494 64.1191 66.9305 65.1631 69.0043 63.197 67.8088 62.8559 65.272 67.1363 66.9063 66.3822 67.0584 62.8003 67.6046 68.3544 67.3195 61.2921 70.2486 69.0135 66.3991 66.6827 68.2155 64.9329 64.6111 66.6729 62.3687 66.1842 72.6918 69.3935 66.1543 66.4029 66.2883 63.7741 68.8681 68.8159 64.5762 71.7886 63.9468 65.846 64.0873 67.2616 63.7138 61.6456 64.8995 64.0551 67.0839 66.1088 65.5467 61.1347 62.9292 71.6689 72.3124 60.8219 67.3692 66.6398 65.8422 67.4825 66.6312 67.3088 68.9665 68.8918 62.9375 66.0669 66.8243 62.1692 68.7201 66.4554 65.0491 65.3115 67.9463 61.3637 66.0116 66.3104 67.2509 63.2171 66.2168 67.0995 66.5653 67.6608 64.5666 65.546 65.908 68.0825 64.1567 67.1064 65.5938 65.0029 62.2037 67.1751 63.8147 64.0664 65.844 69.8297 66.3814 62.5774 67.2181 67.1481 71.3397 68.4597 63.8859 63.5044 67.4658 62.5258 68.1902 64.3407 66.366 62.5565 63.2826 65.7472 63.6065 61.3304 64.2491 65.1047 63.4003 66.7532 67.0226 63.2131 65.4222 70.4551 68.3805 68.0091 65.4048 69.9474 64.0662 65.6125 66.8534 69.3136 69.2866 65.5832 63.1595 64.034 63.0452 64.2999 63.5085 65.5838 62.4221 65.2186 62.7264 62.9022 71.6507 63.5918 65.4317 68.8855 65.5704 69.6419 66.6105 71.1897 69.2434 61.3693 65.0702 70.5123 65.9608 64.7589 63.8417 68.6775 63.5141 66.6985 61.4854 68.6077 64.0449 68.7124 66.6211 64.4171 64.9347 65.9201 63.9063 66.8251 64.0799 65.6036 57.4881 70.9255 63.5227 63.5691 64.8015 70.2634 67.6232 65.0064 63.0893 66.3249 66.5789 65.0813 68.3957 62.32 65.4725 63.4122 63.1057 67.1692 64.0486 65.7356 67.2791 66.5726 62.9747 65.0365 64.2017 68.879 63.2796 66.599 61.6932 64.3423 63.5009 63.994 66.4283 70.8826 65.9814 61.5552 69.3999 64.3621 69.6114 63.9694 66.8641 62.4519 64.4469 67.101 69.655 66.0626 66.9231 63.8562 65.5857 61.9374 66.0958 65.8103 64.6072 
59.4778 61.0647 61.0944 60.1453 57.9598 67.7866 61.0425 61.5542 62.927 58.8029 58.4719 62.3567 59.8996 62.0058 58.9698 60.0988 61.601 58.2373 63.7758 65.983 63.697 60.2703 57.5455 57.8465 65.6527 64.9556 65.9932 61.9442 61.8383 60.7483 59.6542 61.3536 61.6035 63.4588 57.8231 63.6848 60.7088 60.8739 61.1126 61.9277 60.3815 65.2491 64.2316 62.164 58.2891 65.6069 66.0992 64.9746 63.5881 61.7618 64.0146 59.1869 61.2547 58.8208 63.4664 69.7594 64.1839 64.9733 61.2674 61.9448 62.5505 65.1866 63.1874 61.68 65.7172 62.2828 59.2141 62.6664 64.0483 60.6081 57.3465 60.4018 61.1418 62.0903 62.0373 59.616 56.9633 62.5603 63.5193 67.8243 57.2322 60.1467 62.5276 59.9164 62.4245 62.9155 65.0629 65.9109 64.31 58.2077 61.2518 64.6153 59.5612 62.7932 61.0489 60.9221 64.0608 63.9118 57.3781 63.1485 63.7141 64.3152 60.0974 61.5649 63.483 62.4318 61.8333 59.395 59.7672 63.3836 62.4065 59.2755 62.5804 60.7006 62.3901 59.035 63.0127 62.5316 61.8505 62.1727 63.3876 62.7772 56.8405 62.7815 62.1806 67.6804 63.1329 63.9254 60.0954 66.2226 58.9605 63.1525 57.4402 60.9679 60.0417 61.0072 60.3887 57.9685 60.9213 58.7061 60.877 61.1207 59.2493 62.3654 56.878 62.1018 64.1655 63.4466 66.0516 61.854 68.6794 61.4016 58.9306 63.6468 63.9389 65.0603 60.885 57.918 59.4976 60.6661 60.513 60.0187 61.7197 61.7724 60.4818 59.6729 61.1935 67.8004 60.635 60.9644 62.0019 62.4097 66.0778 65.3279 65.7326 63.0543 59.0104 62.4243 66.5284 60.8092 62.6135 62.4245 63.9867 60.2273 63.2071 58.1331 65.7867 57.796 62.2677 63.586 59.6568 60.4562 62.9191 58.3086 63.7543 62.13 62.4753 57.6999 63.7098 57.7171 61.7782 61.1239 64.2932 65.8899 64.0477 61.4463 59.3978 62.7691 60.6385 61.851 58.2358 61.2909 57.6873 59.8523 60.0886 57.1176 62.2082 61.6646 63.5102 62.1997 60.2067 61.2063 64.2357 60.1204 61.7322 55.8207 62.4757 61.434 61.3236 63.7271 64.1565 62.0871 58.7252 63.3266 60.3917 64.2143 58.493 62.9122 59.1395 58.645 62.7183 63.4142 60.1332 63.4315 58.4545 61.0387 61.2945 63.3183 61.7941 61.5392 
64.1704 63.846 62.3783 62.9301 55.878 70.21 63.8871 66.5356 63.0148 61.1463 59.8189 65.0079 61.0094 64.567 64.4911 61.5581 62.813 58.1714 65.4785 68.6361 65.4986 60.8065 60.6181 58.9285 66.0704 69.3948 66.33 65.8949 62.8498 64.645 61.7873 66.5168 62.6118 62.4653 60.9037 66.3469 63.794 66.2186 63.263 65.0825 65.4592 66.6124 64.2807 62.9459 59.62 64.0572 66.6034 64.5859 66.8188 63.617 64.0195 61.6669 64.6245 60.5298 63.7514 70.8013 65.5691 65.6109 63.7235 64.8181 62.1386 68.0704 64.1746 63.0847 66.9436 63.9136 63.9369 61.3506 68.7451 63.2433 61.1561 63.5275 62.0053 63.5054 65.3915 64.688 58.1351 61.0365 68.2823 69.2098 59.924 64.9905 65.0158 64.2522 64.6269 66.6229 66.3297 70.2838 66.0669 59.5894 64.86 62.5759 61.9745 68.5035 62.5944 66.9546 64.1938 65.4246 59.0305 67.9528 65.8903 62.5521 62.1931 63.9132 64.2988 63.5121 65.1916 62.9971 62.443 63.8634 68.6672 61.195 62.2002 62.3156 64.7464 62.0008 66.9815 63.21 61.3096 65.6854 64.3476 64.9676 63.7534 67.1843 64.3059 69.5676 68.0234 63.2214 61.7275 65.1414 59.6754 64.4263 60.4234 63.6147 61.7578 62.668 62.7609 62.1817 61.1417 64.0335 63.3686 65.579 61.6693 63.2576 63.9017 63.9707 64.1765 68.3078 67.7129 60.1 68.0178 63.8862 62.6033 59.7908 65.594 67.0143 61.8941 58.5145 60.2197 63.8655 62.6653 61.9917 64.0979 61.7736 60.3938 60.4288 63.6925 72.6342 64.6248 63.6659 67.9533 64.5261 66.3071 67.4629 66.1589 65.2395 59.2157 65.1731 66.566 65.0408 65.512 63.5907 66.5532 62.6094 63.8529 59.5784 67.653 62.3037 64.457 61.6548 63.0761 65.4573 65.2689 63.2804 69.1107 60.5488 62.6958 62.2871 67.1545 59.9053 63.465 65.2124 64.2364 66.1537 62.6391 63.879 62.6913 65.5063 62.7812 64.8612 62.2481 62.2509 63.2648 60.9573 66.1343 60.6342 61.8181 64.1001 65.1469 60.286 62.9148 60.4465 65.4085 61.807 64.9904 58.838 62.1768 63.9311 63.5164 66.0445 66.6786 64.1613 59.2315 68.2879 63.5675 69.3603 60.2665 65.6685 59.5737 65.6966 64.1152 64.7952 65.8381 66.5679 63.6695 60.4943 61.6047 64.9478 64.7176 63.6591 
64.7371 63.328 65.4564 61.5335 60.419 69.2488 63.2885 66.6353 61.0645 63.9139 60.6737 65.0817 61.9617 67.1096 63.8008 62.7899 65.2904 60.0488 63.7419 68.1162 66.9024 63.812 61.9189 61.1075 66.898 67.1699 63.5819 65.2708 66.767 65.1599 61.3439 65.0165 60.7592 65.6943 60.1208 66.4511 63.5712 61.0292 63.1719 63.8868 63.6607 68.8146 65.4092 64.1054 59.4766 67.7932 67.9411 65.947 66.7494 62.2202 65.7429 62.555 66.3179 64.1616 66.328 71.9072 66.7873 66.1276 65.0348 64.8626 64.3418 68.1009 65.056 65.6585 68.0254 64.6241 65.8319 61.53 68.1105 63.4865 63.3008 61.6403 62.5279 65.1696 64.6443 65.325 60.5929 61.5149 67.5671 69.2953 60.3589 63.9908 64.2423 64.2348 65.4276 63.5957 65.3122 66.8536 66.1771 63.9909 65.3696 65.8555 65.4584 66.8637 63.89 67.0974 62.5667 65.1492 62.1105 64.9415 66.4582 62.4008 64.3417 63.3408 63.8902 65.2288 63.8253 64.4554 64.1499 65.2039 68.8727 63.1272 65.5673 65.8048 66.0315 61.2426 65.2132 63.9837 63.9114 64.8596 65.2409 66.8366 60.0615 65.0751 67.3633 71.6553 66.1624 66.5615 66.0438 65.1696 60.3351 64.7045 60.7252 65.5701 62.7211 62.8858 65.3289 60.9892 60.4415 63.5425 62.3425 64.705 64.0582 65.1228 64.3897 63.4279 68.0155 66.9385 67.6863 65.0487 68.7661 60.5161 63.2116 62.5306 63.2129 67.4769 63.2377 59.4201 63.4644 62.0984 62.3077 64.5142 63.3116 63.6402 64.9984 62.9864 60.2363 73.0614 63.4629 62.2354 69.4971 65.68 70.0338 70.1828 68.6053 66.315 60.5697 64.9826 68.9831 63.7 62.2834 67.3349 69.2611 62.6113 64.7618 58.5534 67.0189 62.4368 66.9317 65.0767 60.4969 64.3677 61.8507 58.7543 67.315 63.9601 62.1787 61.0375 66.6079 61.713 64.6465 63.3353 63.0793 67.7543 63.6581 62.7709 64.1963 65.1407 64.4811 66.9347 61.8184 63.2015 64.7082 60.908 65.3013 63.2248 67.0722 63.0893 64.7158 65.5093 62.1386 63.3297 64.7508 59.7241 64.9159 59.1918 63.8581 63.8002 63.7486 66.6086 67.5498 65.3484 61.7276 66.2823 64.0361 69.1299 62.1989 66.181 60.9694 62.5356 63.8953 65.0633 64.6564 63.6036 61.545 61.7287 63.2805 65.3652 62.4771 66.3294 
60.0834 62.7506 60.0797 57.407 56.4484 67.5667 58.4124 59.7995 60.1551 59.3828 59.2841 60.67 59.8355 58.8576 60.6682 60.2805 57.6043 55.447 61.7399 61.7701 63.1631 60.1036 56.9603 57.0028 63.0826 63.9493 61.9146 62.4532 62.128 60.3764 59.0701 62.5042 56.046 61.0791 59.124 60.1245 61.0925 60.3756 58.9762 60.5605 57.5368 65.2614 60.032 59.3068 56.6758 63.3589 64.3911 63.3086 63.1828 59.7611 62.4541 56.6138 61.5185 55.0837 59.4428 69.3708 63.5671 63.1713 60.3527 59.9456 61.433 63.3462 60.2425 58.8285 62.6567 62.6638 60.0784 58.8085 63.0739 59.1772 58.1606 57.8894 58.9774 60.7327 59.3018 58.9848 54.9428 57.8727 65.7223 67.4047 57.3862 61.1106 61.699 60.4668 61.7552 60.7372 63.0689 64.7241 60.8871 59.4744 62.794 60.4138 57.6782 63.7522 59.1107 61.3809 60.8308 62.8611 60.0016 61.6857 61.1078 59.5968 61.8818 61.8114 60.9205 61.3586 61.9813 58.8749 59.3956 60.7871 63.8003 58.4217 60.3554 58.8727 62.1476 59.6837 64.181 58.568 59.9117 61.2523 61.6656 60.9384 58.0925 61.453 63.5329 66.7183 60.63 62.6858 61.6716 62.7796 58.8085 61.8585 57.0712 59.7814 58.0348 60.2516 59.9865 58.1728 57.2189 57.4024 58.3903 61.5306 63.8078 59.6151 60.6502 60.2793 63.6678 65.3251 65.1501 58.1699 64.4406 57.9212 58.1415 57.9784 64.9406 59.2364 58.9229 58.622 61.0108 58.0139 60.0499 59.7918 58.0642 57.0817 60.2995 58.3105 59.0678 68.2516 58.6763 62.1688 64.6854 61.7531 63.0309 64.5553 62.3805 61.9487 55.9126 62.0604 63.88 62.4776 60.7503 59.6824 62.8031 57.6817 60.9513 58.44 61.7818 57.8221 61.3672 62.7118 59.9265 63.6456 64.2668 58.0117 63.6478 57.1878 59.7987 56.8873 63.0016 59.9391 60.8421 60.1928 62.4024 62.5736 61.9585 61.4582 57.348 62.9276 60.3255 60.7549 62.833 59.9343 59.81 60.4568 63.4684 58.1236 62.529 62.3697 61.243 63.3376 59.0442 56.5569 62.9729 57.978 60.35 55.8322 58.5871 61.2941 60.4264 61.4417 63.9224 61.0456 57.4913 63.9703 60.5311 63.8816 55.4147 61.0486 55.9395 60.4531 62.8248 61.048 59.3646 61.1706 58.7634 58.598 63.1292 61.8488 59.7843 61.113 
62.4412 64.6135 60.5904 60.9436 60.6331 67.46 58.8492 62.94 63.4569 60.2717 58.6442 62.7959 60.9434 63.2316 61.8235 59.8474 62.7263 58.8222 64.9932 66.6302 61.9743 60.3954 58.0593 58.0856 63.0867 65.854 65.9515 64.3077 63.1326 63.1682 58.8754 66.2745 59.7999 60.5699 58.7929 60.573 63.0228 62.0008 63.4749 61.1627 61.719 66.6442 64.0263 63.1687 58.2146 63.192 67.0957 63.7323 64.5194 63.9744 64.9229 59.167 63.4347 58.873 60.2956 70.8491 66.9372 62.5717 61.0427 61.0731 61.5779 65.7245 63.6367 62.5208 66.3843 62.8524 61.927 60.8748 64.9124 62.7389 56.6378 59.6118 62.162 61.7205 66.122 61.6074 56.8905 59.8586 67.2556 68.1626 59.8564 61.0694 63.1658 60.4416 65.0279 62.8154 64.6742 66.7305 63.7304 58.6956 64.0243 62.5828 59.1593 64.3651 60.232 63.5846 58.9273 65.2046 59.4104 63.2446 63.5196 59.3899 61.6878 61.5793 64.0677 63.1017 59.8064 61.5098 59.8323 61.8426 66.3569 60.9927 62.3912 60.9682 67.0218 58.0694 66.2213 61.9307 61.7044 62.0805 65.0153 63.1151 61.502 63.6615 63.7111 66.7684 64.9945 64.5865 62.2975 65.6931 59.7258 63.4239 57.7588 63.1603 59.528 61.7001 63.9566 61.9696 59.4488 59.9755 61.1285 60.7877 61.4341 62.2078 61.5373 65.5253 64.8697 61.7847 63.488 58.9724 66.8922 60.4784 59.1367 60.0664 62.9792 62.7991 59.4299 58.7536 59.3556 60.5467 61.3598 63.3697 62.604 59.6287 62.3495 59.2842 62.7599 70.5336 62.49 62.1991 65.4981 63.406 67.5075 67.2703 64.3247 65.3166 56.8865 61.5055 66.5947 64.4906 64.4181 62.1236 61.8241 59.7663 63.1427 57.314 64.6741 58.6212 62.7227 63.2543 59.5837 62.5193 62.2981 60.0604 64.6346 57.9029 61.3527 59.1099 62.8938 58.3828 61.6272 61.1293 64.8223 63.2588 64.6732 62.3844 61.956 62.6347 62.2703 62.8223 61.3994 63.4063 62.2967 62.8046 65.3659 60.3688 62.5782 64.465 62.5793 62.6217 61.7978 60.4219 66.2137 62.2973 61.9806 56.6043 62.5704 63.4884 61.8976 65.1975 67.1605 65.175 58.1121 68.8243 60.2567 68.4256 58.1997 64.3513 60.9186 65.037 62.3373 64.9154 66.1876 63.6664 58.7437 62.5232 62.0039 62.9249 61.1123 62.0822 
62.0167 61.3516 61.0119 59.0928 59.4526 66.5928 59.9228 64.5104 64.5398 62.394 60.6228 62.1777 59.6831 64.2208 61.5721 59.5407 61.5271 56.8196 62.2627 66.0165 66.9093 62.9928 58.7992 61.5888 65.436 68.598 65.0751 65.5226 63.898 64.7681 61.6332 65.988 60.9698 63.3118 61.4819 64.6776 64.1276 62.822 62.9568 63.0001 63.8148 66.9452 62.6058 63.7351 59.4405 65.327 67.0006 64.1246 64.5602 62.945 63.6447 57.5904 64.8534 59.5337 63.4487 71.6926 67.1512 65.3969 62.5176 61.9028 62.0789 65.9511 64.0784 63.6894 67.911 63.7296 61.6491 59.6181 66.5915 62.1524 58.1405 60.7123 64.2403 62.7303 64.2413 64.3752 56.4961 61.4257 69.164 67.2372 60.3709 62.8999 61.283 62.988 63.9474 64.3202 67.8701 67.2796 63.7592 61.7124 65.0162 65.2326 57.5257 64.4709 62.1677 63.1729 60.7873 66.6929 58.6388 64.168 64.1358 59.6126 61.5107 63.1204 66.4461 63.6915 65.311 61.8839 62.2192 63.3178 65.6425 62.4121 61.7632 63.3787 61.1094 61.609 63.3059 63.9957 62.8202 64.9317 65.9849 60.9239 63.7568 66.1514 62.606 67.8525 65.6225 67.4664 60.5012 64.5179 59.648 63.5715 58.4982 63.4114 60.1041 58.8045 61.5953 59.5191 58.1446 61.2421 62.6918 61.7555 61.4389 64.039 62.1864 63.9856 64.2594 64.2913 66.2462 62.7426 65.6899 63.3975 62.5018 60.6218 64.5099 63.3937 59.8013 60.2262 63.1944 61.432 60.7104 62.6193 65.9355 61.6434 63.7019 59.0071 63.7164 70.7339 62.3368 62.6222 67.4903 63.4105 67.3976 65.8004 66.1353 64.3213 59.1453 63.3082 65.5508 63.5501 61.8155 62.5491 65.9504 60.6321 62.6356 60.2221 66.6085 60.6115 68.6269 64.4231 61.1077 63.1767 66.2363 62.6126 68.8531 61.9032 61.1145 60.1702 65.5098 59.1459 64.0088 62.9956 65.4116 66.5948 62.0266 61.9191 63.4986 64.5733 62.1278 64.4746 59.3317 62.8334 64.3121 61.619 64.8471 61.4865 61.6546 64.4314 60.4897 62.3562 60.5757 62.3088 63.6368 60.1591 62.7198 56.5902 61.5841 64.5684 63.1623 65.8218 66.537 62.3456 60.0266 66.3798 60.2726 65.6455 58.6096 63.2605 58.4266 63.3099 62.4765 65.6215 63.6188 61.3056 60.2403 59.6804 62.427 63.2853 60.7473 62.4516 
60.9928 63.2944 60.4564 61.2011 55.8687 69.054 63.3019 63.8189 61.8492 61.9833 60.1782 64.6097 62.6413 63.4852 62.0819 60.8305 62.1657 57.7654 60.5282 65.1346 63.0326 59.9365 58.9879 59.9874 65.676 67.0196 63.6546 63.4274 63.5324 63.6495 61.9316 65.1753 61.9938 64.4692 58.281 62.4455 61.3286 61.8309 60.7955 63.6494 63.2904 67.2953 62.5844 62.6043 57.151 65.456 68.3907 64.5152 67.2937 62.5894 66.0655 59.2235 63.9836 62.1985 61.2724 68.9247 66.0477 64.9312 63.8527 61.9642 59.342 66.9182 63.6551 63.5671 64.8628 64.928 61.7849 61.6654 66.6782 60.2059 54.3663 62.2028 58.824 65.0169 63.5761 64.0087 56.8367 60.6096 67.3411 68.9087 62.1682 61.0607 64.2029 61.479 64.4259 65.7022 65.3409 66.0088 63.1185 61.2071 65.2833 66.6567 62.2568 65.6076 62.133 65.5598 63.5442 63.762 58.7874 64.3781 63.2266 62.4724 60.7204 64.6217 63.2525 63.2813 63.5008 63.3301 62.7333 63.8752 61.7357 61.0557 63.4889 62.2022 64.7501 60.3893 68.0781 62.4015 60.0166 63.4894 65.1257 64.2777 63.5387 66.0167 65.0647 69.0811 67.4268 64.8697 61.9233 65.804 61.0248 64.8532 58.8923 63.9812 60.5865 60.2115 62.25 60.5597 55.6497 61.7222 62.4046 62.8185 64.6317 61.3298 62.8868 63.839 63.921 65.4347 65.8648 63.5999 67.9184 62.0103 61.0367 60.4122 64.4079 65.8499 61.769 59.4163 60.4351 60.7048 62.619 62.5481 62.8703 60.7941 62.1271 58.9534 60.7704 71.9798 62.1417 63.1279 68.7932 64.7071 68.4857 67.5212 65.839 65.3818 56.3625 60.9835 65.6302 63.7732 63.7166 60.8 66.5971 59.9983 62.3313 59.2 64.0784 60.7254 62.8382 63.797 62.2181 63.5289 64.2664 61.5992 66.5168 61.5838 59.8267 62.133 64.2455 61.0671 62.2983 61.7958 63.6822 65.7051 63.7035 60.9646 61.2505 65.1526 61.9454 64.8085 62.025 62.967 61.2548 61.276 64.9031 62.7698 61.9196 64.7498 62.3828 62.7986 62.5736 57.8889 64.139 60.4478 63.9725 60.3505 63.1316 64.0601 62.2927 63.9873 65.4079 62.0073 60.0983 65.6934 60.3904 66.2663 61.9095 64.3719 60.0668 64.3971 65.194 64.421 62.5911 62.5597 57.1698 63.2538 61.7899 63.1544 63.2247 63.9451 
67.4747 65.8399 65.2218 61.6812 62.8722 70.171 62.6637 65.4908 63.5159 66.0121 63.9077 65.0685 62.1338 65.3479 65.1932 63.7604 63.9708 61.2332 67.1254 71.2869 66.3748 65.1253 60.1094 60.9775 67.2708 71.7882 66.4961 68.6807 66.2448 67.1115 65.108 72.374 63.0269 67.3695 64.6348 68.086 67.871 63.6387 64.3675 68.3851 63.6842 70.9499 69.0766 63.5302 63.2755 67.0349 69.8013 68.4427 66.6097 65.343 67.3883 60.8455 67.524 63.4944 67.4388 71.5148 69.2001 69.3369 65.51 66.7259 63.5385 68.0794 64.4246 65.0791 68.1898 65.5825 67.8699 62.7471 68.306 64.4448 62.9703 64.8557 63.1954 66.9348 68.8331 66.7515 61.6873 63.973 70.7233 69.8181 64.0243 64.0925 66.4434 65.5466 66.2733 66.4463 68.0976 70.257 66.6636 62.7807 68.9672 68.7661 62.6887 68.2133 66.9939 70.1537 66.5428 69.7618 62.2966 68.3609 66.8874 66.5892 64.162 67.0509 67.2254 66.45 65.8355 64.728 66.1901 65.3949 70.5372 65.6494 69.5335 67.0516 65.5207 63.3541 66.689 66.2604 64.2227 68.9136 72.055 65.8739 62.3431 69.2789 65.9191 72.062 70.4087 69.8304 63.6435 68.1359 63.3811 68.9624 61.4256 68.9391 63.1855 65.2099 64.7314 62.3767 60.4201 67.3787 66.207 65.9223 63.5444 65.0838 64.0448 66.3653 66.4376 66.3188 70.7629 64.2664 70.875 65.9341 62.156 65.7372 65.7515 66.2769 65.2214 62.5832 63.1607 61.7765 64.1689 64.9843 63.8364 61.4234 63.7878 61.7807 63.4488 73.0917 68.5302 67.2727 69.0081 67.6083 72.1479 68.6634 68.5918 66.7724 60.7403 67.2066 70.2454 68.0542 64.2081 67.0423 67.1473 63.651 62.5967 62.9889 68.8746 63.33 67.0581 65.8074 63.2848 62.7072 66.3677 64.4379 66.0643 63.1724 63.9861 64.1212 67.2505 60.6929 66.2784 65.9863 68.3815 66.9949 64.7534 65.2903 61.9221 67.8345 65.2806 68.2884 65.4012 67.3597 66.7481 63.6162 65.949 61.8063 65.9003 67.2795 64.5172 65.3567 65.8497 64.6559 68.4079 65.4472 66.2803 62.7842 65.4052 64.474 64.8026 67.3787 69.923 67.1496 63.9309 70.9142 67.5429 68.206 63.4975 67.2376 62.69 67.8477 66.5462 68.9436 67.5883 64.6899 62.8454 64.3338 65.0242 64.9419 64.842 67.6136 
64.3908 64.1308 66.344 60.8294 60.719 69.9124 62.1097 65.9962 63.9692 62.321 58.5789 64.9993 63.1031 65.8313 64.1873 63.9969 62.0246 57.342 64.2426 68.7785 66.1211 64.3997 59.0749 59.7334 65.4905 66.0341 65.6918 66.8456 64.5419 64.3525 62.8258 65.3055 61.9042 66.096 61.8482 66.2423 63.7636 63.3771 64.2444 65.5329 62.5624 66.1676 65.912 67.4736 62.4719 67.8703 67.6696 65.8064 65.0208 63.9603 67.3838 62.844 65.8352 61.0257 64.9857 73.5851 69.8602 65.9991 66.4505 64.7415 62.5473 66.7065 65.6012 63.4925 67.6691 64.8445 68.3087 59.4108 67.8268 62.5715 61.1301 64.0633 61.8363 65.3026 66.6682 65.6491 60.8848 61.6239 71.3258 70.1326 63.8142 61.5307 66.2001 63.9092 67.8655 66.6165 68.0749 70.3985 64.5556 62.7328 65.4066 63.5822 60.313 66.7894 63.9661 66.9863 63.5373 66.4148 63.6876 64.4127 62.6204 63.4332 65.0326 63.8031 63.692 62.2997 66.6073 63.3228 62.9442 64.0593 68.3564 64.6621 67.5778 64.9626 66.4373 63.6604 64.7085 61.2053 65.1059 65.1998 68.0601 64.7279 61.3621 64.0225 67.3858 71.4567 66.8632 65.6914 63.0578 65.45 61.9113 68.452 60.3213 65.596 64.5779 64.0991 61.8396 64.4727 60.3235 62.9236 64.276 63.9117 64.3994 65.3571 62.0889 63.0789 66.4397 66.9335 67.5938 63.5478 67.957 64.9231 63.378 63.221 64.8388 67.0935 60.748 62.3074 62.6773 62.6706 60.5846 58.3434 66.0682 62.945 64.0013 61.6854 66.1854 73.647 64.2745 65.6636 68.0907 61.7421 67.8816 68.7428 64.3576 64.6388 58.543 63.5041 69.1995 66.1156 64.0889 64.6482 66.9218 62.4883 63.4966 59.5134 68.7219 64.8074 66.5887 66.5794 63.6958 62.7665 67.4932 63.8402 69.126 60.2866 63.6782 60.7951 68.4209 61.3819 67.0822 66.8195 68.1324 65.4733 65.9742 65.6424 62.4015 66.3292 64.5415 67.3719 65.0166 66.3805 65.7622 62.8687 65.4742 61.1248 64.9442 65.0187 65.3086 64.3138 64.4396 61.4812 66.0359 60.2624 66.8902 59.7559 67.5256 66.8014 63.7885 66.3931 69.8118 63.7928 61.9922 68.6401 66.132 67.2411 63.6191 67.0652 61.3389 62.5529 65.0096 64.2001 63.8597 65.1161 59.9581 64.382 62.5967 66.3561 64.1144 66.0794 
59.2115 56.4682 60.1779 56.8862 55.2049 62.6926 61.0797 58.2924 57.7926 58.2902 57.1585 57.067 55.2533 56.5373 59.2828 57.5785 56.9408 54.527 61.1591 64.1485 61.3903 57.9948 54.7267 54.9069 59.6388 62.539 58.4519 59.0772 60.803 60.0844 58.2178 60.6966 58.9233 59.0362 57.5344 60.5533 59.2164 59.2302 57.4125 59.5623 60.9117 60.4066 58.7509 57.4951 54.1002 60.5987 61.158 60.4038 61.4642 59.316 61.6453 56.8769 61.1107 57.2229 59.5568 67.0459 62.9252 62.0782 60.3265 59.2707 57.9736 62.3653 58.5145 59.2116 58.6081 58.9839 59.9372 57.0154 62.4938 57.3989 53.7881 58.1125 57.2742 61.9233 59.7315 61.9716 58.1362 57.2109 62.8828 65.7757 57.9544 58.3882 60.5183 59.1241 62.1321 60.6127 59.7033 62.8372 62.4825 57.1921 59.8538 61.3696 55.7753 62.1914 57.2041 61.4123 58.6937 60.0136 55.6984 60.4942 60.702 55.9558 56.1602 58.9868 58.2875 62.5092 59.5617 59.5018 60.0147 61.4453 62.1944 58.4767 59.7392 59.4068 59.6661 57.5481 60.4622 58.4486 57.3231 58.9073 61.1875 61.6444 56.6479 58.0367 60.0646 64.4101 61.6185 59.1619 58.2461 60.1356 55.9808 60.01 53.929 60.8131 57.1065 59.1455 57.4616 58.6688 53.1414 60.4365 59.0878 60.4378 60.4619 58.5215 57.9467 59.3026 60.886 61.9939 59.221 58.8956 61.8684 59.8697 59.7027 57.2457 57.884 61.1119 55.9319 55.8887 58.7756 57.5395 57.8234 58.5319 60.5115 55.1679 58.0795 56.3734 59.0396 67.0436 58.1464 59.8461 63.1082 60.2981 63.7729 62.4277 60.769 61.5431 53.9315 59.2552 60.5751 62.4475 63.0552 62.11 61.8184 58.3777 61.5117 55.1511 63.9207 58.289 59.5292 59.2517 57.9577 60.7232 58.9147 56.4846 60.881 57.2731 57.6404 57.9988 60.8189 54.6557 59.2932 59.457 58.9328 61.062 59.5562 59.697 57.6458 61.0196 58.2673 61.6888 60.1864 60.7281 58.7278 56.4246 59.2943 54.0728 59.6187 58.6141 58.1634 57.9415 58.1344 55.1341 60.7717 56.6097 59.8662 57.1908 59.3508 60.5136 58.9148 61.0627 62.0833 58.5885 56.9498 62.5874 60.7062 60.17 55.2994 61.8352 57.7786 60.3574 61.5683 60.028 58.9637 60.8675 59.5807 56.7274 59.6285 61.6654 60.7331 58.5699 
60.255 59.9936 63.7476 58.619 57.1295 67.2937 59.639 62.3478 60.1743 61.8773 57.2154 59.4613 59.4812 62.7036 61.5656 58.4702 59.2973 56.1665 60.0923 63.777 62.8211 58.8044 57.8771 58.7809 62.4091 66.5305 59.6208 60.9089 62.9265 61.0991 60.4291 64.6203 56.5954 61.9323 57.7697 60.7218 58.6721 61.9123 58.0641 60.5128 59.2577 65.8871 61.7037 61.487 56.3367 61.5169 65.4385 62.0665 63.6621 60.6601 61.7212 57.7145 62.6441 57.4943 61.9687 68.1234 63.7301 62.3941 63.1867 58.0588 59.8342 67.2174 58.3359 60.8212 63.6963 62.6694 61.9125 59.1556 63.5598 62.2089 55.4916 59.456 56.6855 61.6547 64.7153 59.7134 56.2987 60.1122 67.2606 64.9696 60.5134 57.9474 60.9151 59.7953 62.5304 61.6076 62.481 64.1789 60.1839 58.3416 62.2049 61.9326 57.6962 61.9611 57.3018 62.4227 61.5191 61.2481 59.8538 63.3145 60.8644 59.577 59.8263 58.5848 62.3711 61.3201 58.1579 60.7312 58.0966 60.432 64.8567 59.3377 62.6519 61.6 61.0425 57.8736 65.1099 60.4201 61.466 63.976 63.1291 61.9098 59.5843 62.5293 62.3692 66.1568 64.09 62.4058 58.9169 60.8806 56.7867 64.7352 59.3179 62.8543 54.7335 58.7645 58.2581 56.7456 57.4663 62.6826 60.8619 62.8658 60.16 58.5541 59.8245 63.6523 62.2763 60.612 64.7853 58.588 64.6666 60.8282 58.2781 57.9826 58.619 61.2661 60.0202 56.0595 57.3882 59.9484 58.6717 61.7108 61.5165 57.9875 61.3387 58.4872 60.1574 69.9802 61.1864 58.7445 65.0339 61.6827 66.978 66.0432 62.1348 64.3919 58.6737 60.673 63.1895 62.8308 61.3294 61.6114 63.2772 60.1253 60.7535 56.6709 61.5443 63.5976 61.8772 61.7963 58.7402 59.5565 62.5525 59.423 65.0369 59.0799 61.4862 58.9704 66.3051 56.415 61.2433 63.3124 64.8679 62.6444 60.7621 61.8794 59.9519 62.7936 60.5097 61.4623 57.8526 60.8492 61.3643 57.6527 61.651 57.9359 61.6755 61.6319 61.2281 60.381 62.9969 59.2624 63.5488 58.9069 63.3218 60.6713 59.5854 60.7567 59.4672 60.6862 63.2237 61.1641 57.8033 63.8227 62.5525 63.293 57.0801 61.9883 58.0679 63.1816 61.4307 62.6272 59.4095 62.4267 57.2405 57.0173 58.8651 60.4135 61.8805 60.4478 
62.6774 60.433 58.5005 61.6907 55.171 67.936 59.3032 65.3949 59.9055 60.4746 57.6967 62.2323 60.3982 60.2521 64.5011 60.4793 61.5704 54.8214 63.3344 63.9159 63.0034 58.8723 57.4881 58.7743 64.4109 66.8176 63.8309 60.8886 63.9876 60.5704 58.7867 63.0606 59.6527 62.1929 57.8778 61.4859 61.2294 61.6201 61.3558 60.9779 59.3873 64.6176 59.8846 60.9119 55.7894 59.9931 67.1457 65.2109 65.7328 62.4024 64.9597 59.8451 61.6209 58.0909 63.5951 69.8703 65.7769 62.2557 61.6005 60.5202 61.347 62.9711 62.1178 59.4697 64.8952 62.6141 58.1768 61.7556 65.7912 60.2304 59.8925 62.6153 58.7858 60.6576 62.9949 61.7114 57.0782 57.965 66.3691 69.3742 57.9347 59.3257 62.0984 57.8145 63.0494 63.2658 64.5717 66.1121 61.8018 59.8348 61.7732 62.8222 61.6475 63.4858 58.5717 63.3817 62.7186 62.6794 58.8013 61.9792 60.8082 59.4672 63.5336 60.0926 62.6642 62.8299 63.8839 59.4804 60.4455 60.854 61.521 61.2951 61.3695 61.8675 60.6486 59.7265 63.7765 58.3571 60.142 64.6027 62.5525 60.9888 60.3747 63.7155 62.3718 68.2495 62.8744 63.9618 59.5721 62.5695 59.0332 64.9774 57.5743 61.433 59.407 58.7523 59.2108 58.2566 56.782 60.9909 60.6095 61.8364 63.5559 62.5252 61.4786 60.4025 63.0319 63.4294 64.2804 61.4421 66.4623 60.913 60.5683 59.6893 63.8737 63.4469 60.2415 58.4532 60.7879 61.6514 64.2393 58.8302 58.4768 60.658 59.4343 59.5072 60.1433 69.126 57.8092 63.8235 64.5375 64.3001 59.6239 64.4542 63.7351 59.9541 56.219 62.0721 61.8874 62.086 60.7681 60.2784 65.3662 59.7484 59.847 60.0513 65.3547 60.08 63.7667 60.8719 62.1444 60.4572 63.7983 59.6647 63.9363 59.2378 58.7399 59.0688 64.3539 61.3394 63.5314 62.9108 62.4514 63.6613 59.4762 63.2826 60.0457 64.9327 60.6239 62.8586 60.1892 61.3254 55.038 57.54 62.4538 60.2797 61.0571 62.9604 61.6111 61.4636 59.683 58.7112 60.9124 57.932 61.2028 57.6031 61.5165 63.2627 60.866 63.3598 65.7002 60.9834 57.2423 64.7214 61.6945 63.3179 59.4109 65.0781 60.2663 60.8701 66.6853 63.5434 60.414 61.4934 58.4169 59.3517 60.7484 62.5822 60.23 61.732 
63.9905 61.5507 62.5606 60.2632 59.9224 66.5926 63.3861 66.5271 63.2766 61.8029 58.7452 62.7452 58.7601 63.6238 62.4677 62.1913 65.3829 57.0845 61.682 62.7282 63.8952 61.7646 57.9137 59.5032 62.4106 67.7026 62.7822 66.3148 60.6671 62.82 61.4471 64.9949 60.3066 62.9432 58.932 62.9821 62.805 61.6614 66.2146 61.4902 63.3752 66.992 62.9437 61.598 58.8976 64.8675 66.7803 63.6898 64.1685 61.5866 63.2165 59.4342 63.5809 60.5747 64.0244 70.6333 64.5216 65.6828 66.0672 59.6536 59.7237 65.3939 61.5271 63.9759 67.0745 63.8098 65.6544 60.0087 66.7408 60.6637 60.4294 61.3955 59.8681 65.2717 66.3214 64.0049 57.6654 61.3917 68.5303 69.638 58.4086 62.765 62.338 60.6229 66.3401 64.6848 63.7002 66.1725 64.2637 63.0373 66.0183 66.0507 60.2788 67.8097 59.7526 64.0863 62.2591 65.4793 59.5674 66.2636 62.223 60.2856 62.877 62.0628 65.2228 63.7665 64.1599 60.83 61.4509 62.2824 64.9728 61.8878 62.2925 64.016 63.7538 60.2763 64.0145 60.7275 61.6197 67.3978 63.7176 64.2106 59.911 66.3769 63.5455 69.8025 65.5 63.3605 59.575 64.1264 60.8611 63.1385 59.5029 62.3918 60.1028 61.1888 62.7632 60.3539 56.0632 63.6645 63.5399 62.1666 62.6031 63.6537 63.8768 62.8249 63.213 67.7397 67.1989 61.9653 67.9202 62.7298 59.9283 60.9382 65.1033 64.6371 60.9659 60.2329 60.2176 63.989 64.55 62.5613 62.4724 61.5048 63.0073 59.8744 62.2697 70.6094 63.5503 62.8991 65.8989 62.3186 66.2189 65.2438 65.9865 66.2026 56.0923 61.7006 66.2242 61.7212 64.3428 62.2145 64.0483 59.1891 63.5651 57.96 65.6538 62.9531 64.6604 65.6141 59.0645 60.9418 62.2465 64.1238 68.0696 62.6983 61.1216 60.9467 66.6303 59.5285 63.0509 64.2513 65.2728 65.9816 63.2016 64.2452 60.6875 62.6948 62.8903 64.0791 62.269 63.3548 64.4211 58.3085 64.6885 64.1838 61.4852 65.6236 62.715 61.8112 60.3044 60.3015 62.3852 60.2304 64.2683 61.4253 62.516 62.3257 61.9389 63.8249 66.8274 62.5439 59.5921 65.1924 60.2761 66.9811 60.6001 65.0964 60.332 64.2085 63.1932 66.4223 64.7334 62.1083 60.967 60.7781 60.3671 58.7518 61.359 63.8407 
67.5273 64.0447 64.8294 63.037 59.4179 70.6113 66.0983 69.4658 65.1389 64.7003 61.7005 67.322 64.2774 67.653 66.8932 62.6199 64.48 61.6851 66.8761 68.8644 68.6566 68.1413 62.4287 61.851 68.7394 70.1118 68.1958 68.7134 67.2461 66.0251 65.9158 69.6815 63.9125 67.2271 61.2193 67.1218 67.1942 65.837 68.0449 69.2068 65.4721 70.8293 67.2856 65.0057 61.0176 67.2611 69.8265 69.9965 69.9057 66.5377 68.4961 64.2966 66.0277 63.0857 69.0101 75.8541 70.9251 69.9401 67.2663 67.6861 64.566 69.7438 68.3484 67.6698 69.4638 64.9916 65.973 66.9994 71.7417 65.8806 65.167 65.0642 63.8538 66.529 68.7466 67.5982 59.9448 64.8033 70.3906 71.9057 65.3504 65.5621 67.0854 67.9575 70.5409 68.9303 69.429 70.3477 70.7473 66.5686 66.9572 70.0073 65.7145 70.3629 65.3444 68.6449 66.0689 68.1092 63.5995 68.7257 67.3106 64.8934 66.6345 67.2061 64.9794 66.4761 67.4173 66.3194 64.8907 68.8541 69.953 64.5682 68.0397 66.9792 68.0549 63.8044 69.2064 66.8254 65.469 68.4644 70.4036 68.719 62.8666 67.3076 68.1795 71.1679 68.7522 68.6404 67.4769 70.4423 63.5353 69.5469 62.8193 65.9445 66.9541 66.1851 67.5589 63.5469 61.0013 65.9961 67.2446 66.2115 68.8627 65.3581 65.3135 66.389 68.7049 69.1076 69.157 65.2539 71.5136 65.925 63.0065 68.732 68.2925 68.7349 64.5523 61.644 64.3897 66.2564 63.707 63.5113 67.0387 66.1592 67.0697 63.5715 64.5994 73.6056 65.0491 65.3546 72.0392 67.6154 69.6436 71.0303 71.923 69.3117 62.562 66.337 68.712 68.3268 67.0132 67.6505 67.3117 64.0736 66.6112 64.8805 70.2118 66.7173 66.7986 66.5064 64.5025 64.7489 67.8339 64.8631 69.9845 66.2018 66.6275 61.1879 68.2004 61.6898 63.4263 66.8254 68.2541 69.6284 67.7127 65.521 64.9357 66.7396 66.821 68.8423 64.7079 67.7663 64.677 66.0764 66.727 66.0289 68.2549 66.5404 68.3694 65.4648 66.1355 65.8029 69.2721 62.9311 67.6667 61.7148 64.1105 67.6113 65.3066 68.0161 70.8647 67.967 61.7378 71.326 64.7638 69.614 64.7921 70.1982 61.7933 66.0845 68.2549 67.9653 69.384 66.4417 66.269 64.2106 65.3186 68.1503 67.5589 65.6837 
60.7399 60.9057 62.0612 58.8913 59.2938 67.4954 61.5904 65.2475 63.3711 63.3313 57.7236 63.1792 60.9689 62.4773 61.5781 60.0135 60.3338 54.8484 59.7895 64.9977 64.2391 60.7125 58.8191 57.4169 59.7301 66.6507 63.3471 63.1333 62.8855 64.1449 59.686 62.6153 59.1857 63.5899 60.7231 61.5249 61.1397 61.3866 63.8614 61.4431 62.3532 65.6142 61.264 59.745 56.4041 64.3367 63.9396 64.8049 62.5776 61.9092 63.4796 59.9561 60.551 59.5827 61.2927 72.7939 66.7112 63.3499 63.6163 61.2105 60.8817 65.0001 61.6776 61.2984 64.5757 63.0841 62.667 60.4554 66.1508 59.3367 57.4315 58.8829 60.6542 62.0461 63.2557 61.2239 57.1692 58.822 67.9315 69.6916 59.1453 60.9614 63.0593 60.8432 63.0067 64.0512 66.8268 63.1986 60.6769 58.4663 65.5232 62.2193 59.3575 63.9953 61.5581 64.5405 62.3338 60.9867 56.8748 65.309 61.5859 61.2476 62.7518 61.3223 61.1041 61.3737 60.6022 64.7976 59.0551 61.7069 65.9416 60.3769 62.0635 60.761 61.2402 61.5618 62.7324 62.2917 62.1668 65.049 62.7198 61.5892 59.1911 61.2329 65.6988 68.7531 64.4076 64.2477 60.638 64.4336 59.7161 65.267 58.2506 61.7469 59.5936 60.8799 59.5068 58.7594 59.194 62.3869 63.2635 61.9705 58.9872 58.8943 59.129 62.7074 66.1865 64.3999 64.3728 59.9021 68.1244 60.031 60.572 61.1127 62.8094 64.64 60.7602 58.2551 58.2635 59.4186 61.7617 62.2371 63.0359 61.4301 62.5601 59.1394 62.3467 69.3643 62.4893 62.389 65.4157 62.1243 64.6582 65.1506 62.4839 61.6868 56.9097 61.2967 65.9599 64.6685 65.379 59.9663 65.0343 61.4386 61.6831 57.4558 65.3704 61.7507 64.6827 61.9742 59.564 61.7166 63.3999 60.3831 66.6132 60.6248 59.9299 58.1092 62.8298 56.5151 64.0617 63.6018 64.8571 63.6631 63.7208 62.8096 61.8107 61.3455 62.2032 64.3694 59.3389 61.4304 61.8625 60.2191 63.3866 57.5228 61.9459 62.6936 61.7831 61.6957 60.6064 60.6117 63.1098 56.7057 63.4276 55.0271 61.0951 61.6792 62.2077 63.1259 65.0207 63.0149 60.2907 65.6851 61.7965 64.7104 57.6051 66.2716 59.3679 60.7379 63.1349 62.0489 61.583 63.0624 58.1744 60.2018 61.9305 62.533 61.0021 62.9812 
61.1634 62.1175 61.6584 57.9819 57.1954 65.3334 61.1008 62.3413 62.7481 61.75 57.9136 63.2887 57.5075 61.0286 62.0418 60.3371 60.2156 58.1931 63.4214 64.3901 62.899 62.3941 56.3325 56.7405 61.0177 64.7592 64.1807 64.5239 62.7138 60.0397 60.7478 62.6598 58.7503 61.5836 59.6659 60.5782 62.1258 58.9936 59.3056 62.3692 61.3614 67.4825 61.8954 61.7892 56.0486 63.99 63.8273 63.0798 65.2503 62.1447 64.1485 57.2867 59.7138 61.4144 63.0971 69.6804 63.2586 62.8953 63.3539 60.681 59.8629 67.1526 60.5167 59.9711 66.1115 62.2307 60.6812 60.6851 64.4166 60.2575 56.8644 59.0462 59.9527 62.9073 62.0544 62.3449 56.3817 59.8257 64.7474 68.4974 58.0452 60.5346 63.739 60.7369 64.2436 62.3205 62.1356 65.3883 60.9544 59.0036 62.8375 63.0414 58.3168 60.3709 59.2861 62.0857 60.0988 61.9431 58.0702 61.4285 63.5336 59.3855 60.2708 60.9408 59.222 61.7755 64.1582 61.9385 61.7682 61.5298 65.0514 60.8479 58.8578 59.9189 62.5793 59.795 64.2055 61.9832 59.5179 62.5818 63.5899 63.5926 62.1086 61.115 61.0775 67.5447 65.5753 61.0836 62.2315 63.4249 57.5423 63.3041 57.848 61.4767 58.9175 60.2534 61.24 58.3317 57.1959 61.0146 60.9621 58.1979 63.1984 59.2644 59.4815 62.7429 63.7623 60.9126 63.7507 57.0848 67.1852 61.023 61.0153 60.8236 63.4825 61.5767 56.9232 58.6019 60.4774 60.5231 61.5343 61.7342 61.0469 60.4015 60.8229 56.9491 62.4633 69.0109 58.9851 65.245 67.0003 62.3421 66.4965 64.7699 61.6885 61.6515 55.5229 62.1047 64.8669 62.0995 61.2072 60.3795 63.2468 60.0406 60.6565 57.9666 64.3645 57.1218 64.5309 62.7261 57.4971 60.4798 62.1087 59.7246 65.2476 60.1331 58.1362 57.2342 63.055 58.7203 61.5466 61.4563 65.3992 64.6418 61.3562 63.0646 58.2466 62.4372 60.9504 62.0151 61.0654 60.9556 60.0114 57.9324 61.4871 56.4136 62.4633 60.4482 61.2403 60.8824 63.3819 59.7059 62.9461 57.8385 64.4086 56.3957 60.356 63.8931 62.5618 62.7191 63.2957 64.2027 58.295 63.7533 59.7795 66.4926 58.3195 63.2032 59.2226 57.9781 62.9384 61.6984 60.1236 59.4249 59.3605 58.4886 59.0748 59.9219 59.452 63.0952 
65.8441 63.057 61.1527 61.0215 59.2123 68.9737 61.5434 64.0265 64.2873 61.2805 61.4507 62.9924 61.6455 63.3683 61.5748 62.6632 62.026 59.4095 63.4285 64.3724 63.7139 60.9939 59.3948 61.5892 64.6351 68.0801 64.4123 64.574 63.0612 64.3081 62.3968 67.0103 62.8042 64.197 58.5021 65.0573 64.1183 62.2098 64.1818 66.6208 63.9807 69.7549 63.5899 63.2279 59.267 65.9817 67.7403 64.0141 65.0022 64.9035 65.0929 61.6059 62.8546 58.5074 65.5078 71.1746 64.4137 64.5029 63.3027 62.0714 61.8917 64.4518 63.0224 62.9842 64.911 62.0026 64.3572 63.757 68.8067 62.2303 62.2649 58.3888 62.0695 63.7593 63.0785 61.7227 57.7637 62.0705 65.6448 69.0508 59.0739 62.9937 62.8565 60.8322 65.4271 63.7624 63.0168 65.8763 66.2586 61.5532 65.637 67.9997 59.9453 66.2393 62.5063 66.3774 64.9859 64.6333 60.7884 64.3159 64.4872 63.3258 63.9313 65.234 65.0059 66.5621 66.3759 60.273 61.9057 62.6079 64.8241 62.7962 65.6648 65.2509 63.5168 60.7555 66.1651 62.0816 64.1282 66.4606 66.1104 65.9138 62.0573 64.6518 65.228 69.2117 66.8345 66.4771 62.9853 63.2501 60.1022 63.8124 61.3432 64.4043 59.8517 60.9306 60.1872 61.1318 58.5022 64.315 64.4167 63.7241 64.2757 63.0618 62.243 63.2936 63.942 67.1828 67.5523 62.6088 67.1393 63.8832 61.7959 61.6506 66.0105 65.5502 60.4909 60.7023 61.03 63.7415 65.7067 62.5045 61.8916 61.8702 63.2269 61.5786 63.6586 70.2362 63.1014 64.9486 66.86 63.4185 64.4716 70.6847 66.3194 65.2729 58.3013 65.8759 65.9799 61.3527 62.807 62.8623 64.6149 58.7911 63.5101 60.5784 65.1687 62.503 64.7253 64.8895 61.5801 61.5674 65.2338 61.0965 65.1254 62.2188 64.0088 59.2143 67.9048 60.7786 63.2857 64.7998 64.4084 66.1746 63.3799 63.7891 60.352 65.7023 65.7171 64.1979 62.8095 65.8054 63.458 62.4161 63.8478 64.1518 64.7777 65.1495 63.9756 62.8731 62.5415 60.4524 66.2507 59.8649 64.956 57.8773 63.6397 63.0064 62.885 65.6465 66.8815 64.7827 61.0549 65.8289 64.4491 67.3224 60.3952 66.6278 58.7192 62.5058 65.6748 65.8654 64.875 62.4492 63.4534 60.3929 63.428 64.1274 61.2689 63.1756 
64.5911 62.1189 60.7558 61.869 56.9004 68.4884 62.1516 63.7703 61.7811 64.9059 57.0639 63.7839 62.3701 66.2054 62.967 62.1345 63.8767 57.8537 64.2346 66.9156 64.264 60.8285 59.4655 58.5809 67.058 66.776 65.7293 61.868 64.4761 63.7604 61.7701 66.7657 65.3989 65.7502 55.8822 66.1473 62.7275 62.4398 62.154 65.2428 63.7942 68.7249 63.7256 60.6791 59.1156 65.6115 66.7817 66.1252 63.4738 63.1726 67.0201 60.2629 62.7402 60.5757 66.5932 69.9784 65.1884 65.4861 64.6221 63.8358 59.4679 64.7448 64.1444 61.4332 65.1545 66.0425 62.4389 61.9424 67.0347 61.2824 59.4262 61.8358 61.5193 66.5935 63.8199 65.2391 58.7563 60.8773 66.2422 70.9356 58.6087 60.0897 63.7114 62.7161 67.7733 63.8973 65.5311 65.8739 65.7271 61.6772 66.4089 67.4935 63.8631 66.3733 61.8954 63.8499 62.9866 65.22 59.0673 64.2827 64.6593 60.5632 62.1597 63.2751 64.4676 65.4854 64.6482 61.8384 64.2236 63.775 65.5782 64.1588 62.3722 65.3329 64.0238 62.3987 65.8363 63.4732 61.2891 66.5363 65.7735 64.5401 58.6308 63.6469 64.4272 72.5792 68.2996 66.3417 59.907 66.1865 61.5359 65.3054 58.5294 64.7814 61.7498 60.749 63.3545 59.0693 55.8355 63.0009 62.461 62.0513 65.0365 63.63 60.7747 63.2831 64.9829 64.6002 64.9442 63.7938 69.5471 63.4817 61.0708 64.1344 65.5301 63.6581 59.8656 60.5798 61.0516 63.5655 64.0847 62.2035 62.8239 60.8794 63.4221 57.9954 61.7097 72.5414 61.6336 64.6436 64.506 62.8508 67.6811 67.7304 66.6855 67.5799 59.7078 65.0697 66.9245 65.4914 64.7523 62.9554 64.5087 62.8778 59.9061 60.3078 67.8098 62.0291 67.0115 64.74 62.6645 63.2218 63.0334 59.838 63.2718 63.8018 60.9846 58.6983 64.3698 59.3439 62.3671 62.379 64.6809 63.3563 61.9435 59.6904 62.3389 65.3135 65.053 63.7691 61.5261 64.1152 61.9297 61.498 64.474 60.6606 62.174 63.5438 64.9304 63.411 63.1341 59.3637 63.309 61.1019 62.1932 57.1284 63.0226 65.3742 63.8597 63.6483 66.5617 63.5912 62.1638 66.3813 63.634 67.1379 59.3501 66.3418 58.9727 63.3189 63.2816 66.6462 64.2106 64.1743 62.0836 63.4021 61.9279 63.634 63.3634 62.8179 
63.0325 62.2648 62.1824 59.8812 58.4102 70.9896 61.3521 65.2206 63.0688 61.5272 60.7148 64.8067 62.8061 64.0011 62.2326 62.793 62.8524 56.4684 64.5701 67.0123 67.6288 62.8529 56.6435 59.0836 63.2651 68.1964 65.7801 64.3222 66.626 64.7788 62.3864 68.5194 59.623 63.3022 62.6215 64.5121 64.5389 62.2413 64.0996 64.3985 64.4544 68.0489 65.2281 62.3783 54.4715 63.7836 67.6362 65.5838 64.7663 65.5777 63.6521 60.3053 62.2994 63.9843 66.1648 70.7467 67.7861 68.6871 64.099 61.8239 62.5457 64.0126 61.2677 60.8355 67.7833 61.428 61.7719 61.3901 66.1842 62.9434 59.6667 61.9104 60.7578 64.9654 62.9932 64.4524 58.6766 62.5633 67.7106 68.6553 60.7062 60.1227 63.5399 62.0455 64.131 65.5739 65.8739 67.1407 66.9308 60.7628 64.025 66.2026 62.2839 64.6337 61.141 64.6518 61.0388 63.5149 61.7634 63.8861 63.9809 61.252 62.5934 64.3338 66.5053 65.935 62.7951 62.4749 63.6925 66.6711 66.1911 63.4526 63.0639 61.7232 63.2597 61.1873 66.1683 64.6254 63.3253 63.7244 66.1653 63.0566 61.935 63.3314 62.7079 69.1298 65.5227 65.1531 60.3246 64.8488 59.6235 67.1049 59.3036 64.4242 62.4256 61.1472 60.6895 60.0459 59.2979 63.3794 61.0921 63.1151 63.7086 64.2902 64.0377 64.4575 66.6505 66.4961 67.9687 62.8029 68.4192 63.3961 61.756 62.3696 64.3052 66.2457 61.32 62.8008 62.307 61.8499 62.3982 62.9718 62.4629 58.6971 61.8657 59.6713 63.7706 71.4297 62.1159 64.8915 65.3006 64.2281 67.2696 67.7648 66.2448 65.3114 59.6006 64.042 67.9387 66.4495 64.9811 64.0474 67.6227 61.5116 60.0113 60.3292 69.5466 61.2539 65.2662 64.865 61.9221 64.602 62.6754 61.9351 64.6987 62.6353 63.1727 59.6518 65.2322 60.025 61.7281 63.6467 66.2345 64.5667 60.8388 62.5452 63.5394 65.2036 62.4128 64.2052 63.2129 63.6457 61.7701 61.0837 65.4876 60.2737 63.0079 64.4003 63.8375 64.9902 63.3094 60.5313 65.6953 61.2997 62.3048 61.7322 62.9652 66.4177 62.8505 65.2091 67.9379 62.7552 61.7792 67.1112 62.9399 66.4054 62.6292 64.7388 62.337 63.3688 63.8643 65.4469 61.2622 65.6163 63.821 61.6937 61.5238 62.3278 62.8216 64.1323 
68.0307 66.4577 64.2588 66.1028 60.5879 72.7514 66.5387 68.946 66.539 68.5006 63.0087 69.4874 65.3947 68.884 67.6444 66.2712 65.6147 62.5786 68.2141 71.3812 71.9612 66.3001 62.608 60.6218 68.8075 71.1365 71.8182 67.7591 66.5746 68.5278 64.7249 70.567 67.8999 68.1361 65.153 69.229 66.7377 68.47 70.2864 70.1933 68.5829 72.62 67.9672 67.1334 63.1308 69.9534 70.0218 69.7985 69.0582 67.361 69.1712 64.7736 68.3772 63.9806 68.8979 74.1717 71.3762 68.9669 66.1234 66.7021 63.4123 70.7044 67.6368 68.2496 71.5768 65.0871 67.9685 66.079 73.9724 65.5684 65.3373 65.8275 64.9993 68.885 70.6198 68.6982 63.5309 64.3839 75.0979 73.6623 65.3593 66.8819 69.1899 68.0131 67.2861 69.4348 70.6913 73.1155 69.6647 63.5308 70.0331 69.6441 66.6853 70.7162 67.8765 69.7039 66.8776 68.8568 63.0494 69.9924 66.8633 65.9662 67.4493 67.011 68.6624 70.5354 68.4157 66.3851 66.9385 66.9938 71.32 64.4397 67.3721 68.2053 69.0893 65.5129 69.6844 67.4888 67.5176 73.3514 69.4489 69.0113 65.3864 71.1869 68.9879 75.1769 71.0312 69.0257 64.6664 71.9802 62.9075 69.7213 64.7734 68.9704 65.9484 65.3369 65.2299 66.278 65.3229 66.6269 67.5436 68.0312 68.3596 66.7454 65.5537 68.5297 70.1859 70.7345 72.5012 64.8322 71.4994 67.6259 65.6869 69.165 68.4332 69.7736 65.0441 63.7029 65.2388 65.4405 67.273 66.5374 69.0126 66.9253 66.3954 65.335 68.6326 75.0518 66.4213 68.4471 70.6854 66.762 73.5434 71.3477 69.615 68.7618 65.6959 66.9384 74.1293 70.0858 67.5699 69.371 69.9157 63.6019 66.1893 63.8422 70.1368 67.6409 68.0213 67.183 65.9274 68.3897 67.2409 64.6322 72.3066 66.3322 64.4906 62.7076 71.3697 63.8807 67.6416 68.8279 71.4911 71.1681 69.2435 67.15 67.0513 70.2669 68.5238 71.8266 65.9279 66.2733 68.6692 63.6982 69.5607 63.9747 65.6795 69.0353 67.613 67.8253 65.9032 64.4811 68.1077 64.7821 68.2948 64.2496 66.4586 67.3362 66.5807 67.3346 72.492 66.6027 64.0506 71.7125 66.4863 71.4047 63.9623 69.2332 63.4172 71.4982 69.707 72.9401 68.9098 66.8552 65.3346 66.2454 66.524 68.1242 67.2907 67.2335 
65.9547 64.6304 62.5385 60.062 60.1296 70.8321 65.1312 65.4969 61.8546 63.1341 60.107 64.1426 63.8137 63.5607 62.6994 60.931 64.5178 59.464 64.2034 68.3964 65.3916 63.4682 58.1211 58.6449 66.1648 66.4284 65.9455 64.0976 63.814 65.2239 61.7602 65.7759 60.089 64.099 61.1066 65.6294 63.1452 63.9524 63.0397 61.8765 63.2058 66.9278 64.9606 64.0016 58.7742 65.6288 68.1068 64.4771 62.7823 61.9151 65.033 62.5268 62.7733 60.3765 65.003 70.6263 67.2969 65.9279 65.1606 64.3974 63.7374 67.3614 65.4164 64.2174 66.7308 66.6131 63.8233 61.3241 67.0998 61.3798 61.0859 62.8702 61.6249 65.304 64.0682 63.9231 59.0543 59.9691 68.468 68.3327 60.0252 62.447 63.5297 63.5225 65.5708 66.286 65.3927 66.8952 64.907 61.1693 67.2533 63.6198 61.5566 65.5614 62.7723 63.1231 63.6524 63.7299 62.2024 64.2016 63.078 62.9861 62.2399 62.395 65.6886 66.4786 64.6194 62.0654 61.5305 62.3553 66.6977 65.3825 64.7559 62.8689 65.0259 64.3877 66.2936 63.8279 63.7938 67.2301 65.7465 64.563 61.4794 66.8772 67.8591 70.4393 68.0307 67.3782 61.5397 63.8385 65.1059 64.2927 58.7791 64.4639 60.7259 65.325 64.7824 58.3176 59.284 63.991 64.6842 63.0538 62.3047 63.0126 59.3749 64.2006 67.4354 65.5061 66.4258 61.8386 70.0698 62.6886 60.9378 62.2625 65.6791 67.1606 63.5444 62.2056 59.124 63.6168 62.4841 61.8125 62.6361 61.4788 64.2921 60.2031 64.0967 74.0236 63.8883 61.992 65.863 64.0342 65.4812 67.0092 66.6208 65.5191 60.3548 63.5946 68.8199 63.994 63.0274 62.785 64.2799 62.6539 63.2615 58.896 69.0579 61.549 64.8541 64.4401 62.8695 64.6629 64.3438 61.6884 66.8176 60.4623 61.2535 59.9422 66.1292 59.9422 62.0587 64.9303 68.5364 64.3549 64.24 66.4393 62.2536 64.5409 63.8331 65.1064 63.4453 64.4346 62.551 62.203 66.4285 60.9677 64.1794 63.8764 64.974 62.792 64.6658 62.866 65.8283 58.6786 66.5554 60.9008 61.0801 64.3587 62.3937 66.0986 67.6447 64.6638 61.0906 65.1521 65.6381 66.3835 61.4157 65.592 59.7591 65.1158 66.6804 64.819 64.8302 64.3131 61.0931 63.5164 65.2776 63.1384 64.3223 63.7598 
58.2367 60.4911 58.1232 57.8486 55.66 64.8925 59.321 59.449 59.0994 59.7752 58.0533 60.7688 60.0967 59.8406 59.6816 59.2491 59.5079 56.8854 62.9985 64.6659 64.6086 59.3649 54.3515 56.2792 62.2328 63.7974 60.3693 63.7879 61.568 58.8007 59.5444 61.8649 58.0127 59.0441 57.766 60.9145 59.7682 59.0461 62.2779 60.3318 62.1593 63.7741 61.3175 60.1009 55.9713 65.1287 63.4479 62.5454 61.3331 59.2422 64.0663 58.3831 60.9059 57.1419 61.8007 67.7653 64.0063 62.2511 59.3516 59.2988 56.8175 63.7816 59.8446 58.709 64.9462 60.9704 60.7893 60.6786 62.9368 60.1717 57.6277 56.2732 58.6738 61.4758 59.1895 61.9848 53.8232 57.6903 66.7385 65.3569 57.6028 60.2512 63.4448 60.1879 62.4975 64.0404 61.4171 64.6401 61.2523 56.8945 62.5147 63.4208 58.8092 61.5722 57.0712 61.6537 61.103 64.3375 56.8753 62.0417 59.5954 59.4218 59.1996 60.4478 60.0274 63.1412 61.3964 59.9226 59.5451 61.7467 61.9398 58.0547 62.9295 59.9745 60.8307 60.8051 63.1727 58.5758 58.866 61.5711 64.2102 60.2608 59.2162 59.2262 63.7882 65.7157 60.6837 60.1316 58.6412 63.4477 57.5159 60.9179 56.2252 60.119 59.9386 60.8995 59.0982 58.6983 56.8949 60.5038 61.7472 59.9604 59.3276 58.3814 58.7701 58.8417 64.3307 64.8392 63.5521 60.6572 64.7395 60.7911 58.7514 60.2808 62.9217 62.4131 60.1177 56.9687 58.7543 59.2049 60.0153 60.2752 59.2109 57.5176 60.7447 58.8471 59.7821 67.9697 56.99 61.6555 63.2131 60.4549 64.996 64.7715 61.4843 65.1288 56.7965 61.2925 64.4802 61.6482 60.3346 60.4795 63.4627 59.9675 59.9581 59.5462 64.0301 60.3475 61.1784 60.1664 58.0292 62.2004 61.8619 60.0531 62.4133 58.092 58.4046 57.0583 62.3793 56.798 62.1385 59.8257 63.0631 64.1084 62.0074 61.1788 57.1414 61.2922 60.7643 61.2166 59.6977 60.5492 57.1421 57.6023 60.4485 58.0727 59.8613 61.4514 61.1311 60.7907 60.3563 58.9905 60.7554 57.4136 60.542 54.7113 62.0201 62.0512 59.2751 62.3468 62.5841 60.4681 56.3174 63.9952 61.8584 62.5144 56.8986 64.6936 58.0228 61.3794 61.7507 62.3756 60.7467 62.834 57.948 59.9909 61.3038 61.3549 58.3417 61.9189 
65.6915 65.2679 62.9642 62.2552 60.1446 69.5091 63.8904 66.5774 66.9312 63.5251 62.7786 64.8844 62.4785 64.5678 63.9571 63.2569 64.6299 58.5482 65.3176 65.7345 66.6882 64.9398 59.4675 61.8753 67.7226 67.12 66.3953 66.6029 64.9764 64.7809 63.7174 68.5354 63.2436 65.0869 61.2179 66.8438 67.3084 63.801 65.2519 67.7997 63.8929 67.1998 65.2234 65.5783 61.6801 67.6642 66.8671 65.2194 66.5765 63.8169 65.4516 62.5393 64.9885 63.2462 63.7836 73.913 66.1024 66.5995 65.6763 66.4033 62.1489 67.58 63.2121 66.8365 67.8642 64.5151 64.7783 63.2092 71.1496 62.9602 60.6424 64.2563 63.4569 64.7661 66.8449 65.1259 59.6648 60.3549 69.54 66.516 62.6068 63.2704 63.4731 64.7195 66.6809 65.7138 64.9168 69.8734 66.5965 62.4459 66.3096 64.6064 62.3866 68.0577 62.9011 67.7303 66.8387 65.6314 61.6771 67.9426 65.293 63.7213 64.2045 65.5685 66.1009 65.4796 64.5164 62.5851 61.5433 61.9831 66.3146 65.3406 66.2069 64.4961 70.0189 60.3978 66.5449 67.2359 64.3318 65.7452 68.87 67.451 62.4654 67.8267 64.583 70.8444 68.5499 66.683 63.5548 67.0153 62.0508 67.2187 63.3111 65.9217 60.3237 62.3298 61.2105 61.6197 60.1257 64.1964 65.1009 63.7914 62.3124 63.8426 63.2108 64.8023 66.7042 68.2342 70.5808 63.4321 68.027 63.2504 61.1121 65.1006 64.5063 66.299 62.8665 59.8716 60.5236 62.0996 63.9403 61.7734 66.884 64.9526 63.6186 60.235 64.6535 72.3245 66.2296 64.0349 68.5425 65.7102 69.3589 70.3764 69.7778 66.2492 59.5678 65.9486 65.5433 64.7518 64.7775 61.6605 67.3675 62.2253 65.0607 59.3432 70.333 64.0462 65.8009 65.7808 62.013 61.8394 66.1615 61.3178 66.3751 62.4581 65.8472 61.7238 68.9864 59.8117 63.3225 64.766 65.2125 68.1173 65.7306 65.5077 59.9695 65.3078 64.2619 65.474 63.8349 64.8233 64.3576 61.3799 65.7651 65.0968 64.2031 64.6593 64.9196 63.7518 67.1105 63.2764 67.6085 63.3326 67.439 61.9853 63.9751 64.5467 63.4164 66.0638 68.3975 66.6788 62.8896 68.6707 66.0211 68.2831 59.8522 66.1767 59.9453 64.8424 65.8685 68.3912 62.5513 65.2261 61.072 62.147 62.9712 65.577 65.2416 63.2408 
62.5583 59.7051 59.584 58.5451 57.0928 67.5753 60.1516 60.5455 61.6551 60.4625 58.2929 63.557 58.2193 59.7928 58.6531 58.1646 60.5498 57.1115 60.2395 61.0648 61.6473 60.7817 58.8622 54.2439 62.6942 62.4028 63.091 61.1459 61.1023 61.2633 61.6927 64.4658 61.1821 64.0947 54.5134 60.2946 65.9366 60.8044 60.0832 60.7257 59.0853 66.3782 62.6321 59.6609 56.072 62.8086 63.4093 61.7422 63.8272 60.5495 62.7789 58.0008 59.9678 62.0798 60.0689 70.6197 64.2847 61.8166 62.2238 65.544 59.4728 64.9788 62.6005 61.5678 62.0004 61.5436 59.9706 61.7584 65.8275 59.4608 58.1085 58.5363 59.9246 59.6459 60.8376 61.7592 55.9634 61.1096 63.254 67.1092 57.9512 61.5917 62.6864 61.3142 63.3905 62.9897 62.1061 64.8084 63.6558 60.322 61.9171 63.3831 59.2251 63.7433 59.5879 60.8314 58.612 62.144 59.495 61.8268 60.4527 59.8974 61.6746 63.3649 61.687 62.5112 61.0289 59.2419 59.6236 61.8369 62.3608 60.5044 61.8331 62.117 63.0729 60.5015 64.1174 59.1766 59.7447 61.4389 64.6774 62.4984 58.2824 63.4461 61.5924 65.9188 64.336 62.3602 59.188 62.824 60.0215 61.5895 57.3197 62.0103 58.8545 58.9209 62.2344 59.3405 54.3067 59.142 59.2468 60.4161 59.506 60.3372 63.0862 60.0494 65.0439 64.651 64.4076 59.1597 66.9508 59.338 57.4637 59.7476 62.2069 63.2422 61.7079 56.7872 59.7968 60.4075 61.9717 61.6064 61.7664 60.8801 61.1818 59.117 58.1451 69.3333 61.3923 60.0127 62.9177 61.3165 62.9322 63.8106 65.9203 63.8123 56.1762 61.4652 65.7384 63.5788 61.5811 61.8456 62.0829 58.9523 60.6716 59.5499 63.8732 60.9881 60.6179 61.5947 59.5188 60.8476 62.2915 59.3414 64.1051 59.378 59.0095 57.9712 61.6024 57.6556 61.8684 61.2559 62.7041 64.754 59.7854 62.3284 58.5999 60.2794 62.3646 60.871 60.8154 64.0071 59.5783 60.0541 63.6075 61.0798 62.2962 63.3813 61.2823 61.2078 62.8863 59.4869 63.7653 58.749 64.0516 58.6069 63.3053 59.7542 60.8739 60.9654 63.7985 62.2183 57.8941 63.0119 62.5303 64.731 58.0315 64.9458 58.2824 62.9757 61.557 64.4626 65.4272 59.9403 58.5914 58.489 61.5298 62.0902 58.7033 62.4376 
61.8604 59.9089 61.5366 62.0634 62.843 70.0739 62.3395 63.9489 61.5675 61.7809 60.1081 63.4031 63.143 62.7351 63.3298 62.7982 63.1375 60.1618 64.947 64.8299 63.6796 61.5013 59.8662 56.8862 64.1918 67.509 61.9798 64.1636 61.929 61.1479 60.7867 64.9041 60.3932 68.4376 57.5199 63.6994 63.4654 60.9208 63.6854 63.3186 63.2776 67.0647 66.5946 62.7841 58.8391 65.4351 66.5505 64.9042 64.2136 63.1366 66.0548 62.0333 61.3035 59.9529 63.5312 70.5938 65.0751 63.5916 63.1333 61.6445 62.7684 65.3142 60.8198 62.2829 64.018 62.803 64.6188 62.0531 65.7527 63.1836 60.1485 62.1383 60.5851 64.1185 62.8309 65.0473 59.4501 60.7944 68.3925 70.3056 58.9896 62.2703 65.4282 63.7868 64.9818 65.4152 64.2871 66.4364 62.8539 60.7575 63.1663 64.2185 60.0581 67.0068 61.0327 62.8251 63.6108 64.1075 61.775 62.6651 64.6721 62.2126 62.1158 63.7596 62.4791 62.931 62.4348 62.458 63.0631 62.4537 65.8219 63.6373 63.6505 60.2246 64.6859 62.5043 63.9991 63.1404 60.2739 62.8091 66.1572 64.6759 59.2627 63.6241 67.3626 70.897 64.7242 64.6818 61.7811 63.7927 63.0489 63.5272 59.7301 65.7039 63.3539 63.8485 63.0394 60.5299 58.5694 61.6966 64.0732 64.102 62.05 62.6919 61.5117 62.2079 66.4469 64.4556 67.4712 58.7295 66.5958 61.4953 60.1093 62.0424 65.7327 63.8511 62.1985 61.2723 60.5431 61.6983 63.2012 63.278 63.0221 62.7778 61.4425 59.9292 64.0485 71.1822 62.2042 62.9034 66.6097 63.0682 63.0325 67.7341 65.1216 64.9067 57.4376 64.0302 67.833 64.6602 63.367 63.8353 63.7877 61.4315 61.6532 59.7766 65.6396 62.7238 64.0822 61.1865 60.7176 64.1307 62.5446 61.9968 66.6688 61.9835 61.0335 57.4464 61.5447 60.0674 62.2798 62.458 66.3772 63.3535 64.1808 63.5256 62.3405 62.2068 63.4776 65.9409 63.2567 64.1926 59.9185 63.5474 62.6298 59.3119 63.907 63.5035 63.6821 63.2048 63.1988 59.9611 65.9471 60.8583 64.6198 58.1046 62.2474 64.1919 63.7171 62.705 66.4753 64.7884 58.6218 64.1525 64.9327 67.242 60.919 65.4783 60.5581 62.5575 63.7339 66.0005 62.3555 65.0731 62.6619 63.1955 62.1646 63.9881 61.9157 64.5991 
65.0444 64.5859 63.287 62.8157 60.0457 68.7898 62.6155 65.3286 63.7177 63.0094 61.3374 62.1682 62.4962 63.622 62.6718 63.7754 64.0132 57.6838 61.3842 66.3981 64.9932 65.4068 58.5609 60.7062 66.6297 67.8481 63.4749 65.8257 65.7254 64.3878 61.1748 67.3869 61.91 63.2054 58.4118 68.2723 64.3204 62.8644 65.6728 65.6747 64.1831 67.2585 65.0788 62.6012 60.1572 68.6971 66.5858 64.1269 63.6206 65.1008 65.4861 60.2455 67.5317 61.2388 63.4076 72.1984 66.2559 67.1188 65.3599 64.5878 60.6561 66.6285 65.2682 63.9035 66.1219 64.4007 65.302 62.6943 66.2604 61.3149 58.3994 64.7857 62.5837 67.8062 65.2622 64.462 58.4457 59.5654 69.2941 68.8971 62.0997 60.8998 66.939 65.6804 66.7646 66.0734 69.6287 68.1403 64.1671 61.0471 65.8262 64.8763 61.4197 66.7675 63.0155 69.7976 62.1262 63.7706 60.8559 66.3219 63.8811 61.3283 64.7343 65.3446 65.0002 66.6747 64.8396 63.3839 61.6525 63.8686 66.916 62.5022 61.4001 63.94 62.6879 63.0066 66.5718 66.4632 63.9585 67.9682 66.5386 66.7441 60.9796 64.9 66.2355 70.6233 66.5109 66.9788 62.76 66.6014 62.0566 65.5932 59.1382 64.8853 62.4683 64.4913 63.7416 62.8448 58.0026 62.6515 66.4262 63.7768 63.0797 62.3584 62.8481 63.7186 67.4497 63.8225 65.8937 62.0131 69.2252 64.49 63.4751 64.4301 65.4593 67.3098 61.5366 61.3662 59.5674 61.4494 62.4646 62.5093 62.1432 62.3234 62.8626 61.0997 65.5082 73.5306 63.0541 60.5346 67.3247 61.1524 64.7853 69.218 66.7656 67.4929 57.5268 65.5733 67.1097 65.4824 65.466 61.6838 62.2378 61.0075 60.8783 58.7856 68.1929 61.4997 65.5277 65.1294 64.0248 63.0914 64.4618 62.919 65.148 60.3923 64.7861 60.5532 65.8507 59.2618 63.1231 63.1259 64.6844 64.7715 65.955 62.5073 62.7261 65.416 65.3806 66.9197 63.9403 64.7802 64.7798 60.9465 65.4305 65.3242 63.9527 63.6612 61.963 61.6391 62.6139 60.5525 66.2544 60.257 64.8127 61.7359 64.9113 64.3364 62.2376 65.0023 68.1963 64.6873 61.2449 69.8583 64.9203 69.1021 61.7352 68.3347 60.4573 64.0117 65.0455 66.423 63.9287 64.2341 63.649 59.3573 61.3716 62.6622 65.0852 66.0296 
62.0764 66.8224 63.2908 60.8282 56.7305 67.6884 60.2765 66.1485 62.8576 61.3523 57.7136 62.8518 58.6541 65.009 60.3147 61.0378 63.1975 57.2366 65.1446 68.5029 64.3914 60.2321 57.486 56.5056 65.9247 64.3991 64.5764 62.4962 64.3968 61.542 59.9675 66.1919 59.9594 63.2645 59.4462 63.2351 61.6126 60.1495 61.4917 63.9413 63.3707 66.8883 65.0308 61.1332 55.0699 64.4616 65.3943 64.5005 63.3745 60.7259 64.8171 61.3415 62.4579 58.7529 64.3252 71.0062 64.9357 65.3746 62.3546 63.7533 61.5826 65.0967 65.1268 60.1006 65.8769 60.388 61.3798 62.9049 66.8196 62.4825 57.2582 61.2064 60.6447 65.5767 65.311 62.7999 60.5212 61.2698 65.6714 69.0049 62.1112 62.1363 65.1221 63.2487 63.8296 60.385 65.2688 65.898 62.9755 59.6246 63.196 62.4548 59.4126 63.5219 61.3898 63.0634 61.8299 64.5581 59.295 64.6931 63.5418 58.7463 60.6797 62.8271 63.2047 65.1369 63.2921 61.7134 59.3909 63.2808 63.8026 59.9866 62.6224 61.6422 64.1442 57.9718 65.6219 62.2413 61.4134 64.174 63.7626 63.4796 61.1513 64.284 63.4915 68.8898 64.877 62.1947 59.7113 67.0544 58.1575 65.9345 59.066 63.168 58.4649 59.1473 62.6598 61.1456 57.5884 60.3996 59.0921 61.4342 64.2327 62.5001 56.7715 62.7513 63.5872 65.8715 66.1436 60.0215 68.1055 62.9131 59.5749 62.2247 65.313 63.2748 58.5552 58.5241 60.9004 59.8131 61.1403 60.9101 61.911 60.8986 60.4229 59.0166 62.7772 67.8517 61.3126 62.9333 65.0754 62.4993 66.2124 66.6158 63.7139 61.8889 58.2565 60.6795 63.9604 63.6066 62.1352 61.9646 67.7356 56.9652 61.9811 59.5902 66.3984 60.286 62.9744 63.2775 63.38 61.6048 61.5248 63.0653 66.9718 61.9608 60.9167 59.372 65.6957 57.6628 60.9336 60.816 67.431 64.8973 62.6023 59.7859 61.7897 64.0999 60.1597 67.0822 60.9235 62.1118 61.512 59.5999 62.6385 59.7916 61.2176 64.388 65.7086 61.2436 61.2045 58.414 65.0532 60.1208 61.2389 58.6856 61.742 61.5408 63.2504 61.4264 66.4632 62.4748 59.2528 64.3806 60.6963 64.5549 60.7169 62.4473 58.6397 62.0579 63.3166 63.6565 62.1102 64.3711 58.2957 61.6557 61.5228 62.7945 63.2954 63.2729 
59.7973 59.7444 59.4239 57.0687 55.0145 65.2376 59.486 60.7184 58.7719 60.3283 57.4857 61.5443 59.0632 59.3506 59.481 58.3048 59.4323 54.9664 61.9773 63.7486 62.4925 59.8039 54.6392 56.5945 61.6585 62.4264 60.5841 62.5161 61.669 59.7471 59.6974 63.2392 56.2963 58.574 56.169 59.668 58.9403 61.051 59.0804 61.247 62.3058 63.9009 61.1997 61.4709 56.6582 61.1733 62.8117 63.5764 61.9368 61.9216 61.9867 59.0437 59.5682 61.0118 62.1604 68.0123 64.5474 60.4582 60.0177 62.5682 61.4707 62.5294 61.3968 58.6468 61.414 62.2932 60.4697 59.9747 65.2563 58.4167 58.4204 58.714 60.421 61.9603 60.9156 62.0225 54.6045 58.4409 62.6951 65.6412 56.8762 60.8353 60.2772 62.0198 61.6858 60.0995 62.8735 64.1845 63.7255 59.8523 61.8293 61.9367 57.4426 64.269 58.9303 60.0792 58.3338 61.6022 56.7079 61.4229 60.4659 57.3955 58.2113 60.0093 60.062 59.6103 62.108 58.0823 58.717 60.2128 62.5843 59.7705 59.905 60.0703 61.3726 61.7228 61.3562 58.5041 61.2051 60.7145 62.5341 59.978 57.3024 61.8575 61.7069 64.8044 62.2955 63.0687 58.7136 59.794 58.6793 62.1258 54.707 60.846 57.6827 60.9912 63.7764 58.5283 53.5219 58.6477 62.7029 61.5036 60.8607 57.9556 58.5232 62.981 64.4648 62.0363 60.1393 57.8938 63.6932 59.5789 59.8149 57.5165 60.2571 61.2054 60.3503 56.0246 57.3487 61.1167 59.2533 58.5876 60.2254 58.1424 56.9706 58.3137 61.3589 67.5306 60.5778 60.2708 63.6258 59.618 62.1749 64.2661 62.2933 63.1698 56.1859 61.088 61.5875 59.0615 62.5149 61.8939 62.7469 61.0202 62.2338 55.3979 63.4459 56.763 62.1103 61.6505 60.8472 57.728 61.8109 58.2492 64.0068 56.4837 57.3941 58.0726 61.9253 57.0131 60.499 60.6167 61.7412 63.7767 60.4487 58.3132 59.8088 61.3812 62.0976 63.1739 58.9301 59.0941 58.5232 57.9708 60.2942 58.4146 61.3241 62.1597 60.2359 56.6184 57.7442 59.1688 60.6316 57.9304 62.3767 57.9825 59.8161 61.0917 60.1134 60.5634 61.4841 60.0283 57.5187 62.4061 60.5167 64.3071 57.4401 61.8784 57.2144 62.24 58.9811 63.4174 61.9441 60.9311 59.5852 55.3683 61.3923 61.9948 58.1966 58.445 
65.7735 64.5451 63.676 63.0905 58.1744 70.825 66.383 67.5087 64.7152 61.2916 63.0849 66.4313 62.7786 64.0852 64.2746 59.9451 62.3647 58.3061 65.1878 65.9518 65.3616 61.6691 58.8682 60.0791 68.6919 68.6948 64.4318 63.7774 68.1415 63.9817 64.5507 65.8572 60.3092 66.379 63.0001 64.5132 63.9759 63.6194 66.1702 61.2262 66.1351 66.937 66.4235 62.9046 60.4193 67.3754 70.5716 66.6518 68.1291 63.8837 63.5729 64.346 66.2816 62.5588 63.296 71.5466 65.7178 66.4986 66.548 65.5524 63.8514 66.1533 64.1858 64.3887 67.6003 64.5976 65.5078 60.3145 66.9095 64.1748 62.1697 65.0853 61.731 64.924 65.2025 64.8733 61.6891 61.7292 67.9176 71.1047 62.2754 60.453 64.4645 59.6341 64.8311 66.805 67.793 68.3795 66.7974 62.53 63.8269 63.0411 60.8622 64.9727 65.0895 66.3129 64.2549 64.5074 65.1141 63.6088 63.1054 62.1679 64.5295 64.3223 64.6139 65.477 64.371 65.3565 65.3102 64.7736 68.4848 63.9423 64.2426 63.9859 63.2745 61.6825 66.9316 63.1862 64.8471 66.41 68.9476 66.7938 64.6194 64.7771 68.0202 71.6445 65.6689 66.8776 63.1894 64.5072 60.7509 62.7824 62.5125 65.0884 63.9453 59.814 63.0636 60.2867 59.2929 63.0873 64.8326 65.027 64.4605 65.3809 63.0574 63.0366 66.5951 63.84 69.6668 65.0275 66.8453 64.199 62.4553 65.1536 66.159 67.1551 61.0102 61.6037 62.7783 63.1113 64.0836 63.5843 64.1915 61.1656 63.775 61.1937 63.892 72.3051 63.5595 64.8921 67.4508 62.6425 66.0432 68.6056 68.4327 65.8427 59.7915 63.0943 69.847 64.7136 62.7201 64.9939 66.235 61.6524 62.3784 61.2552 67.5691 62.9799 66.9827 65.0634 65.0115 65.0196 63.7518 61.7913 67.0307 61.9841 64.7667 61.0943 69.9653 64.2163 64.2554 65.0841 68.9871 65.7486 64.0863 65.5445 63.1475 67.4652 65.2321 64.8331 63.0458 64.7151 63.3603 60.1444 65.3568 62.2079 64.8153 64.7164 64.5935 64.294 63.5155 61.6629 63.5269 62.0351 65.896 61.6098 62.5526 63.5621 63.5226 66.4397 69.223 65.2331 61.0932 66.2872 64.9627 67.5698 61.422 68.447 59.9223 64.4152 66.0468 67.2744 65.083 65.0884 62.0557 64.6459 63.2184 64.7429 61.1517 64.6641 
62.0321 63.7024 61.4839 60.9928 57.9825 67.482 60.0416 63.3738 63.2375 61.8403 57.2512 65.3286 62.1746 66.0265 61.1748 61.0757 60.3677 58.1143 66.1605 63.4852 63.5045 59.6074 58.1145 58.4584 65.577 64.3318 66.0477 63.8937 61.5531 64.8124 60.7365 65.89 61.478 63.992 57.9579 62.465 63.9103 63.8649 62.2958 65.5156 61.936 66.6843 63.808 61.9537 60.027 64.8554 65.723 67.9695 64.3315 62.2177 65.1339 60.332 61.8887 61.1892 61.0689 70.3563 65.933 66.3494 61.72 66.2609 58.3117 62.6017 61.9622 62.132 65.4377 63.0679 61.9551 61.6798 66.0296 60.8639 59.7101 60.7657 61.5659 61.5719 61.5189 61.8322 56.8989 60.9287 65.9782 67.4113 59.7741 61.651 63.3489 62.4997 62.8662 64.8038 65.6746 65.477 64.0243 59.9423 65.7153 63.9194 61.5799 65.6387 58.8938 61.985 64.1875 62.7227 61.2043 63.7666 65.1228 63.5916 59.131 61.2132 61.4326 62.2957 63.3162 60.3868 62.9119 63.9081 64.2223 58.9847 62.4778 61.929 64.7703 64.2506 66.0302 62.4749 62.719 64.1265 66.0695 65.7547 60.6166 65.2472 64.0674 68.8596 66.5462 64.8775 63.9331 67.0425 61.206 64.7959 59.5627 62.2072 60.0836 63.5152 60.9313 61.0553 58.0584 62.7546 61.7232 62.222 62.1158 63.4035 60.2131 63.2454 63.9314 66.3375 66.2794 60.747 66.9028 63.3431 57.6143 63.8921 62.8734 65.9363 63.2438 57.6989 58.5002 62.6757 58.9863 61.7297 61.9145 62.743 62.0756 61.0907 60.576 69.6948 61.9323 66.5005 63.8662 63.1584 66.4117 66.0017 64.01 64.3124 59.8177 62.9854 67.1131 63.4786 62.1595 64.1748 62.6576 62.2676 62.4638 59.0604 65.1605 61.1998 64.1237 61.7136 63.8927 61.0138 62.5006 61.9448 65.7651 60.6789 62.4935 57.5639 64.1966 59.1052 63.9172 61.2702 64.1201 67.1582 64.8999 62.0413 61.6647 64.5409 62.9915 63.9936 61.7706 63.5885 60.0573 59.8743 63.4259 60.718 64.0647 59.2808 63.2263 62.6981 62.2181 60.1278 65.4116 62.3436 60.1714 57.0906 62.2727 65.2008 62.909 62.1315 64.8517 59.8659 58.5038 66.7827 62.4612 65.5979 59.8974 67.0311 60.3834 63.5393 64.8214 63.1925 61.8484 63.1204 58.837 60.2673 62.4919 65.7045 63.5383 63.3976 
62.3482 60.2262 60.6781 58.2779 59.6798 66.5022 59.6839 63.4196 61.8479 59.9101 58.7688 64.1812 60.0963 63.5087 61.0868 62.3657 61.3942 56.2407 62.2013 63.3095 63.4721 60.0865 58.0205 58.9771 62.5472 67.2889 63.941 64.0032 63.271 60.7013 59.9329 65.3896 58.9666 63.3699 58.0328 64.874 61.0595 61.3658 61.705 60.5073 61.3197 66.9683 63.2815 60.3499 55.9154 64.8605 65.8525 65.4584 62.7686 63.3046 63.1456 58.9255 61.8217 59.4727 61.8086 69.5376 67.3777 62.6091 59.6571 62.1531 60.8158 63.6814 62.6387 61.5907 64.5058 60.9072 61.4446 61.2288 66.6144 60.7122 60.1101 62.0653 58.9325 64.5679 66.3467 61.9594 56.8028 58.2008 67.8848 69.084 57.9384 60.2515 63.1446 60.9777 62.8278 64.3692 64.4988 66.4264 63.7142 60.0503 63.7441 62.5995 60.0976 63.0198 60.0364 63.4363 60.7352 66.4589 57.333 64.6004 62.2242 58.8516 60.6205 61.7745 65.7912 63.4114 61.8743 60.3974 62.4917 60.8205 63.6092 60.0755 64.366 61.3321 64.706 59.4335 65.9234 61.0923 65.0486 64.6725 61.7997 63.3964 59.5633 66.2754 61.5395 69.1257 64.1783 62.9353 60.2069 63.2433 58.7045 61.4729 57.6547 62.1583 58.3522 60.4549 62.0429 58.1817 57.5595 60.4303 62.13 60.9712 61.247 64.0751 60.0664 62.3954 61.1319 65.2945 65.2893 59.6231 65.5915 63.8225 60.5629 60.1143 62.3009 63.7888 62.7462 55.7779 59.8271 62.0721 62.6428 60.7203 61.696 57.3034 60.521 59.0811 61.5293 68.5592 61.5893 62.0946 63.8247 61.8298 65.4548 64.4807 66.0086 63.2498 57.0538 61.3493 64.6236 63.4552 64.1888 60.4039 61.0822 57.6507 60.4222 58.6457 63.8685 61.0758 61.5016 64.9334 59.6716 61.2993 62.7977 60.2032 67.1497 60.0448 61.7701 59.398 65.5785 56.5964 63.2146 63.4818 62.7379 63.2194 62.0425 61.2318 61.5593 62.6448 60.4014 62.3773 58.5465 62.098 61.8067 57.1027 62.4244 59.8124 60.72 62.056 62.334 61.7707 59.6996 60.4166 64.4935 60.43 62.9984 57.7757 59.1171 64.1456 61.4891 62.128 65.2589 61.2353 58.0976 66.6534 61.5624 65.8047 58.7712 64.5949 57.3358 62.5223 65.3756 62.3236 61.4541 65.7855 59.6349 57.5656 60.6731 61.5341 63.998 62.031 
59.8975 61.3899 60.2105 57.5523 57.4336 66.9339 57.8688 61.5853 58.1512 60.9821 59.2321 62.5158 62.0737 61.4774 60.7798 62.0326 62.6847 56.1915 62.8757 62.3011 64.5474 61.1472 57.4928 56.1436 60.1079 64.2353 61.5272 63.1956 62.7385 62.1397 60.1624 63.5881 60.3295 63.0119 57.8161 64.3732 62.5444 61.7707 61.6877 62.4842 63.2317 66.0169 62.7234 61.2178 59.8819 67.0307 63.2133 62.92 62.6549 59.941 63.3147 56.2489 61.4362 58.7817 60.9534 71.2031 61.2433 63.4724 63.7091 62.1836 63.0438 65.5591 58.4306 62.5935 64.045 63.0594 61.8784 60.0384 62.91 58.9226 56.5681 58.9135 59.4385 62.5955 61.0099 61.9493 55.849 60.1706 64.3654 67.6067 58.6816 58.946 62.8417 61.8135 63.6115 62.46 62.4456 66.0179 63.3132 59.1122 61.0265 62.2203 58.6975 66.3194 62.2285 60.2047 60.5848 64.2091 58.7151 63.6739 61.8946 59.9761 61.4473 61.9577 62.8781 60.1913 62.3697 59.4911 60.3797 60.3765 62.3498 58.73 62.387 60.3994 62.048 59.9048 63.4115 58.9263 59.4361 60.5946 64.4198 63.5895 58.4974 60.2362 63.3763 68.7402 62.7067 64.0868 59.9212 62.7767 59.1147 65.5698 56.9116 62.5228 58.5594 59.0106 59.586 62.8639 59.5447 59.4498 57.5944 60.687 60.3792 61.1715 60.5236 62.0219 66.1665 64.6893 66.7878 61.1609 65.6448 58.8879 60.7505 60.4582 64.5659 63.041 60.5658 58.6625 59.4334 59.7193 60.7778 59.4453 61.0449 61.6927 58.4891 57.2568 58.2705 69.9779 62.8364 60.4853 63.4984 61.1221 64.9333 68.7426 62.5879 61.9293 55.8101 61.2248 65.946 60.7572 63.1956 59.8619 63.8094 60.254 61.4212 55.7021 64.6821 61.8601 62.2351 64.062 62.1154 61.4405 63.0948 60.9942 63.8957 58.3947 61.0444 58.6024 63.0658 59.3816 64.9215 62.1043 60.9374 66.3213 61.0202 60.0821 58.91 63.0996 62.8704 60.7291 59.6591 60.113 59.8014 60.0695 61.71 59.9158 60.951 61.0361 64.2927 59.9756 62.0071 58.4475 59.8314 59.0064 62.9243 56.9173 60.6538 61.3589 62.0094 61.9459 61.034 60.6004 59.4287 61.8797 62.2655 63.2738 59.7162 63.2182 57.6906 59.6755 61.6531 62.6525 61.252 60.0485 58.1208 57.5366 59.5101 60.758 62.0917 62.4041 
59.5574 58.4034 57.5456 59.9078 56.9128 64.5935 57.7112 60.5006 59.8182 59.3494 54.9178 57.7477 59.3369 58.6607 58.0594 57.5808 60.1008 52.5284 60.9674 61.8678 58.0136 59.0671 53.0961 54.6601 60.9076 63.063 57.518 61.618 59.6676 58.9319 54.9568 62.88 57.6761 61.5922 55.7917 59.0937 58.9513 57.4588 58.2944 60.074 57.791 60.7925 60.1174 59.7415 53.8199 60.5622 63.1597 61.5617 58.3009 61.2079 58.9221 56.0482 58.1738 61.5146 62.0464 67.2105 59.5939 58.9762 61.977 59.9141 58.2906 60.1556 59.1674 58.9691 59.5599 58.9474 60.0991 57.2123 61.8275 57.018 57.1703 58.013 56.4169 60.7747 61.1953 59.8543 55.5232 57.1954 64.5601 65.8976 59.0677 59.1613 60.2466 59.2351 60.5767 60.5188 62.6694 62.359 57.7421 56.2491 60.7904 61.0711 54.5273 58.8865 58.0646 60.8954 57.9692 62.3781 56.7949 62.2531 62.0487 59.1307 59.6338 56.8617 58.9294 59.7327 60.9082 56.6309 55.6162 58.7583 58.6462 58.2477 59.2463 58.6823 60.1843 55.2506 59.9191 55.6942 56.0232 62.4466 64.3739 61.745 58.5644 59.9927 60.8696 66.5757 61.6533 61.6145 57.8016 61.3924 57.1654 60.0088 57.4737 59.8629 54.7957 57.0658 56.8467 55.644 53.8964 56.5641 59.7696 60.1135 57.3947 57.6657 57.1221 57.8162 57.6356 59.2127 61.2665 56.6534 62.2527 59.8911 56.7887 56.8881 61.3995 61.4239 58.7592 54.8908 56.1164 57.0177 54.8721 58.256 57.2648 57.7675 58.73 56.6154 57.6121 64.8504 59.5702 58.6069 64.5231 59.6495 62.0068 61.2805 58.2882 59.0324 54.1726 59.4373 61.4568 60.0818 60.3996 57.1441 59.7813 57.4723 58.5701 57.5026 59.3793 59.2481 58.0485 60.0446 57.7032 57.7165 59.2814 58.4643 60.9426 57.4752 59.0954 55.303 62.0981 53.6689 59.4408 60.2836 60.9222 57.7616 57.9119 59.1824 57.6772 60.7058 58.858 61.0893 59.4877 60.2589 59.0965 54.5117 57.9417 57.7938 59.5832 59.3776 61.5158 60.31 58.818 57.5444 61.4982 55.8939 59.5515 55.4663 57.4436 60.5947 58.7369 56.5421 61.8815 57.7782 55.9516 60.1926 58.711 63.2979 56.3378 61.6913 55.3312 57.9562 59.7077 60.6633 59.6992 59.4541 54.4973 56.5825 59.0977 59.3881 59.0563 60.9099 
60.1656 63.534 63.5592 63.0097 57.7376 67.1424 60.3905 63.9706 63.0366 61.4832 58.1291 62.3533 60.3708 62.6986 60.9203 59.0848 59.398 56.897 61.1896 66.8337 64.4792 60.448 56.696 57.4521 63.5093 63.8098 60.2702 62.7418 60.8088 60.5502 61.0593 63.2667 58.5785 63.4043 56.394 61.9925 63.0341 62.0553 61.2116 60.246 63.029 65.9103 62.5735 61.9969 57.2566 63.5629 66.5704 63.7041 62.7822 62.6075 61.0023 59.294 63.0757 59.6027 62.6333 67.6562 65.0651 64.315 63.4073 60.6336 59.1193 64.1344 61.4819 61.1092 66.043 62.4731 63.4243 58.1935 66.1902 61.534 58.5037 61.4855 58.9732 62.3956 64.7276 63.55 58.4777 59.9483 68.1219 67.9361 59.0719 62.4566 62.3156 61.7225 64.3753 64.4861 65.5973 65.8303 62.2878 62.0628 64.6153 64.0581 59.7856 64.5116 60.6251 61.2438 58.7751 64.9005 62.3407 65.372 63.0768 62.0761 60.5054 59.8 63.0094 60.1163 62.5015 59.8921 59.4956 60.9072 64.3646 61.2954 63.5141 61.5432 64.6953 59.0548 64.2474 63.1928 60.672 64.1705 66.8169 62.899 61.5504 64.2835 65.1682 65.1588 66.1929 62.0698 60.4559 64.1862 60.4473 62.0479 59.0951 63.9162 59.1702 60.46 63.0585 58.9525 56.3461 61.2683 60.4127 63.1001 61.8732 61.8144 61.7267 63.3428 64.2234 64.057 65.4249 60.9868 66.6967 60.7739 59.7482 60.3443 62.7384 61.9364 59.375 57.9718 59.3085 61.1135 58.718 61.3917 61.8894 60.4187 60.1095 59.4698 63.3677 71.4285 63.498 60.8447 65.6132 63.4718 65.0223 66.4617 62.9812 62.9033 55.2979 61.5644 66.0112 62.835 62.0795 64.6567 63.7663 57.3633 63.1501 57.0432 62.7369 60.5657 61.9141 63.8842 62.4293 61.1905 62.644 59.5907 67.5765 57.6904 60.9478 58.0568 64.1656 57.7431 61.7298 60.2307 65.6911 64.2631 62.8204 65.8445 60.653 64.2072 61.0061 63.7506 63.388 61.7401 64.1937 60.5353 63.7444 61.316 62.9527 63.26 61.3776 63.2599 62.4736 60.8839 63.3741 59.8745 64.7377 60.1327 61.7807 62.0591 60.1857 63.1588 64.8451 64.8172 58.2034 65.826 61.5165 64.2546 60.5096 64.034 59.9198 64.8106 64.4205 63.6463 65.2239 61.8028 58.2815 61.0492 59.5843 59.8715 59.7174 60.1792 
61.0493 61.4027 61.7776 56.2336 57.54 66.7864 55.8497 59.8749 62.2904 62.0042 55.6227 63.2457 59.4266 61.9674 59.9393 60.4581 58.4363 56.2982 60.2827 63.3238 62.6422 59.8839 58.7727 56.0983 60.8147 63.3423 62.8158 62.8816 60.9464 62.4796 59.3893 62.9586 57.7766 61.0451 57.8952 62.8987 62.2348 60.686 59.0611 62.4081 57.9401 65.0887 63.922 59.9667 53.6047 61.0604 63.2431 63.1121 58.661 59.6775 62.7513 56.7949 62.6473 59.4263 60.1195 67.2001 64.4327 61.0957 60.0655 60.8292 60.4868 62.2891 61.46 59.13 63.3548 61.2366 61.7422 58.9021 62.5848 59.3825 57.1604 61.888 59.1179 62.8262 63.8725 62.8494 59.1716 59.5867 66.2896 67.3285 56.7403 62.7959 63.2497 60.4852 60.8297 60.7939 62.3344 63.2023 61.5417 58.6354 62.0323 60.6245 57.7628 63.6512 59.1878 61.0743 58.2958 61.2015 58.3225 61.1251 61.4763 61.0423 58.0689 61.2814 61.8763 61.7678 60.1001 61.8223 61.9062 61.5506 65.7532 61.2193 62.6516 59.8343 60.9234 58.1722 61.8569 59.4988 60.6283 64.9019 63.3995 63.1596 58.2271 63.1744 61.55 67.8805 65.5854 61.4457 59.8537 60.2418 56.6309 63.7988 57.9942 62.9172 57.526 57.6463 60.4136 57.6044 57.0776 60.5365 60.0677 60.2888 61.0064 61.453 59.0946 63.0414 62.8181 64.1233 65.311 60.4248 65.2198 61.6727 59.6784 60.7714 61.2957 61.8513 58.3682 58.6626 59.7026 60.4892 60.5672 60.0218 63.3081 59.6725 57.7672 59.705 59.7926 66.5886 59.1977 62.988 62.891 59.9414 64.1095 65.0015 63.4354 59.524 57.4637 62.4727 64.6767 60.9315 63.128 59.9187 63.0585 58.5483 60.9737 57.4452 63.75 58.5256 62.9739 62.703 59.6183 61.5096 59.8287 57.678 64.4785 60.837 58.4141 56.8604 63.1186 57.9132 62.8447 62.5707 62.6826 63.3917 60.7773 57.9252 58.8811 62.511 59.523 61.0312 58.3057 59.4852 62.6798 57.9632 62.4339 59.1276 65.3699 60.9686 60.6578 61.2537 57.5323 60.1835 63.9231 58.9235 61.7995 58.5592 61.5701 59.3347 61.6379 62.8913 65.842 62.1696 59.5265 66.0163 60.892 65.4764 57.9401 61.6817 60.2456 61.2316 63.2309 62.5832 60.8662 64.3486 59.7138 61.3911 60.5067 60.228 60.6498 64.026 
68.4896 68.2701 66.7468 66.4987 61.981 71.3047 67.0241 67.8619 67.0493 67.5054 63.8694 65.8484 65.3788 67.9277 66.6372 65.1183 67.5926 60.1889 66.1454 69.3107 68.2641 64.7121 62.7022 64.5594 69.3948 71.075 66.9204 67.2671 67.9547 65.8335 65.6512 68.8921 63.093 64.8309 64.971 68.5852 66.3189 67.2771 66.3079 66.8966 66.424 69.6094 67.0061 64.4689 61.6429 69.1198 72.2683 71.1065 67.7425 64.6938 66.9512 64.2206 67.3769 65.4029 68.2409 73.855 68.4255 69.5138 67.9153 63.7936 60.8693 70.6062 64.2015 64.954 70.6518 66.1133 66.6377 65.8332 71.1438 65.0622 63.8621 64.0453 64.1227 67.0945 67.1566 65.4121 61.7862 64.6874 71.474 72.4 64.742 64.8094 68.3805 64.9539 66.8712 69.912 69.1492 69.3585 66.5237 63.4723 69.8621 69.4233 65.7667 66.4054 65.1038 71.3631 66.7425 66.2592 63.9118 68.0564 65.3034 67.137 66.1047 66.159 67.6107 67.4546 66.3548 64.7712 64.4714 66.6469 71.2576 66.7954 66.6528 67.6828 67.7108 66.6178 68.9038 66.0785 66.4261 69.3511 68.9747 67.6581 64.8392 70.8068 67.5907 73.2956 69.8813 67.144 65.9092 68.1491 64.0659 67.1777 63.7879 67.2686 64.1128 64.2454 64.1882 63.4077 60.654 64.5505 68.2416 65.3463 67.1432 66.8162 65.1949 67.8622 69.8837 68.7419 69.3676 65.7002 71.321 66.1797 64.1246 67.1307 68.3173 69.319 63.284 64.6149 62.1682 67.1814 67.7712 68.0203 65.987 63.941 65.4346 63.9286 66.0311 74.4023 66.9817 69.0996 68.9297 68.0467 70.1319 70.5142 69.5741 67.5711 63.1152 66.4284 71.8041 67.563 66.6762 64.5673 67.9028 66.2477 65.3702 63.6962 70.1348 65.1274 69.3023 66.4892 65.6638 64.1001 67.4429 65.0449 69.3997 65.7893 64.6472 63.163 71.6903 62.4979 64.4071 65.8318 68.9269 67.8607 67.7256 65.393 65.1028 69.1148 66.5134 67.7428 68.6318 67.4716 64.6875 62.5624 66.8257 64.6227 67.6667 66.2612 64.5002 63.8414 65.9611 64.5368 69.6817 65.2167 68.4003 64.355 65.9616 68.0585 63.6485 66.8301 71.1775 68.4171 67.0012 70.0753 67.8223 70.6726 63.918 70.6068 62.8357 68.6643 69.1476 68.1467 66.9146 65.6185 66.0481 65.3707 65.116 66.7519 63.3445 67.9753 
60.3969 60.4955 59.3242 59.427 57.3986 65.773 56.9039 62.0001 57.2458 60.0446 56.8429 60.8289 57.9519 58.0996 59.3637 58.2616 59.5673 54.1795 62.38 63.6564 62.73 61.2367 54.9177 55.53 63.6861 63.1417 62.3918 61.8533 60.6194 60.3015 57.9421 65.0297 58.5859 62.5983 54.565 62.1488 61.1797 60.8126 60.4622 62.2068 60.7428 64.0094 63.6665 59.0548 55.2316 62.0297 64.9566 62.1834 61.0073 59.2838 58.6022 58.9793 59.2833 61.0078 63.0808 66.5916 63.7169 62.129 61.6012 59.0464 59.2919 62.4189 59.6635 58.9556 63.562 59.7725 59.7126 58.7152 63.7912 59.4013 61.4245 60.6653 57.0498 62.9359 60.2656 61.5115 55.9766 59.1934 65.563 67.0606 58.6104 60.2823 59.1578 61.4032 61.3513 64.5418 63.8987 64.7696 64.417 60.1894 60.6522 64.0323 59.5765 61.3182 59.6005 58.5087 59.1529 62.5122 55.2358 62.8706 61.7279 60.1826 59.7933 58.7769 59.8335 62.604 62.444 57.2169 62.369 59.8433 62.6597 58.6556 60.6657 57.5524 62.0643 57.4132 62.6793 61.0739 59.8073 63.5867 64.8186 61.3517 57.8059 60.767 61.5103 66.338 63.5045 64.0513 59.2193 60.9294 58.9624 61.7953 59.5856 62.887 61.0629 58.777 57.6809 58.5716 56.4682 59.9245 61.4705 63.4062 62.9504 58.6804 60.8692 61.7822 64.0724 63.7547 63.4126 61.4164 66.2534 58.4168 59.6106 59.4684 61.699 65.5502 56.8932 56.7071 58.3844 61.9879 60.894 59.5383 57.5841 57.1823 57.9239 58.694 59.0573 69.4917 58.3038 59.0164 62.1903 59.5627 61.9787 64.6167 65.8096 62.0623 54.4678 59.6435 62.0909 62.8341 61.4201 60.9816 62.6461 57.3002 59.169 56.6373 63.3757 58.1529 62.7003 60.0243 58.6244 62.5518 60.3489 59.5244 64.3247 57.3243 60.6107 55.4661 60.7485 58.4161 59.2249 61.6598 60.696 62.5141 59.4923 61.6547 57.9601 64.243 57.8064 60.691 60.4496 58.3333 58.5981 59.3122 61.852 58.5221 58.8822 63.3174 59.5041 59.1086 57.0216 56.5629 63.7834 56.1268 60.5487 57.4147 61.6879 59.5773 59.8822 61.5898 66.0711 63.8041 60.1046 61.9089 60.8706 64.0643 57.9975 63.088 57.7765 59.2057 62.4046 64.1872 60.3698 63.1014 58.9873 56.0941 61.2434 59.5733 59.4704 61.5874 
58.1342 58.5985 57.4892 59.2028 56.656 64.5969 60.776 59.3638 59.4898 60.8311 55.6189 59.7867 58.4069 58.9692 57.1495 58.1478 57.266 55.0851 63.2653 64.3127 59.9979 58.6259 57.3021 53.1638 62.1512 62.4132 61.6135 61.5443 62.0742 58.6651 57.8697 63.217 58.4131 58.5612 57.8888 61.8746 59.4158 62.3812 60.8093 60.6152 60.1964 64.2437 59.946 58.5373 52.6832 61.8944 64.8083 60.3656 60.0714 59.9189 61.1223 58.6374 60.6475 57.4122 63.302 67.1051 63.6584 61.3211 59.1849 60.3274 57.0887 60.2575 60.9633 58.2464 63.0181 58.5481 60.078 57.9728 63.8055 58.3802 55.4826 56.8997 59.4733 59.2789 59.7801 59.6741 55.6063 56.7736 64.1302 65.6353 58.1001 57.674 61.34 59.6516 59.3849 61.542 62.5178 63.3405 59.4228 57.0033 61.1757 60.6229 59.2454 61.6184 58.1528 61.0264 61.1551 61.7839 57.2236 60.6517 60.6412 58.6474 57.3748 59.5903 60.4543 57.4182 59.7178 58.6019 58.6972 61.842 61.4081 60.1572 60.5196 57.1868 60.1199 56.7806 62.9949 59.033 60.4774 60.6265 61.7107 59.4872 58.1767 60.1549 64.0494 66.6789 60.6963 60.7063 58.648 60.8114 57.65 59.5001 54.8534 62.2087 56.8278 55.6832 60.2773 58.4998 54.1555 58.3323 57.6129 60.7529 59.2678 59.2761 57.9143 59.9385 63.262 62.888 62.2163 59.6545 64.2163 59.8247 57.9177 58.2291 59.7411 61.9986 56.0463 56.8691 56.2683 59.2109 57.9185 58.8196 59.5654 54.3417 59.6032 56.8864 59.5696 66.0892 59.2757 60.235 61.8683 60.8 63.1703 62.1762 61.8073 63.5783 55.0057 59.1433 63.1828 63.503 58.102 60.6891 61.9696 56.7374 58.0868 57.5105 60.3962 58.2973 59.8938 58.5728 58.3617 58.6031 58.9079 56.2928 58.7447 56.8522 58.9727 58.0925 60.4098 57.4869 58.129 58.0055 62.8736 62.1073 59.9811 59.9789 61.1164 61.8451 60.0707 63.0197 59.6105 57.168 59.5002 57.2925 63.1317 58.5152 58.5976 61.6958 59.27 61.1242 59.7057 54.3698 62.0233 57.2124 59.4644 54.8725 59.4182 59.9766 58.6275 59.7438 63.8997 57.6991 57.8353 64.281 58.794 62.9479 55.9274 62.1967 57.2496 62.7079 60.3273 62.7947 61.7439 59.8798 58.568 60.0679 59.9648 59.8839 56.567 60.1215 
57.3213 58.703 57.4585 56.7442 57.145 62.9857 57.6729 59.2786 56.9933 57.9667 54.3814 59.6514 55.2973 58.783 55.7906 59.3998 58.0761 54.9253 60.6733 62.0686 60.1857 60.6442 55.2463 54.571 61.7814 61.1505 58.395 60.3593 56.4999 58.4323 55.7507 63.4679 57.8782 56.9099 53.6767 60.3837 58.3309 58.5869 58.7099 59.4157 58.399 60.9142 58.6569 57.9077 55.1299 59.8184 62.026 61.3805 57.929 56.628 58.3739 55.7867 58.5459 58.898 58.6206 67.1846 61.1475 59.8935 57.6292 56.8418 55.2567 58.2139 58.5503 59.9503 61.6601 58.4611 59.4499 57.4456 62.8411 55.6488 53.2629 57.0026 57.5358 58.8978 58.8944 59.1252 54.0709 54.0189 63.2284 64.4907 57.9266 55.2457 59.0541 58.5063 60.0455 59.1191 61.6073 61.1098 59.4017 54.211 59.6333 59.6758 56.9295 59.3898 56.5442 59.2725 59.6824 58.747 56.8581 59.7213 59.9157 56.5763 57.1934 56.2309 57.5761 57.6414 56.4443 58.8977 59.4871 58.4495 62.0015 57.6645 57.9058 57.3873 60.4183 55.7679 62.6473 57.3242 59.0305 60.1769 62.2967 58.7967 55.6486 57.6991 58.2959 64.4907 62.9118 59.7082 58.3529 59.2706 53.9346 59.9404 55.2959 59.3644 54.9438 57.9358 54.9473 58.3616 54.699 58.3189 59.26 56.4641 59.0428 56.8412 57.3496 58.8956 60.8461 62.0362 63.1771 59.1296 63.5215 56.5798 55.9381 59.1377 59.3793 61.0396 56.4371 55.9384 55.2609 58.3773 57.9481 56.7177 57.0333 55.8443 59.4716 55.1719 57.3526 66.0227 59.3626 56.53 59.49 56.7651 61.1121 59.7647 62.5434 57.6018 57.1937 58.2328 60.3737 59.8235 58.1665 58.1896 58.8676 59.0211 56.8149 53.9083 62.1877 57.7532 59.7788 60.2795 57.3592 59.5154 59.6511 56.3668 60.1988 55.3373 57.1655 55.4164 61.3044 53.5114 57.2178 60.2057 59.2293 57.2354 59.2231 58.612 56.8397 60.4862 57.9283 58.7986 57.1044 56.3922 58.3016 53.9879 60.3385 57.9717 57.635 59.492 60.9248 57.4238 57.8534 53.9431 60.2356 53.4784 57.7676 55.3113 58.4619 60.9465 58.4374 59.6534 62.2982 57.9319 56.1143 62.6944 58.2176 60.3316 58.1541 60.3189 56.3891 60.3582 58.5624 60.5321 58.7485 57.7582 55.9976 56.2376 58.7791 58.1384 59.6663 60.1887 
55.6991 58.056 57.9379 55.4799 55.0379 61.3342 56.2471 58.4418 57.8842 56.233 55.4826 57.3709 55.6743 58.0241 57.9031 57.4101 56.7685 50.2381 57.8133 61.0177 60.9764 57.0341 52.6389 54.6302 58.2548 59.5112 57.7369 58.4488 60.5018 56.706 58.0095 60.8076 56.0374 60.4671 55.2125 60.5126 59.4472 55.8118 57.8542 59.8066 56.9448 59.6879 58.2419 56.6895 54.0623 61.1797 60.3298 58.0766 60.0384 58.6013 58.0629 57.9113 60.1971 56.7489 59.2535 64.8138 58.5474 57.3671 58.5218 59.0483 55.4919 58.0062 57.9872 57.0232 63.1835 56.1159 60.3382 54.5847 61.266 54.7164 55.1889 57.9956 55.2419 59.0119 58.9833 57.847 53.0277 57.0771 62.4605 63.8875 55.1314 55.2051 57.9847 56.4037 58.4448 59.1749 57.0761 62.715 60.332 57.8848 57.6363 60.9656 58.1896 60.8964 56.5251 58.6307 57.9669 60.9177 55.1454 60.7373 56.1839 58.0694 58.7606 59.7592 58.4286 56.8386 56.2135 57.5364 56.8557 56.2225 58.0183 55.4705 58.584 56.742 60.8625 55.8649 58.9622 57.6715 57.0712 56.9883 57.9388 60.9182 56.8567 56.995 57.4512 64.5889 57.3949 60.0074 57.8633 59.4476 54.4352 57.0656 54.7604 56.9792 58.8345 57.1843 56.953 55.7235 54.2083 55.5796 55.2021 58.6982 56.5669 58.4749 59.3233 57.6915 61.302 61.5628 63.4153 58.9636 62.4812 55.4466 56.6778 56.5501 57.3741 59.7132 56.2967 54.6466 57.162 57.7617 58.613 53.1098 58.3927 56.9054 59.0128 54.4172 55.7367 65.4779 57.008 56.1095 59.8634 59.7855 62.0095 62.4631 60.85 60.5819 49.858 56.6186 62.8853 59.3959 59.1856 55.9702 60.565 54.6577 57.6942 55.3375 61.9282 57.8842 57.1885 62.3622 54.8964 57.9902 60.7894 55.7515 59.8699 52.8314 57.852 53.4513 59.422 53.2585 60.308 58.6573 59.5775 58.5315 57.3535 56.2284 57.021 60.9963 55.7914 59.5707 56.4389 55.5927 55.7346 55.8097 58.2721 54.1828 58.8962 58.1733 56.465 57.9497 58.4904 53.5779 57.9451 56.0118 60.2293 53.7051 58.6246 59.3061 56.7491 58.1304 63.5603 58.6602 55.8258 58.7894 59.3385 59.9848 55.1195 59.4657 55.3292 58.5129 58.8162 59.366 58.7324 58.3196 57.7087 57.1407 57.8173 58.2055 56.6711 56.6047 
62.7638 65.6152 64.337 62.182 58.2672 68.6598 61.7861 66.282 63.7629 63.7734 65.0274 66.2798 61.2858 63.2847 64.0901 62.1086 64.3936 57.4581 67.5086 67.8219 68.3614 63.9559 61.96 57.4316 64.4829 66.4391 66.1784 65.1188 64.2042 63.6184 64.1936 68.5593 62.8175 63.726 62.5554 64.0929 64.2147 63.5135 65.8901 66.3169 66.5601 69.0862 64.7815 64.4626 57.9043 65.9829 67.4556 65.7219 67.3577 63.4973 66.8055 61.7252 68.3889 62.2322 65.0534 73.1872 68.5068 66.047 64.8873 63.9396 61.8697 67.4951 66.0198 62.512 67.4801 62.6775 64.7342 64.1021 66.5187 60.4875 61.7072 63.4445 61.5432 63.7114 64.3168 65.3937 58.1585 62.4446 70.698 69.6298 61.1041 61.0655 65.6808 62.9411 64.6846 66.5901 66.2953 70.0857 68.3423 60.1752 66.0215 66.3296 62.7597 65.5984 63.4372 66.9633 65.8249 65.8565 61.7113 67.2522 67.0474 62.7283 63.1692 64.5533 65.9524 64.9115 65.0506 65.778 65.0358 65.6048 66.6304 63.7802 62.0923 62.4494 66.0664 63.785 66.3107 63.6089 66.9173 64.7504 65.8316 68.249 61.4949 67.8613 66.9511 69.2576 66.57 65.2053 64.9769 65.1561 60.7536 66.2003 58.5916 64.5803 64.2443 64.2105 64.5808 62.072 61.9279 63.8809 65.8264 67.0112 63.7744 64.8925 64.2119 62.9855 64.4858 68.6886 66.2076 64.3832 67.3803 62.6939 61.5609 62.7647 67.716 65.2373 63.7999 60.7543 61.1785 63.965 63.9263 62.3439 64.5837 61.7578 65.4672 62.2319 63.2173 73.681 65.9142 65.5212 68.5172 66.349 64.9677 68.7576 67.7161 66.1828 57.2004 62.726 68.8927 63.6813 64.5026 63.7145 63.6795 61.9808 63.6748 60.9267 67.4103 63.5192 65.9267 65.153 64.2088 65.5708 64.7778 64.9642 66.7637 61.468 63.207 58.8773 66.836 58.5807 67.0246 64.7517 67.4172 66.9006 65.3896 65.3934 62.331 66.8232 61.9333 66.2112 63.4164 63.626 62.7495 63.9965 64.6582 60.8058 65.3725 64.8469 65.6061 62.1944 65.4583 63.4862 65.8824 63.1031 65.8545 62.1636 63.3645 63.3999 63.6803 63.2971 69.617 65.2185 60.6605 68.7305 62.3864 67.7073 60.0275 69.1142 59.8525 65.6438 66.5222 66.2559 66.4579 62.4422 63.3331 61.8975 65.0718 63.5957 66.3696 62.8198 
61.868 62.1609 60.635 60.4004 60.4091 66.4408 58.5036 62.3896 60.8139 61.7332 59.9778 61.614 60.717 61.9568 60.1461 62.7097 60.2489 57.5135 62.0332 63.3933 62.736 60.0996 57.344 59.1255 64.1147 64.7415 66.0524 62.3794 60.5946 62.4947 59.5852 65.9813 60.1504 62.691 59.556 63.1158 64.4737 61.1458 61.4353 63.5774 60.4917 65.1425 64.5417 63.1931 57.9247 64.8983 64.1011 65.73 64.4806 60.2467 64.405 56.53 61.5543 61.0764 63.3246 69.817 64.3522 60.7486 60.7272 60.745 60.2596 64.2417 63.345 61.4678 63.5431 61.7754 59.3766 61.6153 66.4564 60.9955 57.5188 59.1057 61.4518 62.6069 61.443 61.5571 58.9273 59.0894 66.992 68.9201 60.2875 60.3195 61.656 61.6639 62.8213 64.2467 62.7738 63.7005 64.8187 59.481 61.3515 61.0169 59.4813 66.5143 62.1254 63.3199 60.5532 63.6178 59.1807 62.2931 63.6402 59.7887 61.5879 60.5909 62.175 64.2784 60.9592 62.0737 65.3081 60.9426 64.7961 60.2633 64.0218 61.6194 64.9825 58.8727 63.6352 61.0752 60.4613 65.1513 64.8358 60.4175 58.1382 64.5888 63.8283 66.8244 64.4089 65.8087 59.7959 63.0581 58.0826 64.3363 57.9441 63.9548 58.6207 61.3006 60.6025 58.938 55.7667 59.6865 62.7526 59.4892 63.3621 60.0883 60.7336 62.5592 66.726 63.8008 63.2527 57.9448 67.7767 59.76 57.3632 59.6414 61.896 64.9663 59.5811 58.2968 60.4996 60.3928 63.8224 61.5772 60.9062 63.2795 60.2018 58.2451 60.3497 69.5635 60.5375 61.2754 65.5663 60.4352 66.4827 68.8892 65.8349 61.7049 58.0054 62.0935 65.2938 61.5589 62.175 61.4087 65.8898 59.4117 62.3676 58.4499 62.7299 59.2767 64.1806 62.4285 59.9748 61.1339 61.2577 58.8418 65.3622 59.4521 58.553 60.0669 64.2702 60.658 61.1272 62.209 65.7352 65.6583 63.0471 59.8679 59.4996 63.4897 62.1105 67.2689 61.9702 62.2413 62.2002 61.7979 63.412 62.1552 63.0109 62.0715 58.9815 59.7419 62.1172 60.5914 66.8477 58.9379 63.0531 60.7334 61.1188 62.2576 61.0409 61.8985 63.0965 63.8187 59.1945 65.4767 61.6393 66.6623 60.2243 62.3426 60.4708 64.3243 62.2765 63.5539 62.891 62.0762 61.1631 58.3632 60.4926 60.8103 60.4935 61.8102 
63.2118 62.0399 59.9407 60.6736 58.1475 68.8099 60.9267 65.4162 62.7106 63.5363 59.5084 66.1019 63.9667 65.2224 64.7768 62.968 62.8087 59.3785 64.4442 67.6101 64.264 61.0343 57.8288 62.0847 66.8928 69.0089 64.8203 63.7571 64.2726 64.9678 61.0073 62.1838 62.6721 64.776 60.9905 63.8488 63.6902 63.066 63.7061 64.472 63.7461 67.3587 63.9137 63.6789 59.8378 66.8129 65.6427 64.9822 63.9447 65.1945 63.6792 61.5046 62.0933 59.9896 63.4556 72.0552 68.8354 66.4858 63.0234 62.1237 63.1846 67.1889 60.0191 64.0301 66.8485 63.2199 64.4838 63.2541 68.0975 65.0599 60.5396 62.9867 61.5635 64.3885 63.6918 67.3321 57.8211 62.3014 67.4938 68.9043 58.7573 63.0723 61.8064 63.8204 64.6121 64.8225 67.9321 69.1798 65.0171 62.4 65.3844 65.0678 59.2493 67.4128 63.0658 62.551 63.8203 66.2191 61.7795 63.9187 64.3938 61.3281 64.4673 61.899 63.896 62.0761 62.5333 61.3667 61.7747 63.209 64.9556 62.6962 64.5754 64.4002 65.0443 64.7556 64.91 63.0562 61.2398 65.8085 66.792 62.805 60.6451 64.8545 66.1912 68.6754 66.6091 65.9534 59.4181 63.6459 58.0763 67.016 59.2586 65.811 63.9733 64.0886 63.9111 60.412 59.1703 65.5675 64.794 65.5807 61.949 63.035 60.5738 62.4528 66.0253 64.2447 63.5715 61.6129 67.9097 65.1791 60.2256 60.4549 62.0048 66.0129 62.6915 61.4198 61.1629 61.9797 63.6078 63.0296 64.0221 63.0045 63.4653 61.6354 64.5125 70.7708 61.9282 62.6209 66.7002 65.7767 65.3658 68.3577 65.8152 67.5844 58.7052 61.5728 66.4358 64.271 65.0313 64.0183 66.0219 65.4011 61.3705 61.9273 68.9368 63.8137 66.5177 63.6862 60.4522 65.0361 63.6614 64.329 67.7142 64.1334 60.7142 59.569 66.4133 60.7151 63.3246 63.8261 65.3175 65.4004 64.5061 65.3442 62.4017 61.9775 61.8536 67.9165 60.115 61.985 62.92 65.0779 62.5238 61.1177 63.278 63.8896 62.375 60.5433 60.1773 62.7372 65.6418 59.6727 66.7443 57.728 64.7699 62.5943 63.4067 66.2102 67.007 65.6339 60.2984 65.049 63.2771 68.6606 59.871 65.6471 60.9231 65.6845 62.1267 68.28 61.5252 65.6859 63.6656 61.3884 64.5383 66.186 61.0952 65.6399 
60.7304 60.973 61.9897 58.935 58.7512 65.404 59.9497 61.5654 60.3436 62.8768 57.1675 60.2744 60.0197 61.9081 60.4993 60.5242 61.9704 55.2659 63.0851 65.6829 62.7227 59.2526 57.2285 57.6474 59.4934 64.9557 59.8395 62.6589 61.0119 60.295 58.2614 64.8894 59.4548 63.0643 55.8097 62.2379 61.3063 60.0092 59.9093 61.5419 59.2036 62.3494 59.0994 60.4225 53.9638 61.923 65.9767 63.3511 61.0951 60.3709 62.9511 57.0084 61.7167 61.2681 60.0402 67.9024 63.3275 63.6019 61.8782 61.1051 60.703 64.9673 59.5195 61.1518 65.0509 61.1901 61.6602 60.1103 63.0694 60.8915 58.1618 60.7008 58.6389 59.6069 63.1645 60.4353 56.8337 60.4489 64.7154 66.8001 57.1941 60.7488 61.5692 57.8916 61.7042 61.675 62.4725 62.7658 61.9376 57.8331 62.4152 64.1222 59.2553 63.3465 59.5985 61.5023 60.2185 63.0575 58.9011 62.506 61.9901 61.2483 60.8081 61.1935 63.1676 61.6694 59.9551 58.4556 60.9414 61.1819 63.6409 62.1731 62.6353 62.6206 60.6153 58.8175 62.1551 60.6013 61.8878 65.0175 62.2343 63.8188 58.0119 62.2394 64.059 65.3587 63.175 63.1793 59.7858 62.6359 59.9212 64.4439 55.8656 61.5978 58.0711 59.6001 60.3821 57.1481 56.6438 60.8674 59.8454 59.5026 60.7641 61.5826 61.1014 58.4476 63.5576 61.8548 64.9881 62.0546 66.2508 59.7747 57.3692 58.6433 60.0403 60.2488 60.5071 58.6588 56.7251 57.8654 59.73 59.84 58.2073 60.6105 58.7656 60.0959 59.7376 68.1955 60.3913 62.5689 62.69 62.0967 62.0625 63.8265 63.1739 61.2643 53.8596 61.51 64.1863 60.7659 61.9444 61.6532 62.8166 59.1455 59.818 59.2267 63.6354 57.8695 62.9871 62.2357 59.3445 60.3492 61.2424 61.1075 64.296 59.4702 59.0637 58.0721 62.9671 56.834 63.1962 61.1843 63.1542 63.1287 61.9198 62.4753 60.9231 63.8902 61.6954 62.7813 59.6587 61.7927 61.0036 59.2491 61.9312 57.8115 62.2463 63.0494 61.3936 59.5565 61.171 57.72 63.1646 59.7323 60.7706 60.0948 61.2268 61.814 63.1054 62.7213 63.8164 59.5748 59.5245 63.3482 61.559 62.5537 57.939 62.6474 60.0013 60.6605 62.5238 63.635 60.9581 60.1632 58.2849 58.8374 62.1081 59.8084 61.0548 62.8331 
62.2723 63.2151 61.5548 63.0442 56.8784 67.5253 60.8055 63.9572 61.1776 62.7707 57.6023 62.4764 63.5471 63.1105 62.1663 61.4895 65.9229 55.5485 64.1672 65.5131 64.7172 62.9365 58.2813 59.647 67.3081 65.1346 61.3047 61.8041 65.542 62.501 61.4039 66.3634 63.6505 60.6964 57.5076 64.2659 65.1237 62.4394 60.3873 63.5458 62.1548 67.4635 65.4295 62.693 57.7721 65.1418 66.1678 62.9457 63.6318 60.3094 65.4632 59.7909 66.4754 58.7313 64.9 70.4182 65.2838 64.1421 63.9386 62.601 58.7388 65.4944 64.4693 60.1138 65.8513 63.6314 61.204 61.1635 67.1032 62.1606 56.7509 63.6293 62.552 62.414 65.037 65.6289 59.6192 58.39 69.3456 67.8604 61.9678 61.4827 62.0329 64.7442 64.3897 65.6525 63.0101 68.8019 63.5967 61.0624 62.2961 62.7132 59.8599 61.6432 59.8527 62.5735 62.2361 65.7471 59.3716 61.3791 64.5044 62.0813 61.7991 63.1117 61.3593 64.0471 63.2851 60.2378 60.2293 62.0217 63.3699 62.7201 61.1469 64.5522 61.8915 63.4839 63.9686 61.4586 59.5874 61.368 64.2376 63.1876 61.9093 61.9444 66.2896 69.5546 66.4521 64.7021 59.6519 64.8033 60.2505 65.1497 57.479 64.9686 59.8472 61.3922 62.1711 60.9576 57.8987 62.9766 60.5527 60.3225 62.6268 63.804 58.8726 63.4966 64.9837 66.5728 66.8061 60.0838 67.6048 61.9994 60.4716 62.1394 64.1333 64.5476 60.0168 59.4105 61.2664 61.2955 65.3466 62.5928 61.5288 59.7029 61.817 59.4708 63.521 69.2207 61.1085 62.0518 66.1353 64.4359 65.6668 65.4232 65.7874 63.933 58.3466 62.1575 67.3411 64.4515 60.1632 62.6676 65.1029 62.6042 60.5332 60.5959 65.7737 61.2409 64.5304 64.1798 62.7508 64.0099 63.2465 62.4387 64.4502 62.435 57.9428 60.6769 67.1256 57.7014 61.4946 62.8432 64.1414 64.1161 61.639 64.3859 59.9533 65.0434 64.3991 64.364 60.1113 61.6396 62.3098 62.0204 62.2785 59.5324 64.4306 60.2058 62.0944 64.1032 63.3552 58.6231 63.7529 59.9516 65.4565 59.3001 62.3381 62.3571 62.6351 65.9039 68.2385 63.2629 59.8685 65.4429 64.7806 68.2831 60.0402 65.3991 58.0153 63.8195 64.742 64.8875 59.9534 64.8574 57.7245 59.5869 60.6914 64.1692 61.9064 64.5097 
64.1047 61.0901 62.8245 60.6227 56.4865 66.3142 60.2744 62.0248 61.7811 61.3341 57.6817 62.7873 60.1391 60.685 62.377 60.0774 59.9385 54.453 63.114 65.3044 66.7465 61.8841 57.798 55.763 62.1951 63.2727 64.0584 65.4384 65.1615 61.1296 59.3106 66.1449 61.6111 63.4875 61.0994 63.002 62.7106 63.3688 61.7033 65.8214 62.5977 66.8243 63.6901 62.038 57.4056 63.1471 63.6847 64.0896 65.1212 60.7887 64.9956 59.9957 64.1139 61.0228 63.6412 69.8705 67.3228 62.94 64.2634 63.7206 59.7419 66.4901 63.3794 60.9193 65.3008 64.0252 61.0253 60.4049 66.7999 59.3383 58.7985 61.6628 62.9955 63.4396 64.2551 63.5072 58.3311 61.5282 67.7558 68.0103 60.8759 59.0765 63.535 63.6056 62.4684 62.4489 64.3161 66.7703 61.6361 60.628 63.6386 62.6991 60.7626 62.5995 61.3477 65.2641 60.3283 62.5451 61.2356 63.9282 62.7238 62.0963 59.9932 63.679 62.414 63.9841 63.4846 61.1294 60.4136 61.0546 65.2494 60.7384 61.9464 61.5802 63.4899 63.7429 64.7076 62.7279 61.5598 64.0698 63.9681 62.2831 62.221 66.1574 64.0388 68.5297 64.6843 65.0613 61.8658 63.8715 59.0487 64.3861 57.4031 62.772 58.8155 59.4838 62.1942 60.1696 56.493 59.8089 60.7429 61.5395 60.1785 64.3057 62.8402 61.6749 64.3891 64.4115 66.0472 59.3175 67.2217 63.015 59.6232 61.4354 62.317 63.4585 60.3981 58.6923 60.0635 62.98 62.1778 62.428 64.0142 60.2134 59.6994 60.3011 63.9301 68.4482 61.6605 63.6021 65.8725 61.2905 65.2603 66.3007 63.6126 66.0302 57.2542 64.089 67.0875 64.2215 62.7825 61.6556 64.0026 59.3423 60.3919 60.9965 65.3698 60.7585 62.9797 61.7562 58.9724 62.2093 65.6819 61.6903 66.6431 57.3761 60.233 59.3026 62.5965 58.0597 63.884 63.9218 62.1083 66.1814 62.0685 61.0651 58.5715 63.6202 60.6676 64.431 60.4199 64.1453 63.8403 59.9059 63.4944 58.961 61.7358 64.6121 60.0519 61.7054 62.1545 61.7429 64.8967 60.2066 63.1186 58.0647 63.705 63.2004 62.1655 64.4745 64.953 62.8924 59.046 65.0984 60.8771 65.5553 59.6689 65.5639 60.3212 63.8613 62.8087 64.2454 64.366 63.8745 62.9228 57.9793 60.1915 60.769 62.2187 61.4153 
63.5271 62.399 63.7722 61.0657 58.9279 69.2024 60.8887 63.7096 62.9701 61.2034 60.9855 63.0112 61.6259 61.3781 62.4147 60.9741 62.9638 58.3547 63.4351 65.6517 65.7392 61.2375 59.2237 58.1569 64.717 68.4648 64.665 66.0488 63.4696 64.1587 61.9584 63.8539 60.1003 64.7417 62.6979 64.4028 67.0177 62.7895 64.555 64.4822 65.2071 67.4518 64.1987 63.1989 60.9847 65.1311 65.0623 67.5814 65.6941 63.3357 63.863 62.4953 65.1883 57.9807 66.8963 71.4564 64.6464 65.5034 63.5125 63.5952 62.7591 68.0198 63.4031 63.2621 68.207 62.6228 63.3384 61.6479 66.7506 61.8633 59.4445 61.6984 62.9281 64.2927 64.1476 63.7548 61.0391 63.5152 67.8162 70.3998 63.1911 61.6826 63.2849 62.3023 67.1833 65.3887 65.1665 66.7909 63.888 59.8036 63.3448 64.0319 60.923 64.4439 62.0589 65.209 61.8265 63.6961 60.0073 65.001 63.7378 63.9907 63.9425 62.2845 64.8285 64.3209 64.2296 61.7677 61.5521 62.3657 68.4055 63.083 65.2313 63.1651 64.9309 62.8191 63.3512 64.2848 63.4742 65.7519 66.7004 66.2021 63.1125 64.4456 65.4058 67.7183 65.1842 63.3857 64.8116 66.4899 60.5447 63.5282 58.4281 64.5658 62.9568 62.1975 62.7946 60.8626 59.7952 62.841 63.4557 64.8561 63.8274 64.0932 61.7199 62.378 66.5441 65.5245 68.8648 60.6163 68.9965 61.5511 60.8185 63.9725 67.581 65.805 61.2343 59.2276 61.1268 63.6349 61.2179 62.3081 62.6852 63.4024 60.714 60.637 64.208 68.6739 62.4019 65.5265 66.3525 63.9877 64.0279 69.7462 66.2334 62.1908 56.6668 65.1656 67.2587 64.1881 60.5238 62.9181 66.8848 59.8358 62.2085 60.3128 68.123 60.3122 64.5528 64.3148 61.454 62.7549 66.0861 60.9939 65.2906 59.8453 63.7495 59.9691 65.5907 59.4919 62.6411 64.1612 65.2636 67.7656 64.4084 61.3039 61.648 65.534 63.3157 65.0314 61.8103 64.0888 62.7866 61.8955 63.0966 61.9927 66.084 64.7114 63.2079 64.8928 61.1013 64.7586 62.4426 61.4581 65.4368 59.0631 62.8502 63.993 62.3744 65.8519 65.5585 63.7495 59.2442 66.5417 62.9045 64.9371 61.824 67.2136 59.2702 61.308 65.097 63.8107 62.7878 62.9315 62.8228 60.6137 60.6784 60.7745 62.1482 63.5953 
63.2092 64.8786 64.8561 60.1282 57.171 65.9407 60.987 63.0324 63.1102 65.5431 60.3155 62.3042 60.2984 64.2157 63.9377 62.1619 62.9655 58.4385 66.3876 65.1394 66.5023 62.0141 61.6699 56.8674 65.9181 66.3271 64.2952 64.0977 64.9195 63.5254 60.8432 66.8967 63.9565 65.5238 62.1878 64.0513 66.6294 62.7424 63.9535 62.5437 63.2722 67.1999 65.0007 63.4832 60.0565 66.2076 68.1364 68.2045 65.5904 65.8091 65.9518 58.3639 66.7337 60.9564 64.2716 70.1342 64.8468 64.9214 63.0604 65.3379 64.3364 66.4159 62.2209 62.4926 66.73 65.6895 64.3897 62.799 66.3372 61.5207 60.5949 62.3275 61.4762 62.9724 65.9392 63.1388 58.1189 61.1349 67.8149 71.1852 62.6292 61.1108 64.4576 59.2213 66.2067 67.1706 66.2845 67.5612 63.3797 60.912 64.9373 63.6859 60.7601 65.4388 61.1974 64.0584 63.677 65.8357 61.2439 64.5429 64.3531 63.443 62.5595 63.5243 64.5252 65.1197 61.7372 64.744 63.6122 65.4105 67.7934 62.0192 60.9777 64.1001 65.8646 61.1237 64.8337 64.1764 62.3288 65.7528 65.7179 65.0756 63.1384 62.9649 65.3528 69.7893 65.3725 65.8251 59.5534 63.2274 60.5057 66.4546 59.3675 64.0464 61.65 62.8467 60.9443 59.6574 61.6459 63.785 62.1199 64.3484 62.8914 61.0348 63.0361 63.3896 64.5499 65.5564 68.087 61.4163 66.7081 60.578 62.7761 60.5572 65.6378 64.5711 60.151 57.0209 64.2264 60.2986 62.4874 63.1996 63.4452 60.3072 64.1348 58.9346 63.0243 70.1505 63.3848 66.4062 65.7443 64.5577 64.3846 68.2069 65.9582 64.6324 57.6079 65.0275 68.4712 63.6081 63.5889 61.5296 65.923 61.9682 61.8176 61.4285 66.7182 63.0928 66.097 63.8475 63.2212 64.8568 62.6204 62.7835 63.876 61.2583 60.0894 59.5576 67.3713 60.169 63.9103 64.2403 65.6509 63.3173 65.7877 63.749 61.8992 65.8145 62.0299 65.5379 63.9173 62.2426 62.5895 63.6019 64.1148 60.3192 63.7755 63.4637 64.2071 63.3583 64.2775 59.798 64.4904 62.5601 66.3114 58.1662 64.7446 61.4263 65.4499 62.1525 69.4507 65.2703 61.857 69.7568 63.3143 67.5858 59.1229 66.0866 60.803 64.8565 62.9293 64.7717 63.417 62.1526 59.2133 61.4766 63.403 62.3425 63.7944 66.2669 
59.6301 59.4239 60.2642 56.3827 56.3803 65.4795 58.9237 60.457 62.795 59.6901 56.5232 58.6632 56.2868 61.1973 58.1479 58.3352 61.3689 54.9465 60.6569 62.7469 63.7712 57.1218 56.8015 56.0831 62.1267 64.4641 59.1157 59.863 60.1977 60.1191 59.656 62.6168 57.5109 61.5855 55.8251 60.7458 59.7291 58.2926 60.6113 60.2674 59.703 63.15 60.911 59.7109 55.6292 63.2871 63.4553 60.312 63.3163 58.3535 62.8681 58.0349 61.4476 56.4169 59.457 66.9639 62.4275 60.9371 57.8868 59.1066 58.8111 64.4005 61.391 58.9124 63.3076 59.2866 62.6914 58.3441 63.1708 58.7867 56.7316 60.1283 57.0423 60.5574 63.8293 62.5642 55.3702 59.8733 65.5645 66.0184 59.5244 59.0154 61.4221 60.7525 60.7324 62.3628 63.36 65.4707 62.2797 58.3586 60.8767 62.5224 59.3497 61.5991 57.1016 60.6944 58.6852 60.9684 55.3247 59.6619 58.3226 57.3541 60.574 61.693 59.452 60.5258 59.7245 60.4016 59.9639 60.1791 64.0777 60.2414 59.9975 61.0029 59.4957 60.0606 61.5112 58.7922 59.7075 61.4498 60.7064 62.9029 59.4859 59.7076 60.2366 63.4348 64.3619 62.7917 58.516 64.2315 56.8096 60.1816 56.097 62.1693 59.4559 58.8926 59.6816 57.9054 57.9351 59.0354 59.4955 60.3462 59.1849 59.3266 58.0332 59.3112 60.4207 61.0398 62.2576 59.3255 63.2831 58.4182 59.5479 59.2163 61.7813 60.7378 56.1842 57.4741 58.1733 58.861 58.7244 59.0712 59.9119 58.1189 61.4727 57.1953 59.4273 66.3959 58.0242 61.5297 63.5407 60.0705 65.21 64.7955 62.8885 63.676 53.7446 59.4342 65.129 61.4464 62.0215 61.6361 62.8485 57.5255 59.8397 55.6914 64.1149 58.0425 62.6396 60.8764 59.1074 59.342 61.32 58.2015 63.9688 58.7253 58.6841 55.5648 61.3902 57.7893 60.5798 59.3958 60.6522 63.113 60.3231 60.3607 59.1273 59.8689 62.9642 62.3939 57.3613 57.1062 61.0313 57.4476 61.0253 57.3587 62.4913 62.2347 59.3477 59.1609 59.6871 55.4425 60.5257 58.9299 62.9479 56.4817 61.2199 59.3016 59.438 61.0831 64.9844 60.1296 57.1749 64.617 59.7584 64.6256 57.5112 63.2812 57.0756 59.9404 60.644 60.9259 61.3967 57.5584 55.5664 60.7345 59.6383 60.6103 58.7656 61.1277 
59.7035 58.735 58.4499 58.6772 55.2525 66.9924 58.981 60.635 57.5734 57.8965 55.634 59.2796 56.4319 60.8721 61.4055 57.4847 60.121 56.795 62.1598 62.9738 60.5217 59.917 56.9724 57.1678 63.1281 65.6886 62.7031 61.3232 60.8174 61.657 59.221 63.9944 60.9537 58.9415 57.877 61.427 58.845 61.1528 60.6213 59.2788 59.6402 60.9724 60.3632 60.0756 54.4013 61.1052 64.9824 62.9731 62.7625 60.0914 61.7465 56.0444 61.9649 60.7242 59.531 68.336 63.6045 64.1572 58.5847 60.1814 58.5373 62.072 60.7215 60.1944 63.9438 59.6948 59.0997 58.547 64.8406 60.0454 56.4765 60.3302 57.7019 58.7001 61.9528 59.2981 55.4637 59.5741 62.9355 64.7125 56.259 59.5968 60.949 58.201 60.7402 61.6175 60.459 61.7552 60.828 57.4133 61.049 62.9272 57.4095 63.0958 61.2677 62.1672 60.5186 60.0111 54.849 59.9789 58.2041 59.1818 59.6907 60.2282 61.7814 62.454 60.1227 58.4838 59.8439 61.5069 63.7455 59.4478 59.2343 60.6332 60.5175 57.0893 61.7087 61.2277 61.2182 61.2797 63.5056 60.3128 58.7252 61.3901 62.3941 64.7977 63.0924 59.569 60.1159 63.6066 56.2519 63.1377 57.6012 60.5365 57.5672 60.0938 59.8073 57.5523 56.0041 58.9752 60.073 61.6643 61.9405 59.6326 59.3051 60.3246 63.1441 63.5796 65.2033 59.174 64.3452 59.2668 57.0838 57.7427 61.9893 61.816 58.2187 58.6612 56.8527 58.1595 58.8735 58.398 59.7874 59.3486 60.9799 58.3063 59.3105 68.263 61.7491 59.2322 60.5264 62.6475 62.392 62.9312 61.9851 59.8027 56.6212 60.398 62.4237 60.2265 61.6811 58.2558 63.6972 58.9847 59.7102 56.755 61.9057 58.5003 65.7234 60.7941 59.0132 61.8606 59.7099 59.6674 64.3342 57.9397 59.3098 58.669 62.1544 56.6904 61.2165 61.1551 60.2656 63.4748 59.743 62.154 62.0326 63.6626 58.8956 62.7564 58.6649 58.6395 59.6337 58.8783 63.1673 60.1269 59.7962 59.236 60.9973 60.466 60.5142 54.9337 61.1646 58.5037 60.3587 57.9824 59.764 61.9246 60.0907 62.2254 64.3815 59.5246 56.3144 61.7103 60.0307 62.1854 58.2967 60.5142 59.9537 61.3605 62.2076 64.0763 59.2253 61.3931 57.2292 57.0293 62.225 60.8543 61.897 59.3105 
58.4374 59.5305 59.6564 54.7285 54.7397 63.9523 58.4775 56.3879 59.9029 59.5415 56.2683 59.7315 54.279 58.5133 58.1903 58.4748 56.8971 51.0011 61.1869 63.4352 59.2951 56.8558 55.278 52.0462 59.268 61.2633 60.777 59.7845 62.6617 60.6607 59.3198 60.3754 56.4333 59.2169 57.9306 57.2821 60.042 59.2794 57.6118 59.5881 56.3909 65.1933 61.4456 60.5977 53.2516 60.8244 62.3424 60.8746 62.5857 56.9881 60.0073 57.8626 58.6613 55.3161 58.6266 65.3179 59.3968 61.3223 60.3867 58.4072 56.1592 63.4403 58.5137 56.832 61.4158 58.8198 57.8133 60.0013 59.2083 56.6456 55.159 57.5843 57.9452 59.4797 61.9163 60.2823 54.9482 55.9597 66.3617 65.4147 59.673 58.3226 62.4474 56.9453 61.7101 57.5265 60.014 62.8289 60.5866 56.8251 61.8359 61.5583 56.7221 62.6541 59.8217 62.0391 58.6097 62.6275 58.1078 58.8961 57.944 57.3688 57.0863 58.1177 58.2892 59.1245 60.2048 58.3499 58.697 59.3276 60.5263 56.5334 59.6856 59.4882 59.3441 58.9277 62.6615 57.5754 60.9786 59.3174 62.3925 61.6011 59.0816 60.4371 58.4893 64.3889 62.0002 59.4817 57.5049 61.2676 54.2884 61.7415 58.0476 62.0264 54.538 58.1007 60.9056 57.2684 54.0414 57.3352 59.3332 58.1056 58.6966 58.9122 56.9864 59.4414 58.8865 61.2637 62.6216 56.8628 64.5378 59.3281 57.6894 58.081 60.0541 59.8656 59.9265 54.7304 56.9362 57.2098 60.3523 57.5047 58.3209 57.2699 57.5045 58.0637 59.143 67.142 59.3431 62.3293 61.954 59.5207 61.6388 61.9373 61.5708 61.42 54.5422 57.8797 63.5841 59.8662 58.887 59.8589 61.8936 57.1415 58.9637 58.3622 62.2347 56.8629 57.7815 57.9795 57.6426 58.661 58.4215 57.3331 60.7952 57.571 56.6809 55.123 62.1205 57.8339 59.4337 60.4515 61.7877 63.2353 61.5923 58.3456 58.0015 61.1884 59.9532 61.5885 56.5603 61.7285 57.9882 57.567 60.6966 56.2155 58.9497 59.5897 59.1801 59.1374 59.0308 55.8968 61.3317 57.418 58.9082 56.7743 59.0924 59.1004 56.9711 58.0155 60.2884 59.0335 56.4437 62.3541 58.6961 61.122 55.8745 61.3677 56.3548 60.2344 56.586 56.6314 59.2319 58.9345 54.3539 59.0299 58.2312 60.5717 59.8173 59.3223 
65.5722 66.3022 62.0613 60.8468 59.3312 68.1773 62.6406 65.5716 64.579 66.9075 59.8319 65.4562 60.2318 65.2647 66.3354 63.1235 64.6363 62.5629 67.1612 69.6865 67.9474 64.5479 61.8989 59.9851 67.6069 70.3761 67.9175 66.8856 66.3101 63.3903 63.6709 67.1108 64.1817 66.2109 63.8023 64.7198 65.0843 65.1904 64.6581 66.3104 61.6211 70.6289 67.3221 66.477 59.3771 67.359 68.6851 65.8208 67.9215 65.7424 66.537 61.9869 66.1124 62.0411 67.1555 73.2723 69.0592 68.2928 64.3842 64.2859 65.0385 67.9898 64.7965 64.2358 69.8607 66.1845 65.6462 62.072 66.9034 63.2507 62.8363 61.7496 62.0136 65.4495 67.0291 65.4036 61.8275 62.4931 70.1052 71.5629 59.4278 61.6403 67.855 65.5885 66.2013 66.6299 66.4502 69.3103 64.7069 63.8135 66.5535 67.132 62.7195 68.7292 64.8428 66.6647 62.5499 66.0157 64.7719 66.9934 62.8828 65.9798 64.7943 65.7314 66.9565 66.6591 65.0312 63.0128 64.7037 64.6874 68.3506 61.9968 66.172 64.998 67.5972 62.264 69.0115 63.7007 64.3876 66.5603 70.2952 65.8019 63.3933 63.6875 65.5342 71.6554 67.132 66.487 64.6678 68.7261 61.5623 68.7028 59.0088 66.202 62.2972 63.5416 65.3576 64.409 60.1834 63.3091 64.9146 63.5852 65.2976 64.8504 63.8305 65.1788 68.6855 69.5559 68.8812 63.1954 69.3851 63.5356 61.193 63.9122 65.8961 67.0452 63.9985 59.6528 62.206 63.7157 64.7974 66.7612 64.3351 61.4294 60.7926 64.8314 64.9381 70.248 63.9918 67.3829 68.5311 67.3633 67.9693 68.4634 66.5891 65.7069 60.9344 66.8547 66.1837 65.4698 63.8823 64.3001 68.0682 61.8933 63.8744 61.0108 68.4074 63.7683 66.329 65.6895 63.86 64.9586 66.2227 61.1391 69.6748 62.9241 65.4012 61.9856 67.7189 63.179 65.6496 65.4353 68.4018 67.8521 67.7621 65.068 62.8594 68.2847 62.9447 68.3678 65.001 63.4367 66.6974 64.6951 68.8024 62.116 65.0706 66.3259 65.9248 63.0521 63.5028 63.48 64.1358 64.2548 66.4963 59.9391 63.06 65.9028 64.843 65.9812 67.2901 63.6243 60.0832 67.4038 63.898 68.2552 64.3029 66.1781 62.7995 65.9587 67.1149 65.3025 64.8268 64.1817 63.0981 62.2737 62.6504 66.8153 66.1244 62.5595 
64.9227 62.6082 61.1734 58.2006 57.2804 65.4448 60.2186 62.6488 61.6138 61.6367 57.2609 63.3327 61.0378 62.7532 59.5836 62.3142 61.043 57.7775 64.2564 62.1077 63.6802 61.5025 58.5016 57.5605 63.7857 63.6733 63.1743 65.4073 65.3838 63.375 60.5659 64.7162 61.4262 62.2743 62.5186 64.3883 64.1567 61.16 62.7934 60.8476 62.1518 67.8182 60.2367 60.3543 56.4974 66.9495 66.1545 64.4356 64.4233 60.8529 64.1459 60.2285 64.4676 59.3983 62.5638 71.0083 63.693 62.4331 63.0921 63.1665 61.0897 63.2281 62.8205 61.2387 65.6021 61.8699 62.5853 62.0589 67.3772 60.2851 57.6129 60.9749 59.7319 66.1145 60.4539 63.8428 58.0881 62.3733 68.0265 67.7877 59.0812 61.4425 62.3019 61.6545 62.95 62.3469 63.5939 64.1752 62.7509 61.1705 65.5232 62.4203 61.831 64.8541 61.9778 64.47 62.7767 63.0101 57.2036 63.5173 61.998 62.2875 63.9488 62.0401 64.6589 62.7189 65.1519 60.5671 63.0697 62.3812 67.3697 60.262 64.6508 62.6784 64.2519 63.711 66.1165 63.7991 62.3728 64.9663 65.8914 61.6218 58.5285 64.3155 64.1937 67.9847 64.6558 64.7445 59.2648 61.1229 59.2448 60.3103 57.4931 61.9979 59.6256 60.8819 60.9654 63.2128 55.7558 58.2365 60.7792 64.1814 63.8503 62.3745 59.922 61.8429 64.5243 66.5873 66.7444 61.5618 66.8809 60.5034 57.3384 59.4907 65.2205 65.448 59.145 59.7213 60.8646 61.2148 61.2794 60.8421 63.9401 62.7766 61.7641 59.6099 63.2008 70.6484 59.9302 62.5234 66.9789 60.6053 64.4648 67.5927 63.6871 64.4656 58.044 64.5937 66.633 60.8189 60.8988 60.3818 65.8692 59.3809 62.5206 58.4575 65.9748 60.6934 62.2419 61.6454 61.6921 60.3202 64.494 60.3483 65.5832 59.1396 60.4515 59.5889 65.629 60.1641 63.1702 60.972 68.2815 64.1125 61.638 61.7612 62.7961 63.9173 62.7092 66.4983 63.2695 61.0981 62.8241 59.8289 63.882 60.0281 62.0748 63.2224 61.2864 61.3558 62.6649 60.6174 63.364 59.2038 63.8339 60.0483 63.2444 60.816 60.5742 62.5315 64.5294 61.4101 58.1959 65.2329 63.4946 63.8646 59.6562 62.5511 59.1366 63.4709 61.0812 62.5224 62.9366 62.02 60.3575 59.1757 59.5572 62.6571 62.2338 63.6404 
64.832 66.8546 63.6276 62.4931 60.7083 69.9458 60.8426 63.9586 61.7503 62.9224 60.8313 64.8526 61.8237 64.9754 66.1335 62.6399 64.9423 57.4287 64.9919 68.1233 64.8319 61.4726 61.582 58.6288 65.9723 69.4044 65.9479 63.3073 63.6617 65.1331 63.0907 64.2549 66.5105 65.0061 61.1845 66.5452 67.3233 64.4189 63.6623 64.7874 68.7547 68.9921 66.5892 64.4211 61.8088 67.8248 67.0569 67.2476 66.7152 61.8586 65.5886 62.1101 65.273 63.7162 64.0361 71.3139 66.2622 65.2025 64.007 65.4011 60.2958 66.9683 66.607 63.7074 67.1375 64.8421 66.1631 63.3372 64.7688 62.9558 62.263 63.9827 62.2099 64.6382 65.7654 66.2279 56.9787 62.9587 70.032 71.0892 63.706 63.2998 63.9864 64.6775 66.7081 67.0602 66.3469 68.9639 65.5501 61.7453 65.7526 65.6887 62.6429 66.8977 63.3779 67.452 64.918 67.4886 62.6775 65.1548 64.4275 62.5872 63.6798 63.9527 65.9296 66.4195 64.3115 60.3845 62.48 64.6408 68.5395 61.9835 62.3462 66.4972 65.4131 62.3582 69.1017 62.5525 64.188 66.9546 65.9691 63.6021 61.5045 64.8361 66.3588 69.5768 66.1244 65.1173 61.8348 65.0142 57.9395 63.8977 61.1598 64.4534 63.7432 62.319 62.6129 63.0176 60.1463 63.8156 65.8109 64.1719 62.5313 64.4431 67.0052 61.9415 65.9884 66.4685 67.4423 63.3752 69.3212 62.3227 64.118 60.4924 65.1584 67.9524 64.981 61.2079 59.891 63.0252 62.1527 64.1285 66.182 62.3999 61.8745 61.4561 63.7384 71.7391 63.8937 64.9974 66.0092 66.6014 65.5214 66.9958 66.8923 66.0235 59.3141 64.8966 71.3519 65.4236 65.1707 63.6596 65.5203 64.3564 63.0308 61.8537 69.0705 63.0741 65.3847 64.5529 65.4792 64.6357 64.5497 64.7154 66.7035 61.5198 62.2707 58.7088 67.9624 62.5348 68.5163 66.0218 65.6902 67.361 65.0159 62.6274 63.5537 68.2214 63.4244 66.5767 64.3976 63.5367 62.3308 63.7078 65.1385 64.2287 60.1374 64.8917 65.4983 62.715 65.6428 60.9508 66.2583 61.7514 64.5446 59.3945 63.8251 63.3312 63.7381 66.5118 69.5722 63.9637 62.1302 68.2439 63.9585 67.7341 62.8206 67.0306 60.0448 67.1402 64.1947 67.3489 65.0241 65.6153 61.0867 61.7746 64.1927 64.7542 65.1189 61.8138 
63.4657 65.323 64.1964 61.3413 62.5194 71.8854 63.3007 65.7145 64.4137 64.1671 59.311 67.2788 63.0767 68.4574 62.3124 64.2634 63.9401 60.4697 67.2148 69.1192 65.6772 66.5804 58.9586 60.6277 66.7896 70.2089 70.5537 65.4834 67.6551 66.9171 63.6915 69.791 62.3778 64.1979 61.8128 64.9296 64.4426 66.9656 64.2616 64.9171 66.055 67.7475 62.7098 64.4249 57.7193 65.475 68.8068 65.4988 67.6472 65.5796 64.4043 62.25 67.3449 62.3392 64.8691 72.6673 69.2409 67.9423 66.7292 65.3422 66.1072 66.8127 66.1606 63.9908 69.0589 64.3632 65.9354 61.4637 68.5195 62.8107 62.1935 61.7387 64.6513 64.1051 67.6925 66.3248 60.0189 59.778 69.0814 71.0094 61.1573 64.5078 65.3962 63.6427 67.5354 65.573 69.2546 70.1158 67.8764 61.5564 63.7015 65.3211 60.9168 68.1688 61.885 64.481 62.995 64.9357 63.8349 65.9978 65.2146 62.7104 64.356 64.0762 66.3658 64.8547 64.1658 63.1254 64.0456 65.7427 67.834 64.1917 64.6236 62.7154 65.4188 62.3552 66.9639 66.516 65.1586 65.4962 67.3012 64.9565 64.1264 64.6826 68.6553 70.0869 69.9773 68.2294 65.2187 67.8354 61.8462 67.6765 59.9593 65.5938 61.6631 62.3591 66.551 63.4719 61.4507 65.6197 63.5173 63.9071 64.2947 65.5211 64.4702 65.9616 68.1089 65.9523 68.6033 65.2569 71.103 64.4726 63.1946 64.3121 64.8913 67.303 61.9748 60.0295 63.4887 61.6375 62.4426 62.592 65.3478 59.9595 63.0225 59.4982 63.7985 72.1845 64.5348 65.6511 67.6465 65.1466 68.4726 66.2674 67.1851 65.8171 59.5217 65.1131 67.1646 64.3995 64.2019 67.5973 67.5249 60.5179 65.5611 59.6256 66.8998 60.654 64.7916 65.4969 62.9259 62.7353 65.7888 62.3982 69.9173 60.1662 63.8733 61.9712 66.0727 62.4039 64.8689 64.4247 65.8256 68.2703 66.6616 65.0328 64.0419 65.0704 62.5931 67.011 62.4667 64.8789 63.2533 61.389 66.2477 61.1086 64.3566 65.8289 66.2663 64.5178 64.7847 61.9615 66.2937 60.491 66.5427 59.7142 63.3887 64.814 64.3938 68.8776 70.1421 66.7097 62.2626 69.4722 63.2325 66.794 61.3968 65.188 62.7903 64.0415 66.5465 66.6899 66.6674 64.7584 61.7045 64.7115 64.1852 65.8147 63.3931 64.2063 
62.0097 61.0178 62.0137 60.5072 59.1226 69.9704 61.7924 63.8854 61.2088 60.1163 59.1281 65.7196 61.9341 62.8112 64.604 62.0942 61.4685 59.1395 66.4681 68.8328 64.4136 64.9251 60.5346 61.7865 63.3845 67.0723 65.985 66.0041 64.3476 64.9673 62.8072 64.3545 60.001 64.3774 60.4984 62.8409 65.4871 63.2023 62.1045 63.4192 62.3118 64.9453 63.144 64.7127 59.4761 66.7563 66.0435 65.7493 66.319 64.4235 66.9089 62.2191 64.1545 62.0509 62.8986 72.1702 65.645 65.0237 63.1709 62.4464 62.1942 68.7952 61.8201 63.3468 65.3032 61.8669 62.5454 63.3731 66.7562 61.8968 60.2971 62.5946 60.852 63.0414 64.2431 62.6196 61.2459 59.3287 70.0429 69.7109 59.849 64.013 64.6022 61.5968 66.3419 63.3902 62.4973 65.232 67.1428 58.5866 64.1214 64.305 61.2913 65.5005 62.2536 67.1109 63.91 64.1975 60.1907 64.4068 65.1904 60.3319 63.766 63.2908 63.5021 62.8615 63.8223 62.5196 65.2328 64.7264 65.6369 62.0284 65.1556 62.9685 66.1401 63.906 64.0236 62.2794 64.2803 63.6998 66.7654 63.7455 59.4036 63.6101 65.2987 70.4491 64.2577 64.2189 63.9606 63.1583 60.7812 67.3133 58.7899 65.8065 61.6008 61.4955 62.7442 60.6056 60.9002 62.5192 62.8918 62.4017 62.8651 62.1239 62.2231 63.4816 64.6385 68.2932 67.0734 63.0967 65.9807 61.7489 62.308 63.4247 62.5046 65.3754 59.8839 58.2832 61.0108 63.2757 64.6361 61.1162 64.1694 63.7682 62.0515 64.1597 61.0013 71.2648 62.1198 63.3369 66.1682 65.645 68.7679 67.4498 65.9393 65.0614 58.5198 63.8725 66.2259 63.1109 61.4874 63.5915 64.9871 59.9944 63.1242 60.5444 67.169 61.4318 63.6229 66.5325 59.6709 62.4841 64.0755 59.1531 66.2165 60.7822 61.8079 60.9706 64.7417 59.5401 66.7114 64.7983 62.0078 67.8279 64.637 61.7683 61.2183 66.3718 62.4131 66.4526 59.1266 62.4054 60.0871 61.6468 63.0226 58.8017 65.3535 62.5822 63.7926 63.3811 63.3051 61.6376 65.6477 60.5174 61.8712 59.1917 64.4852 63.9298 64.3712 66.118 69.2565 64.091 60.5219 63.8271 65.0738 66.9892 61.0312 66.0209 60.4319 62.4178 65.1238 62.6191 61.8609 66.5941 62.6611 60.7965 63.7135 64.6241 62.0611 62.0476 
64.7066 66.872 67.9951 64.4474 63.1361 71.4601 63.481 67.7283 64.1946 64.8908 63.0471 66.43 65.2809 66.3312 67.3993 64.6396 63.8211 60.4723 66.839 68.5495 66.956 64.9316 61.4036 59.5145 68.2063 71.862 67.7894 66.6937 65.8349 65.5647 64.0355 67.0526 62.0361 68.9883 62.5416 66.4513 65.6016 65.123 66.504 63.506 64.6835 71.4795 68.2696 64.2657 59.5162 66.0406 69.0403 69.0099 68.2208 68.0138 68.521 61.5046 66.8265 63.4515 64.983 72.7852 68.602 68.172 65.8541 66.9963 66.1953 69.1531 66.0913 64.0171 67.3928 66.2279 66.2217 62.6863 70.0881 65.4517 60.1612 65.5618 63.1415 66.8454 67.7285 65.4823 61.9358 64.8675 69.4846 71.6968 64.6014 65.5165 67.1668 64.4527 66.8778 65.7513 68.9803 70.6918 67.4082 63.3565 66.7928 68.115 62.8922 69.4521 62.7503 67.1319 65.507 66.651 63.8991 66.5921 64.6831 66.4856 66.7044 66.4152 67.764 67.3904 63.0341 64.188 62.8202 66.1652 68.5389 65.7266 65.012 64.6766 69.8552 62.1686 67.0478 64.4189 63.8628 65.854 67.6815 66.6784 63.9406 67.652 68.0211 71.2847 69.1049 67.6983 64.8854 67.8994 62.6828 66.975 63.3899 67.608 63.0493 64.6535 65.6883 63.1698 60.5642 66.1322 63.5618 66.9491 65.3718 66.4791 63.4786 65.5895 69.2852 69.365 71.1114 62.4617 70.0731 66.6908 62.2682 61.9057 67.1028 67.2523 63.1647 63.0016 65.0351 64.3994 65.1594 65.9833 64.4671 64.9803 63.2469 62.2326 65.0234 71.0918 66.853 64.7735 67.5507 67.4313 66.8978 67.9863 67.5952 67.295 62.0588 67.5874 70.7425 67.1449 66.1395 68.6601 68.085 63.2276 66.2259 63.0222 66.92 62.267 67.7145 67.1412 65.3689 64.3429 66.5879 64.8988 68.2092 65.0281 63.9047 65.069 67.1544 62.8355 66.2857 64.4463 66.3697 67.6442 64.9277 66.7946 64.5442 66.3194 64.811 69.941 65.6414 65.658 65.2359 65.061 67.5786 63.3899 65.2082 66.9999 65.644 67.2364 66.7427 64.0157 68.8507 63.9099 68.0729 63.337 66.2903 65.0255 64.8524 65.9088 69.7737 66.6454 63.6886 71.4034 66.1595 70.7398 63.7052 67.3871 63.6141 66.8544 65.4999 70.7188 65.6676 67.7847 62.9339 64.834 65.0697 63.0955 64.6598 66.4435 
60.7983 60.7929 62.1766 60.4549 58.0312 65.3781 61.833 63.9596 59.0708 61.716 58.8119 62.2864 59.815 60.401 61.4587 60.3179 61.8182 57.591 65.3246 67.1839 65.0983 63.15 58.2523 59.6171 65.125 64.825 61.6061 64.4903 62.1984 60.6326 58.3066 66.4568 60.3763 61.963 57.9367 61.9918 61.1557 60.8851 61.5407 62.3755 59.2167 66.0011 62.0943 59.7341 56.5512 64.7796 64.2393 61.7935 62.7156 61.8638 64.7894 59.8787 61.8827 60.5055 61.3604 71.594 65.1229 63.588 63.3945 61.4267 61.8119 65.75 61.1521 59.6026 62.0355 62.2191 63.1657 59.7142 66.0789 63.4766 58.9185 60.2699 57.2011 63.7783 62.356 62.043 57.2945 59.6849 67.1583 68.4155 59.5338 58.7396 62.1375 63.1355 63.2319 66.0124 62.9945 66.6907 63.9699 59.4131 61.3577 64.4751 58.8177 66.3261 56.8832 62.4071 62.007 65.8734 58.232 64.7124 62.1859 59.7155 61.3464 62.5692 59.4197 63.0622 59.4305 62.9101 59.8917 61.5642 63.9464 60.7878 63.3206 60.9735 64.4248 60.4735 65.0525 61.4924 62.0157 64.6882 65.1213 63.0728 59.6849 61.5697 63.4216 67.2357 66.0216 63.3275 59.7733 63.0146 59.5196 64.1629 58.6663 62.4009 59.8621 61.3732 61.5519 61.0186 54.9397 60.0729 61.4411 62.9098 60.6424 60.8738 59.1833 60.6294 64.7882 65 64.2625 59.5115 66.5729 60.2338 58.9507 58.6223 62.2747 63.4869 59.8535 58.099 60.0202 62.6326 60.2649 62.9917 63.2172 59.7488 61.1519 58.5725 59.7111 69.9478 59.1855 60.1933 64.1189 62.4865 62.6116 64.513 63.7281 64.704 56.0242 64.2949 63.5472 60.905 64.6714 62.0572 63.0774 61.1873 62.4718 59.0031 65.4426 59.8755 62.8404 63.3629 60.5628 62.06 64.2276 60.8747 64.6447 60.6278 61.156 58.6179 65.0971 57.8802 63.8055 63.9073 63.1692 63.1936 63.3189 61.0827 58.4564 60.7666 59.8984 64.833 62.7358 62.1319 59.2437 57.5532 66.2225 59.6565 62.3981 61.5339 60.7732 61.7658 61.5143 59.6455 65.6136 62.3008 65.5468 58.8893 63.2701 63.8095 61.1544 62.7306 63.3172 62.336 57.2073 67.448 62.8013 65.399 58.0548 64.9053 60.2634 60.197 63.4446 65.2381 63.3768 61.8108 60.7632 61.3656 59.9583 63.7196 61.5609 64.1798 
60.0033 59.641 59.5285 56.354 53.6978 62.9511 57.7309 60.728 59.5144 57.4786 57.4646 60.2163 57.6388 58.8374 58.2698 56.0246 57.7431 54.8668 58.1243 61.3848 61.026 57.3583 56.4263 55.0131 60.9287 64.0872 59.3871 59.8496 59.9763 60.3735 56.5829 59.9472 57.566 57.6397 55.6875 59.1887 58.7028 58.1994 60.8829 58.674 59.6195 62.6261 61.1293 57.6215 55.0616 60.2208 61.8284 61.0835 59.4074 56.2436 59.9272 58.3574 58.7404 57.1304 60.5181 66.6383 59.7203 61.6763 58.0755 57.4083 58.9095 63.4903 59.0633 57.4955 62.9654 60.2268 57.7505 58.6274 60.8154 57.3925 56.7627 57.6164 57.3322 59.5917 59.7778 58.0734 54.0794 57.2864 63.3636 64.452 58.3244 57.5669 61.2691 60.1368 59.8624 63.4064 61.8733 63.2096 59.993 56.7483 60.179 61.221 56.2061 60.0609 57.6107 63.0148 58.4286 59.0854 54.9296 60.6072 57.8432 57.8439 58.3715 60.5324 60.3407 63.271 59.1661 57.872 56.9931 58.7194 62.632 58.7522 60.334 58.0895 58.3013 57.0098 60.9107 59.8879 60.6115 61.936 63.002 58.9032 58.9186 61.7091 61.8292 64.3155 61.624 58.287 58.9514 64.1324 53.6546 58.9082 55.6802 58.0866 54.9944 54.3904 56.7589 55.9954 56.3767 54.5115 60.5228 60.1338 58.9683 60.9493 56.8656 61.3686 62.5229 62.5982 64.4597 57.835 64.7865 58.275 59.0366 61.0348 61.5279 62.2056 56.9789 56.1411 54.7522 56.9603 58.9317 60.5064 58.2215 56.9963 55.8048 54.9197 59.4007 65.7884 57.2995 59.8164 61.5363 59.1037 60.637 61.1765 61.7678 59.5446 54.2962 60.3261 60.977 57.7393 57.7425 57.5886 60.555 55.4375 58.9232 57.0626 63.807 56.5923 59.9387 60.3364 57.5121 58.4139 60.9917 58.5161 63.075 58.3538 57.8828 55.8411 57.4652 58.5012 58.498 58.2263 61.8241 62.8213 57.581 58.3812 58.7444 62.7156 59.5965 60.2579 58.2789 58.1012 58.8668 55.2698 60.808 59.3433 56.9704 60.3594 57.9067 58.5245 57.2262 55.5229 60.2498 55.9293 60.5392 56.2778 56.9726 57.0097 58.726 60.484 62.9192 60.7964 56.9627 62.4063 56.3946 63.0687 55.3934 62.1716 56.4858 59.2244 60.2286 61.8329 59.0778 58.5354 57.66 56.5144 56.2052 55.9357 57.048 59.8374 
62.7662 62.4234 61.8889 60.8298 60.0139 67.2073 61.905 62.514 58.5947 63.4446 60.1357 61.9139 59.7568 61.8763 64.4106 63.2697 60.9779 56.5146 65.9641 64.5506 68.7952 62.0378 61.808 57.8462 63.1536 67.111 62.9467 65.4251 62.9695 60.6975 60.9862 65.0606 58.739 62.8766 58.8158 62.3627 63.5257 62.337 62.0135 64.6251 62.1675 66.3001 65.1153 62.537 58.4561 64.9053 66.6364 62.3376 64.4578 61.0491 63.4374 58.5802 64.0798 59.02 62.8932 67.9449 66.4342 66.4363 63.4199 59.8701 60.5312 67.0483 60.8958 61.7276 65.6811 61.4352 62.6706 63.5964 64.403 59.0245 58.1559 58.6486 60.7243 62.0982 61.3272 62.8649 57.1829 59.5487 68.0664 66.8283 58.2102 60.9921 64.2219 64.5246 62.7101 63.5213 64.0741 65.6491 65.1761 59.7489 64.3284 65.7946 61.6069 63.5143 58.6826 64.8945 61.5828 60.6496 59.7185 63.3742 63.6849 60.4905 60.0112 63.2544 65.8841 63.0313 62.7879 62.8442 61.1479 62.2505 64.4825 59.2977 59.8795 60.5587 65.1484 59.9806 65.7227 61.6369 60.2157 61.5477 62.2289 63.421 61.301 61.6835 63.7328 67.2938 64.9309 66.6487 60.3876 63.7744 59.5264 63.7998 57.0232 61.422 57.816 62.2117 60.8942 62.7629 59.8576 61.3091 59.7112 60.3448 58.8286 61.4137 61.1811 63.4187 67.2905 65.41 66.9055 60.4918 66.424 61.3381 59.7826 60.3661 62.0067 62.9057 59.4852 59.282 60.1295 63.8618 62.3095 64.504 60.5431 60.5583 60.3012 60.4056 62.4725 68.8311 59.5431 62.5593 65.372 61.5433 65.5292 66.6913 65.2643 66.1987 58.6731 61.9152 65.3283 63.5154 62.7638 62.4066 63.4206 61.76 63.1399 59.4274 65.3998 61.052 63.2919 62.1967 61.4938 62.0529 62.2061 59.6493 65.8603 58.9523 62.1462 60.6606 62.5086 57.2837 62.0004 58.8888 63.7334 65.6111 64.3432 63.6421 61.1092 64.7207 60.7827 63.8072 61.927 61.6423 61.4961 59.652 63.4611 58.8892 64.9167 62.8159 61.8425 63.108 63.23 58.6682 63.2304 60.6557 63.7901 60.7339 63.5179 63.0519 59.9248 64.1989 65.5264 61.4995 59.0214 65.2016 62.5634 65.3061 61.6893 63.8442 56.8894 62.3503 64.659 62.3691 60.1422 61.5312 61.0316 58.0366 60.8071 62.2382 64.9881 60.9202 
63.5095 65.0477 64.5234 61.4359 59.4779 69.0105 65.7991 66.9829 64.3675 66.1307 61.8618 65.099 61.914 65.3842 62.9069 64.2552 65.4533 59.1588 65.7401 68.3435 67.6885 62.5851 60.0234 62.4682 68.3997 66.6342 65.4652 65.3894 66.6087 62.827 63.0655 64.4289 63.8148 65.0864 60.7587 64.5284 63.2626 65.8012 64.3289 67.8067 66.522 71.6233 63.7702 64.7205 61.974 68.8135 66.3783 67.138 65.0679 64.2996 66.9107 61.7925 67.9956 62.7629 65.347 72.1354 66.2791 67.6886 64.0361 62.7484 64.1377 67.0275 63.8403 65.1526 67.4918 64.3161 65.3436 64.66 67.3789 64.1499 61.7273 63.0781 65.4026 67.6186 65.3174 67.0865 60.0851 61.7108 68.7443 70.6996 63.9211 62.3839 64.7899 65.0416 64.6201 66.6542 66.1341 68.7878 65.8692 64.1345 65.5123 63.3679 61.4918 65.6294 62.8523 65.433 67.1701 67.5609 63.2115 66.0962 63.363 65.0733 65.6235 63.3383 65.5667 65.4223 64.4947 64.407 63.8378 62.9017 69.057 61.7131 66.0492 63.7335 67.6156 64.5968 68.151 64.5662 65.0393 66.6591 65.3717 65.8148 63.7167 65.5064 68.8066 72.4779 69.3961 67.1053 65.2111 65.7644 57.6637 67.0288 58.7129 67.6483 61.4422 62.1675 64.2385 63.2692 57.1243 65.969 64.6084 62.9192 62.8262 62.3954 62.5651 63.5066 67.4526 66.8125 69.1158 65.1442 69.6417 63.1097 64.4585 65.36 64.3243 65.949 62.6614 62.1665 62.6778 63.4874 63.2051 62.0495 66.0461 63.251 65.111 58.7696 66.6852 74.0715 64.0814 66.2923 71.2346 65.9769 68.0459 68.8089 67.8249 67.9124 60.1446 63.3502 65.9624 64.8868 64.982 66.0509 68.2772 62.1012 65.8106 60.8881 69.2768 63.7255 65.5391 65.9507 61.2088 65.3582 62.4416 61.4507 68.9437 60.4174 62.752 60.4855 69.5377 61.9793 65.2264 64.3642 66.2214 68.8716 65.9302 65.5881 63.1399 67.0526 65.6676 68.7503 65.4141 65.1317 65.5979 64.2053 66.038 63.2619 64.6356 65.6615 64.2325 64.7094 64.6163 62.5734 67.5805 62.3856 66.7301 59.7928 63.6285 64.2183 64.8329 67.7448 68.6012 64.8328 64.1111 68.2477 61.5974 70.0837 59.4684 68.0726 62.5806 64.6317 63.0222 69.4059 64.5581 63.8067 63.3809 63.5839 63.0326 65.4098 64.3796 64.8754 
61.5044 60.7335 60.7065 57.1657 55.9877 66.0366 57.8159 61.9877 61.5578 57.6583 59.0639 61.915 61.0376 58.9945 60.3569 58.3122 58.6956 54.3865 61.3689 64.1901 64.1411 59.6542 57.9908 53.8367 59.8738 62.9996 62.0012 63.1445 60.2476 61.1536 60.5958 62.9731 60.6786 63.7731 57.8384 62.1167 61.3353 59.4215 59.5644 61.6419 61.1423 63.066 63.1132 58.7573 53.4617 61.8403 62.7281 62.1851 60.8566 58.739 62.1392 58.5319 60.2827 59.8507 59.8967 67.7862 61.4977 63.3173 60.7971 61.5699 58.3919 64.8674 61.8887 58.9087 64.3356 60.1336 59.8455 59.5218 62.8178 58.0682 56.103 59.8205 58.5195 63.5169 61.2517 61.0721 57.1651 61.2856 64.5984 65.7066 59.4477 61.6432 61.0044 61.4452 59.7323 62.1533 62.9067 67.3169 61.4176 59.2394 63.0892 61.773 57.7487 62.4282 59.2772 62.9565 60.8798 59.9551 56.7513 61.8797 61.1217 58.7213 60.0874 63.3159 62.3811 62.9477 61.3284 59.3588 60.1288 60.3091 63.8965 61.1855 62.6428 60.5835 62.7106 56.4466 61.243 61.1064 59.8465 63.1833 62.6861 59.6459 60.2831 62.2112 63.5392 64.903 61.4424 61.7625 58.9832 64.1759 57.8516 60.6691 58.1978 62.1766 59.5791 57.5727 59.673 55.5889 57.9028 59.2965 59.7912 60.518 61.5357 60.3341 59.5867 61.9737 63.8934 62.6979 64.3664 59.0287 65.9478 59.4472 59.7683 58.422 62.2229 62.8895 58.9735 58.3078 58.3252 58.1834 60.7833 60.414 62.01 58.7961 61.1435 59.1586 61.5091 68.3819 59.0011 60.0442 63.549 61.5505 64.109 64.1384 63.0291 60.2556 57.7609 59.9615 62.4651 62.1766 62.4907 59.4409 65.1527 60.6141 59.7782 60.3136 66.2051 58.1066 60.4192 61.0782 58.1851 63.1139 61.5932 59.665 63.8946 59.7345 59.8115 55.7426 61.692 57.8634 61.034 61.1147 64.533 63.4634 62.987 60.3891 57.0143 61.6999 57.2152 62.6407 60.0953 60.4156 59.6979 59.4775 62.5891 58.6098 62.1376 62.8792 61.4427 60.9171 59.4935 57.0292 62.4895 57.0081 62.8598 58.5543 62.6798 61.0302 61.3262 62.1442 64.1906 59.4652 59.6183 62.427 61.5968 63.8133 57.7935 63.9528 58.1485 62.5394 62.6393 63.3227 60.0581 61.81 56.0915 60.6357 59.4809 61.5045 60.1645 62.7986 
64.5598 63.2054 63.0224 59.6437 57.7874 68.529 64.7306 62.7403 61.6939 60.5595 59.7431 62.3993 59.3754 61.8885 61.6372 62.6279 63.1637 57.11 63.4298 65.6974 62.2254 60.2226 58.7423 57.9457 64.9123 64.2231 63.189 61.483 63.1297 62.1468 62.1344 62.0279 59.8219 63.7958 57.9143 62.5446 62.9225 63.2368 62.7443 61.1042 61.7195 65.8036 65.2455 62.2881 56.978 64.7359 64.8724 63.3926 61.585 63.244 64.3021 59.5477 60.6485 61.325 61.9808 69.2117 65.645 66.6218 62.2421 61.1507 61.8745 62.96 60.7667 61.0267 64.9472 62.4825 59.0049 61.5668 63.4374 61.8637 58.7117 62.2071 59.9797 65.173 63.5542 67.6686 55.5146 62.0054 66.6192 68.1695 59.9259 62.7265 63.3815 61.4208 64.6613 65.4166 61.2119 63.8432 62.9822 60.4563 64.0125 66.0027 62.1468 64.4903 62.5261 63.4633 62.6511 65.0194 59.8783 61.113 61.8224 60.6434 62.4604 59.0215 62.1302 63.9664 62.316 61.1739 63.9782 63.5498 63.159 60.6661 61.5431 61.0903 66.3321 59.847 68.0475 59.3733 62.3047 66.643 65.4909 63.3545 62.4614 61.7266 65.6966 67.5553 66.3207 62.3083 61.4657 64.2583 57.9666 63.3866 59.7778 61.2015 59.7171 60.4589 62.2512 59.7408 56.0588 59.1586 61.1979 62.0726 63.4999 62.0243 61.2208 63.8027 63.4854 64.5651 65.5427 61.2356 66.8233 60.4086 59.4957 62.6473 64.2649 64.1323 62.5925 61.1427 59.8054 61.9079 64.5028 61.2152 57.5192 61.2856 62.3857 59.3702 63.2233 72.6354 63.513 62.5444 65.9559 64.5543 65.518 67.0956 65.1 63.6883 57.1044 61.9222 64.0384 62.5328 62.2002 62.6944 65.8703 60.8804 64.1982 57.7792 65.5985 61.1613 64.4503 63.2006 61.9515 64.2997 62.5111 61.4121 64.8955 60.8977 60.6174 61.4066 64.938 61.0312 61.9701 60.6522 65.0903 65.2075 60.4905 64.2959 59.862 64.8373 63.6551 63.7112 62.1854 62.6527 61.0313 61.6294 62.5812 58.9056 61.1519 63.1155 62.1851 60.2266 62.0645 60.2751 64.4864 60.1481 64.6087 59.3552 63.2917 63.6896 61.3262 63.384 66.7071 64.3968 61.373 63.8098 61.9149 65.8533 61.4964 64.0541 59.5377 63.0634 63.2099 64.7436 62.5872 63.1929 59.2636 61.365 63.1179 63.102 61.2534 63.6389 
61.61 59.9228 59.2703 57.9682 56.473 65.1759 60.4835 59.5775 63.1808 61.0611 57.3647 62.0388 56.4671 62.4376 60.9877 59.998 60.0688 57.6179 62.1904 63.057 62.8567 59.291 58.1466 55.1843 62.7857 66.3365 62.9515 65.5281 63.7693 62.1324 60.4218 63.4629 61.7145 59.7681 60.891 62.409 62.2505 60.8387 61.6063 64.2769 60.7789 66.6849 62.5245 62.8389 58.7417 63.7291 63.2836 62.1123 63.7825 60.8236 60.748 59.4639 61.1824 56.6045 62.828 70.9353 63.5746 62.9641 61.4823 62.073 58.8168 66.862 60.5931 61.0445 64.9513 60.8674 60.5406 60.6095 65.5053 63.9302 56.4674 58.4085 60.7269 62.2738 64.595 62.4821 58.1372 60.6615 67.7078 68.1242 59.7372 60.0339 63.8087 61.4774 62.2039 63.2016 63.638 63.7612 62.2656 61.9085 63.2724 63.4286 58.5384 62.6657 62.3983 62.2802 61.8841 60.7586 60.7523 63.8713 59.3804 62.2932 59.8809 64.6416 59.9567 61.4511 62.7725 57.2415 60.5299 62.5233 63.9852 58.9693 63.9836 61.6582 60.8922 61.7418 64.4219 61.6266 59.9981 64.5298 66.3274 62.0144 59.5948 63.1167 62.366 66.0948 65.1063 62.7468 60.087 61.679 56.9857 64.7739 57.4108 62.2455 56.5323 61.4884 60.6401 61.1238 56.9846 61.7267 61.2741 59.8693 62.7906 60.9156 60.6492 64.4453 62.4821 66.1489 64.9213 62.8861 66.1962 61.8616 58.909 59.9878 62.0294 63.5237 57.2478 57.0864 58.1634 61.9755 61.6851 61.5026 61.8671 57.7601 56.7492 58.7127 61.6605 67.5336 60.4154 62.4985 64.2834 63.3461 63.312 66.3317 62.4736 64.2342 57.4007 59.4582 64.85 64.1277 62.9882 60.7059 62.4379 59.4353 61.2587 58.9036 64.5196 60.2369 62.1616 61.5384 59.9555 60.302 63.7954 60.241 63.9043 61.0469 60.275 58.7186 61.1005 57.564 61.0596 62.2659 63.8027 65.3536 62.9943 61.9726 62.1018 65.5467 60.2235 61.4916 60.4875 61.9312 62.2793 61.3491 62.9692 60.6107 63.2284 61.7528 59.1217 59.3789 60.7299 58.9019 64.0413 59.1888 62.0733 58.8641 62.3541 60.5458 60.0367 63.3216 65.0696 61.5942 59.0961 64.0333 61.7623 62.7429 58.9839 64.967 59.3339 64.0797 62.9647 61.338 62.8693 61.8217 58.404 60.3567 61.6702 63.8917 60.5417 61.8228 
65.1588 62.1986 62.4796 62.6912 59.9097 69.5158 61.084 63.7719 64.3394 65.7392 58.8588 62.8737 60.8126 63.8856 62.4702 63.2673 64.0323 57.3572 62.8217 67.3072 67.0471 60.7557 58.2655 61.1885 64.4921 69.5133 65.3892 66.7224 64.8089 62.9724 63.6037 64.5883 62.006 67.7794 62.12 65.8394 65.1881 65.1966 62.7086 62.8407 62.7148 66.7735 66.3001 65.2133 59.4388 67.7024 67.8445 65.9816 63.0545 62.8754 63.7648 58.4191 62.2609 63.9731 63.5011 70.1894 66.236 66.2141 63.803 65.0816 60.6831 66.1427 61.378 64.7666 67.395 64.9337 64.7183 62.5474 66.7501 63.2071 62.5899 62.545 60.5684 65.8598 64.6686 67.8397 58.4894 63.8374 71.7546 69.6024 60.1726 64.3207 65.8563 64.4551 64.1669 66.0545 65.1281 65.9769 64.3509 62.2306 65.6532 64.7983 62.2461 66.2144 62.6396 62.7818 64.1372 66.2321 61.0438 65.3114 65.635 64.2571 60.5853 62.1085 65.5992 64.437 63.1763 63.3241 63.2122 65.0981 66.3419 62.1066 65.6141 63.6928 65.986 63.8832 65.3731 62.7239 63.476 68.0895 66.9765 65.6946 61.8369 66.2738 65.0981 70.8495 68.3122 66.6755 61.1362 66.7983 62.0891 64.6677 61.0458 64.6626 59.789 61.3816 63.2945 64.0209 59.5579 63.5492 62.6731 63.9263 62.7496 63.5744 65.8189 61.8914 65.6905 68.2393 67.5868 63.6844 68.4491 64.129 62.2609 61.0289 63.8565 65.8548 62.2005 61.9479 63.0639 63.8543 63.1685 61.644 63.0636 61.0205 62.7803 62.2083 63.1136 74.0605 62.3533 62.7059 67.2401 63.5645 68.1172 70.4445 66.1898 67.2381 57.1162 64.2845 69.7412 63.9269 63.9226 63.7419 66.4853 63.0607 63.7367 59.377 68.0373 63.2689 64.9352 64.3842 61.1824 65.5235 63.0983 64.199 69.3964 62.9484 61.5007 60.6371 66.3562 61.826 64.2771 62.8956 64.9881 68.9784 65.6283 65.0758 63.0175 63.1167 64.4022 64.4699 62.7294 62.9653 64.2731 62.1524 66.7671 61.5671 62.3167 64.4145 61.5554 65.9469 61.8619 63.1399 67.1427 61.5264 66.1521 62.5298 62.4567 64.2424 62.7547 63.7369 67.3845 66.0068 62.0947 67.2215 62.9867 67.1528 59.0429 64.7011 62.1411 65.6281 63.807 62.9628 61.8639 64.2629 63.8554 61.3396 62.2499 61.9071 62.2669 64.694 
64.894 66.8988 64.6175 65.3527 59.1237 71.0044 66.2277 66.8474 65.4826 66.5916 60.9837 67.6349 64.2368 66.8019 66.4272 65.9376 67.2848 60.1813 69.1229 71.0634 70.1108 67.8467 58.8023 62.8859 68.2365 70.1889 66.4603 65.8411 68.3183 64.9793 65.405 67.9681 64.0241 66.0135 60.9988 66.2972 65.7786 64.8212 66.2018 64.5007 67.1032 71.3451 64.3797 66.4595 60.5686 68.6812 71.2466 69.4146 67.2278 64.496 65.4126 63.2685 67.6489 64.6986 67.7946 73.3545 68.4995 68.2226 64.8842 65.9455 65.5862 69.8084 65.4571 67.0059 69.4578 65.7877 66.3838 62.5929 70.2858 65.7718 63.4658 64.7214 64.1176 67.1606 68.6918 68.2145 60.3332 64.4645 70.8652 72.0911 65.455 66.3453 66.6653 63.747 66.6718 67.8467 67.146 71.0996 65.4594 62.7528 67.8753 67.9729 65.7211 69.6202 63.3837 67.604 64.8102 70.9268 63.2251 68.3938 68.3143 66.0363 65.4058 65.4028 66.2103 67.0461 65.7174 63.9806 64.5168 63.9042 67.6618 64.183 64.9273 64.8417 70.6671 64.0799 68.6315 66.7424 67.1468 66.4798 67.5158 67.4657 66.8947 69.0394 65.8669 72.309 67.8973 66.532 63.738 67.081 63.1333 68.1271 62.2538 67.281 63.8624 64.3128 64.8215 64.0535 61.9087 65.902 65.9434 65.2102 66.2615 64.6392 63.2 67.6768 67.6685 69.0719 70.3995 66.9389 70.2885 65.686 63.0527 66.1006 66.7524 66.1836 63.4953 61.5794 64.482 65.7776 65.0385 63.7441 65.3015 63.8145 65.9621 61.2402 66.5117 73.8849 63.9122 67.7427 67.8063 67.0603 68.5158 69.8604 70.4208 69.467 61.3465 64.5626 69.5366 67.5873 65.8495 66.7354 67.7116 64.7114 65.3248 62.043 70.8262 63.9794 68.0572 67.3693 65.2669 65.4437 65.6128 65.0621 71.6675 62.5893 63.0695 64.7803 68.9118 61.9821 66.3676 66.5938 66.4643 67.599 65.0861 67.2899 64.4789 67.0711 64.8692 65.9248 68.2489 65.082 64.6274 62.3874 64.9234 63.9884 64.535 67.5994 66.1425 64.5436 64.5273 62.7393 66.0893 64.0951 68.4028 61.2743 66.8839 65.3315 65.1779 66.0417 69.6135 65.1502 63.14 70.1146 65.2785 69.6355 62.8179 67.526 62.9978 66.6998 67.9517 68.3629 68.2971 67.8806 63.1309 62.4773 68.0566 64.4993 64.8839 67.0847 
60.3398 60.4245 61.0634 59.3779 56.5558 65.9483 60.0121 59.8904 63.2148 60.0732 56.4734 60.5663 59.383 62.8211 62.1002 60.3474 61.0927 56.8738 62.6212 63.4408 64.2095 59.5297 57.6043 57.543 63.2021 63.7348 60.2808 59.7992 62.6626 61.295 59.6311 63.0021 60.61 60.2821 56.4104 62.9914 60.4245 62.4582 57.5924 60.6555 58.0341 62.258 63.1938 63.178 56.1091 61.486 67.6313 59.5615 60.352 58.9955 61.461 56.5495 59.5775 59.8397 62.1791 65.8053 61.9597 64.0869 63.6128 59.5917 57.3181 61.7332 60.5918 61.708 63.5769 59.5569 59.652 61.1653 62.7247 59.8983 57.6103 60.7784 60.3253 59.9914 60.1246 60.4348 56.6454 57.7392 67.4868 65.5434 58.4901 59.1861 62.2084 61.4489 63.0173 60.2764 62.4416 65.1761 61.7321 57.5298 60.9238 63.9597 58.3507 62.4834 59.9563 61.6849 60.1409 63.4407 61.0248 64.6515 62.3145 60.6145 61.3711 59.688 62.1645 60.2957 60.603 59.4077 60.0576 59.3457 61.2076 59.3247 60.9192 60.8591 60.0134 58.2635 63.0478 60.1727 57.0243 64.6708 62.3887 61.7818 58.7149 62.0906 61.0054 69.4818 62.8814 62.801 59.2484 65.4994 58.0795 61.771 58.3409 61.1943 55.3958 59.5805 58.6834 60.2849 57.1567 60.223 61.1888 59.3928 59.4438 59.1253 60.5817 63.6844 62.9177 63.9148 66.5356 60.44 66.1436 60.2786 58.3491 61.5586 59.2135 62.5451 59.9484 57.8786 59.4936 57.9749 61.0936 60.8126 61.0705 60.9281 60.4273 58.1227 60.2229 71.1057 62.2243 58.9469 61.0059 60.9771 63.482 63.1713 66.3885 61.6849 58.1751 64.0432 63.8165 60.4198 59.3939 59.9642 66.3576 58.9736 57.4933 54.9524 63.4777 57.4867 62.6466 60.6529 59.0101 59.0552 64.1986 58.7401 64.8113 60.2898 58.2109 57.9949 63.745 58.0449 60.5396 61.7031 60.6512 63.8444 62.9984 61.162 59.2225 62.2467 60.6654 63.6959 61.44 59.6629 59.4802 60.2553 62.051 59.5983 58.7799 60.2972 58.8358 59.687 59.4163 57.3065 62.283 58.4381 61.9638 56.928 59.9602 60.9569 62.9331 62.9214 63.5822 61.4023 57.2431 65.9504 59.8985 65.1514 58.0734 63.0943 58.0435 61.4106 59.9949 62.6598 59.4086 59.8416 59.828 58.6531 58.3389 61.7929 60.0558 63.7853 
54.6847 55.7987 54.4664 52.1006 52.5233 58.2607 52.9143 55.9615 54.8274 56.577 53.1076 54.8914 51.7514 52.191 54.7032 51.5762 55.5631 51.2724 56.9948 55.8331 56.624 52.3464 50.2723 48.6293 53.3416 57.9123 56.2022 52.6398 53.365 57.2029 55.4815 55.2642 52.2702 55.749 51.6697 56.8583 56.8834 57.6786 55.4246 54.376 55.79 58.7331 55.642 53.4938 50.5609 56.8387 57.1674 54.8596 56.0329 53.9824 54.402 53.4919 55.8997 51.25 57.3196 63.1644 59.6907 54.9417 55.9657 55.7508 55.5983 57.7916 56.2657 54.6869 57.2254 57.1596 54.5781 53.9925 57.734 51.9423 52.8959 54.7616 54.1304 55.2801 55.0855 55.501 50.457 54.067 59.0009 59.5592 51.5788 54.4635 56.1526 54.1292 58.8108 57.34 55.48 62.4637 58.4097 54.4132 54.7019 56.1119 50.1597 59.5147 52.1115 54.7607 53.4576 56.664 53.1661 56.0214 53.4474 52.715 53.9335 53.9199 57.3971 57.2676 56.7069 53.9914 54.2752 54.2933 55.1968 55.5848 55.5589 55.4025 53.6373 53.3951 57.5318 53.3443 56.2388 55.2104 55.592 55.5682 54.2234 56.1759 56.3559 57.5925 56.5257 56.7964 53.9748 55.1034 51.5562 57.116 51.3402 55.7216 53.8027 53.2969 53.7704 54.1755 50.7459 52.2739 55.3001 53.4468 54.7149 52.8114 54.3284 56.8519 57.4844 56.4294 56.7816 52.7509 57.7892 53.7152 54.8519 54.4121 57.7275 55.8232 54.1385 49.3167 51.3646 54.486 53.6751 54.2566 54.083 51.4781 54.4051 52.8957 54.2394 63.264 53.841 55.67 56.3737 55.2221 58.4418 58.413 58.188 55.2454 50.0238 54.38 57.7445 56.8126 56.064 52.8167 55.6935 51.6818 55.033 53.8287 57.0693 54.2038 59.0252 56.6997 53.8409 54.4087 56.4306 54.9709 56.7173 54.945 54.142 48.8346 56.6403 51.8929 56.0045 57.8288 56.8567 56.5152 55.3724 56.5632 53.4629 55.8837 54.1708 55.7715 53.9341 54.9425 52.8053 56.5867 56.1843 52.5401 54.4785 57.1409 56.1814 53.1909 55.4445 51.0046 53.501 55.048 60.4374 52.1967 53.7485 54.376 53.8607 56.4586 58.8147 55.849 52.1674 57.6475 56.9213 57.7008 51.7583 57.4043 50.3623 55.6668 54.97 58.4487 56.0003 56.1977 51.5455 51.9902 55.1235 55.1956 56.7194 53.666 
61.5598 61.8411 62.1003 59.5654 58.9544 68.1249 60.2155 63.7615 63.2372 62.6928 57.5583 64.5724 60.8422 60.5618 61.902 59.62 60.6563 56.0431 64.0753 64.1985 63.5942 61.5776 59.5077 57.0012 64.2532 65.3758 63.3912 64.4205 62.0339 64.2365 60.9789 64.7923 60.5189 64.8715 59.8233 63.0088 63.7388 64.8637 62.0739 62.0518 60.4724 65.0839 63.9787 63.4376 58.3641 64.7036 66.0988 63.5873 63.487 61.259 63.1862 61.3775 65.0172 59.9771 63.7879 69.4959 65.4649 62.2849 63.7206 64.7381 60.2978 65.1405 61.6152 62.158 66.6532 61.8528 62.3709 58.4726 64.7315 61.6184 60.8203 62.1729 60.2521 63.5923 61.8958 62.6955 57.7571 59.0043 67.9512 68.6991 61.9447 60.7949 63.7137 61.1354 65.1178 64.5966 63.8099 68.3952 62.6679 62.4822 61.6018 61.0356 59.3126 66.217 60.9132 62.7672 60.6816 62.6327 58.8468 62.6096 62.9562 59.9857 61.6433 64.2447 64.5073 64.9947 64.5522 61.2428 61.7371 62.2042 64.2838 62.7405 63.9996 63.9608 62.2807 59.2612 65.5309 63.1661 61.9328 63.5132 64.6764 61.9251 60.7069 61.6528 65.5345 66.8629 61.8771 63.5411 60.7288 61.875 60.9815 64.8738 59.0863 65.7466 62.0822 60.9146 61.5649 60.7384 58.1808 60.5911 61.934 63.0703 62.6823 62.5082 62.0235 63.1985 68.1796 62.7766 67.2724 62.08 68.4471 62.24 60.5105 60.1625 62.9351 63.8229 61.9417 56.9476 60.601 61.9669 60.9269 61.9487 63.0211 60.9629 60.6145 58.0928 62.1811 69.5284 61.1288 63.813 65.2716 61.3062 63.0955 64.433 65.5369 64.6324 55.2258 61.3801 65.461 63.2856 62.0495 62.1668 64.3192 58.9239 59.1473 58.1904 64.7505 61 66.0652 62.1034 61.515 63.5941 60.9841 60.4226 65.9764 61.4309 61.0412 60.3152 65.1105 61.0402 62.8045 63.1218 63.5354 63.1649 60.7401 60.3219 60.2141 65.2837 60.9903 64.6927 61.4253 62.6059 61.5945 60.6858 62.9789 61.631 62.3763 61.8115 63.7616 58.3253 61.0977 61.2855 64.9772 59.574 65.0808 58.2451 63.8956 62.7354 59.6467 62.901 66.2091 63.8096 60.265 66.9271 64.0371 64.9032 59.6264 65.1138 60.002 62.2293 62.4743 65.5216 64.0424 61.0117 60.0892 60.4783 60.0114 62.5498 64.1786 65.4332 
63.5631 64.6977 62.5716 63.5784 57.646 69.8062 62.4602 63.0907 61.9275 62.743 59.4276 64.782 62.669 63.2271 64.1314 62.1691 61.9094 59.0902 64.601 67.2486 65.45 60.3525 59.2686 59.9242 66.8443 67.8557 62.1567 64.7076 62.571 64.1844 59.8796 67.186 60.9085 66.2188 60.8637 63.1807 63.1791 63.9208 60.9245 65.0728 63.614 66.8824 63.0772 63.3302 59.3992 64.941 65.1554 66.1927 65.5053 64.383 65.4548 61.9276 64.941 60.5203 63.5295 70.1387 64.4205 64.9487 62.5941 67.4873 62.6129 65.468 64.427 61.3357 65.2518 62.448 63.214 60.1374 67.1381 63.2207 60.8282 65.0948 60.6531 66.0946 64.3403 62.8099 59.2932 61.0219 69.1675 71.4196 61.8092 62.0104 65.056 64.3263 63.8362 65.8018 66.8016 68.8418 64.9328 59.1193 63.8882 62.7776 61.8193 66.7878 62.3529 68.3979 63.3219 66.2398 61.4098 65.345 63.6202 65.0555 60.6987 62.5141 60.6268 62.8905 64.7697 62.798 63.8423 63.7582 67.1345 63.2149 66.4564 60.8883 66.2374 62.8095 66.6537 63.5448 62.7668 66.2758 64.9214 64.1277 62.4271 68.0342 64.0774 71.2448 65.0762 63.5904 63.5013 65.5212 60.7655 64.3631 59.3413 65.3478 61.028 62.8338 63.8581 61.8279 58.1644 62.0839 63.6071 61.8695 61.3389 64.946 61.7272 64.5711 66.4303 69.0072 67.6983 60.5095 67.2758 62.1225 61.0814 62.9005 65.0836 65.2157 59.3819 57.8331 59.9547 63.7436 62.808 61.4354 62.3414 61.8223 61.3954 62.373 64.5295 72.0098 62.5303 64.9712 68.6798 63.4731 64.2019 66.949 65.9471 64.3756 59.7054 63.1641 65.8188 63.9268 61.8029 63.1192 64.5099 60.421 61.3516 61.9276 68.301 60.4892 65.2675 62.0841 63.1337 64.0986 62.8419 61.162 65.1948 59.7409 61.1415 57.8241 66.4664 59.7035 62.2031 62.4168 64.9493 63.6981 63.898 62.5589 63.2305 65.1125 64.4191 64.3207 63.8998 62.7336 60.208 59.9823 64.9323 62.4329 63.8069 65.0382 61.7415 63.8476 65.5481 58.6262 65.6746 59.7873 65.9105 58.504 61.6492 63.5286 63.3486 64.7147 68.9492 63.8135 60.4281 68.4551 63.9031 64.032 62.8617 67.3096 61.2529 65.1918 66.0819 65.45 61.7074 65.3189 61.7747 63.7035 62.0507 65.122 62.4678 65.1241 
61.0993 59.9406 58.3101 57.0147 56.1576 66.953 60.3386 59.8978 57.7521 59.1817 57.4194 59.8749 59.4295 58.6512 60.8651 58.2128 59.1641 54.8822 61.2778 61.8287 63.1042 55.8489 56.1738 56.4702 61.8944 66.4169 61.4689 60.1044 61.3969 59.6374 58.5218 61.0607 55.6854 61.497 58.1122 64.043 59.3212 58.6429 59.8132 59.0671 58.3696 62.535 61.8399 60.5491 54.6603 64.7905 63.0549 62.2445 59.3016 57.6628 59.5272 57.2271 59.2332 57.1869 62.2506 67.4102 60.8853 61.5042 62.775 60.4243 58.4728 61.9084 58.6395 57.6119 61.8652 59.3515 58.4451 58.4083 63.3167 58.1582 58.2472 57.6741 56.613 62.8703 60.9886 59.4471 56.3164 57.4784 62.9914 66.0137 57.122 59.1768 62.084 58.7877 60.5966 61.2763 60.9758 64.381 59.7079 58.257 57.7528 59.6046 54.1914 61.6329 59.5106 59.3665 58.8934 61.7099 56.9372 59.2896 58.3999 60.1263 57.1564 61.7003 59.53 61.3144 61.0818 56.7052 58.9183 58.7011 62.7681 58.7994 60.5067 58.3047 57.8518 59.3421 63.3775 58.595 58.86 60.8101 64.9151 62.8219 58.1774 60.8172 64.8667 65.7436 59.9269 60.7396 58.8608 58.8459 57.9119 60.9464 55.5131 60.9059 59.938 61.6795 58.3274 55.1554 56.7647 56.8676 58.5938 60.1089 59.5032 61.8277 56.6461 58.0003 64.6589 61.896 63.3288 59.1578 65.0097 58.9125 57.0601 60.035 62.6903 61.4479 58.172 57.2357 58.6971 60.5787 60.05 58.1103 59.384 57.8225 58.3577 56.8898 56.8819 66.4696 60.489 59.0452 60.8995 61.7802 62.1836 64.623 60.9283 62.8732 53.671 58.4013 64.6827 61.0345 60.3131 58.3692 60.4084 58.0824 58.5155 57.4742 62.3511 57.4866 61.3632 61.1687 58.9035 59.3944 60.5036 57.3399 61.2744 58.1635 58.9638 57.5223 60.5129 58.3997 60.5457 60.2476 61.7209 62.8174 60.0588 60.1886 58.7161 62.1391 59.3739 62.6537 60.8553 58.9251 56.6823 58.7501 58.8327 57.7734 60.4607 56.8247 58.6599 58.2481 60.659 59.3522 62.4826 57.57 60.4888 55.446 57.3557 57.4793 60.8953 59.7575 63.1307 58.0584 57.443 63.1024 60.5251 62.0452 57.6339 62.867 56.1928 60.1277 59.7751 62.0916 59.8412 60.3964 59.6848 58.5109 59.359 60.0057 58.3771 61.4996 
60.715 61.6847 57.865 54.273 54.8364 63.554 57.4308 58.5416 60.0489 61.5256 53.141 61.3654 58.4828 58.6751 60.0589 59.4092 56.5128 53.31 60.8317 62.322 62.1903 61.627 53.9966 54.6855 61.5618 61.111 61.0979 62.543 60.3823 61.1307 57.1179 63.1012 55.8279 62.8147 58.1945 59.225 59.7958 60.1997 57.0628 60.9121 59.5284 64.3489 61.364 59.3223 54.5998 62.4422 61.5053 61.6403 59.917 60.3896 63.3751 56.1887 59.5521 57.2974 60.8659 70.5202 61.7035 61.3828 60.8396 60.9979 59.1191 64.0425 59.0497 58.5153 64.8244 60.5629 59.596 59.6104 63.2749 59.7379 57.9568 58.7263 56.0586 61.1905 61.8787 59.119 56.0976 59.3407 65.9841 65.8939 59.0196 58.6136 60.4097 58.3998 62.4621 62.7387 59.6166 64.3709 59.6976 57.7247 60.151 61.0254 58.3636 63.3007 57.5937 59.276 58.5958 63.2482 56.453 61.391 58.0613 59.6386 58.9975 57.4353 58.7607 58.9381 61.3208 56.9268 59.4134 57.7823 62.4827 58.2352 62.0203 59.8134 60.1529 60.1552 61.9141 58.21 61.3375 63.3355 63.7761 60.959 58.1736 60.0033 61.3312 66.8046 62.8894 62.1416 57.8131 60.4357 57.87 61.9928 58.5538 62.3112 57.2826 58.9493 58.5052 57.9253 55.2679 55.4183 57.1568 59.7412 61.9958 57.2342 56.8188 61.2755 62.2512 63.1391 62.335 57.4109 67.0102 57.6596 59.5479 57.8737 61.6692 62.3178 58.3354 55.8707 58.4266 60.2753 58.6421 58.4027 57.714 56.4887 60.2097 58.6869 59.5088 68.0581 58.5119 60.9401 62.7341 59.4972 62.2293 63.0092 61.1467 61.7034 55.0091 57.1746 62.9577 60.2745 60.9114 58.528 61.3358 58.696 58.1897 57.9638 64.1721 58.9091 61.7166 62.4249 58.2776 60.355 62.5596 56.965 61.8486 58.2904 58.4142 56.5691 62.542 57.3492 59.567 61.1779 63.5236 62.3832 59.184 59.4924 59.2925 60.3217 62.2034 59.9116 59.2678 60.1049 56.3806 55.1586 63.3539 55.3654 60.2243 60.5373 59.4573 61.2212 57.627 57.6258 61.7403 58.3216 63.9212 56.2302 60.0209 60.8963 57.5319 61.2247 62.649 58.4506 58.27 62.4487 60.4299 62.7048 57.5699 62.4073 57.8235 59.3287 61.7337 59.9052 58.892 60.1325 56.8893 56.8582 59.883 60.7796 60.3399 61.2388 
64.204 62.5282 61.7107 57.9329 60.848 66.284 61.3319 62.887 64.7176 61.4738 57.6017 62.7923 58.7703 61.9426 61.4947 59.3223 62.0344 57.5306 61.7576 64.6931 63.6446 60.5591 58.4192 57.7451 64.9807 67.3046 64.6572 63.6224 59.4827 61.1744 61.7527 66.5976 62.3654 62.6902 59.7973 64.958 62.3878 64.1179 63.5316 61.0992 60.8089 65.9572 63.5881 63.0269 59.3835 63.2264 66.5762 64.2301 62.3498 60.7245 62.5488 59.4623 62.7894 60.4559 62.2412 69.5344 65.5484 64.4735 61.5218 61.3639 61.0914 62.0248 62.6555 61.0008 63.8968 60.8235 62.8727 61.0482 62.9156 60.2061 55.6797 60.7105 60.8597 62.9298 63.5146 62.4767 56.3913 58.8095 69.0598 67.734 61.2448 60.8694 63.6453 59.7809 62.7515 63.0184 65.9086 65.7848 63.0739 60.4562 63.98 62.0374 59.3614 63.6293 60.0032 64.6324 62.0302 62.004 59.7166 61.9848 59.7352 61.3579 61.7477 61.7703 63.8318 64.7641 58.5511 62.3178 60.0487 62.5187 64.8041 61.6583 61.8394 62.111 63.7411 57.8943 64.1656 61.043 59.1272 65.2912 65.9752 61.5865 60.9723 63.6877 63.0956 67.6515 66.5195 61.871 61.8119 63.013 58.9817 62.5713 60.3715 61.7043 57.8506 59.3417 59.8321 59.0034 57.5825 62.0247 61.6936 59.0407 60.2436 63.5024 61.4779 61.5893 64.3313 62.0088 65.6809 62.1721 67.7701 60.4755 59.9053 61.7718 63.2393 63.0876 60.4471 57.6314 58.9627 58.5816 62.2272 61.5531 61.0174 58.7711 62.8828 57.6975 60.1942 69.6743 63.7811 60.6319 64.959 64.3277 66.0801 66.3258 63.4866 63.7637 58.1743 62.7788 65.4514 63.5718 61.879 61.5681 63.4861 60.3916 62.4831 58.3099 64.8766 58.969 62.4559 62.0891 59.5586 61.1491 62.8891 61.8715 64.0699 62.5649 60.7168 58.6998 65.7881 58.9118 63.0479 62.0163 65.4564 63.6148 64.5986 60.5584 59.2277 62.5441 60.5132 66.7266 61.5375 62.3076 60.0129 61.3156 62.8045 61.5441 60.5736 61.5671 59.4 59.1901 61.9742 58.8358 65.3212 60.048 63.7369 60.0103 63.0839 61.426 61.4797 63.3601 65.4429 63.8082 60.2365 68.2925 60.7531 65.1595 56.7899 63.8029 59.9509 64.9441 63.1475 63.8723 64.7348 60.6676 58.7461 62.1141 58.9578 61.8037 58.6229 62.2784 
62.5988 62.9115 63.7957 61.4018 58.5043 66.375 60.4473 63.4473 61.7107 62.0503 61.3903 64.2079 59.1707 63.4822 62.3995 61.8872 61.9112 56.0712 63.4108 67.0778 64.3295 61.4248 59.9878 58.8609 63.6861 63.3668 65.1967 63.2317 63.9584 64.2709 63.4763 65.5957 62.4395 63.4551 60.7809 64.1206 63.5751 63.8164 63.6889 65.5543 62.782 66.2471 65.9868 62.2357 58.8413 67.4515 67.0068 63.252 65.5735 63.3428 65.73 61.0796 65.3255 60.24 64.2998 69.2425 64.5183 65.0635 62.8303 63.681 60.5412 67.445 63.955 62.0418 68.0593 63.4904 64.0116 62.4239 64.8921 62.1871 59.4711 63.249 61.2064 65.2624 65.0576 64.1432 57.7005 60.3923 67.865 68.7171 61.6898 61.9423 68.2172 63.8966 63.5025 65.7869 64.5815 67.8102 63.423 60.6364 65.5279 64.8493 61.3332 67.4873 63.9069 64.6211 62.5304 67.4128 61.0052 64.5484 64.2982 61.3962 62.8471 64.9309 62.0073 65.5794 65.921 62.393 65.8353 64.6149 64.5087 61.25 61.9964 62.3284 65.0126 60.2899 66.4064 62.8599 63.2471 65.0832 62.8356 66.6617 61.6668 66.099 65.2 67.2099 67.8404 64.7961 63.2512 66.9784 57.767 66.3517 59.0475 63.1318 59.7064 61.1117 64.8988 63.3622 59.2851 59.4139 61.7376 62.1121 66.0601 62.7762 62.0841 63.3309 65.5763 65.7969 65.4766 60.6487 66.2656 62.194 61.2465 62.2741 63.6735 64.992 58.0212 58.7281 60.6328 61.6211 63.6853 63.884 61.2278 61.1519 60.8347 61.5045 62.43 69.4096 61.7157 63.5653 68.7844 63.899 68.5252 67.4558 65.6467 65.131 56.9858 63.8419 66.6574 64.3812 64.1598 60.8033 65.6813 59.8486 63.1642 60.4166 64.2698 62.8557 62.6688 64.6365 60.198 66.299 63.3098 62.8294 67.373 61.2678 60.9529 57.824 64.0554 60.0125 62.8069 65.1883 66.0825 65.0662 65.326 60.4864 62.6086 66.4379 62.1875 66.52 62.4906 63.8262 62.5214 59.5733 63.5973 58.2603 64.4373 62.8851 63.4947 61.8304 64.2884 58.8019 65.2512 60.8403 63.5429 60.1878 64.9108 65.1998 62.3755 63.0293 63.9794 64.2228 59.5167 65.9665 60.7957 67.2035 61.758 65.9009 60.2464 64.5769 67.8828 64.9749 61.8724 64.1004 60.0017 59.8744 62.7534 64.1864 63.5347 62.5017 
58.2443 61.1257 59.8781 54.2291 54.0398 62.5381 60.0829 60.2469 57.2201 58.9225 54.6755 59.742 55.6028 60.9609 57.7219 59.4139 59.6751 55.1152 58.6165 62.2188 62.4072 57.6289 54.5369 55.9668 58.7286 63.6255 58.6891 62.9742 60.3993 59.2824 55.2223 62.6084 55.1644 61.4526 57.3337 60.381 57.2091 58.9362 58.4814 59.5056 58.5734 62.8718 60.5723 58.8639 53.7442 62.4661 63.9157 58.1942 61.3265 56.6207 60.2994 56.9002 60.1228 54.7946 56.8608 64.1595 63.2878 63.8637 61.0422 59.6933 57.5237 62.3421 60.4249 58.4137 63.4789 59.6025 59.6576 57.5132 61.1651 59.051 55.8389 56.2317 58.7837 60.9949 62.4336 61.6559 54.3866 58.0268 64.7856 63.9368 56.4107 58.414 60.552 57.9569 61.4535 60.4957 60.6652 62.1863 59.0371 57.6819 60.2496 61.2002 56.0979 61.9044 58.4419 60.8067 57.6715 62.819 57.6566 59.7631 58.9718 58.0686 58.2975 56.605 60.045 57.9721 59.365 59.8307 57.2798 57.2347 63.1293 57.6127 59.8632 58.2964 61.6449 58.5379 62.4396 56.2236 58.0505 59.3762 60.3091 58.7341 59.9553 59.7665 61.5477 64.1458 61.2476 58.8215 58.3337 60.2767 58.1631 59.3197 55.413 60.1396 57.8377 58.2205 60.6376 56.6958 55.8379 56.9111 60.6751 55.9559 56.164 58.8322 56.9631 58.6871 59.9472 60.4695 64.0759 58.3165 62.9149 57.7906 57.4631 57.4145 61.2385 60.1912 57.3043 55.5019 59.482 58.4128 59.1106 61.1855 59.7893 57.2191 58.948 57.361 59.8273 66.6706 58.5532 60.3708 62.3528 59.2305 61.9658 61.5977 61.2093 62.1155 54.0118 59.4679 63.2205 59.0675 58.6542 59.1993 61.9933 56.8123 58.1783 55.6008 62.6355 59.0895 61.9768 60.474 57.4121 58.8303 58.7537 56.8988 64.317 58.3102 57.3903 56.6516 61.3882 55.5958 58.3677 57.7565 58.3756 62.3578 58.7582 59.9994 58.1854 57.3003 56.8371 60.8673 57.7187 59.9072 59.5365 55.2282 61.2959 54.9522 61.4208 61.2706 57.447 61.6344 60.2352 57.6681 62.2469 57.6112 59.8209 54.2452 59.6306 58.3763 59.5303 60.646 62.5579 59.1594 57.3722 61.8493 57.3902 59.9527 56.2061 60.5051 55.2849 59.2064 57.9458 62.2844 59.7274 59.2255 57.4086 58.0981 57.339 58.6449 55.8094 60.5475 
66.5621 64.7838 62.403 63.268 58.0711 66.3985 62.0503 66.1639 63.2389 63.2859 59.6649 61.7526 60.4212 64.052 64.177 63.8739 63.684 58.1264 65.7533 67.9858 65.1142 63.5854 58.9191 59.8202 65.1072 65.4286 65.9099 64.9605 64.1257 63.0197 62.9079 67.1712 62.3572 65.2216 60.7794 65.016 63.8716 64.8096 66.0564 62.2561 63.809 67.058 66.3971 61.4918 57.9626 66.6943 69.9262 66.6465 66.339 64.5545 62.6648 63.2615 66.4146 60.5544 67.3171 70.8401 64.9394 65.6903 63.6666 64.9843 63.2487 66.7681 62.4535 62.4257 66.6662 65.0759 64.3184 64.4351 67.4035 60.6966 60.1428 61.615 63.5348 67.0985 67.0176 64.6921 60.5901 60.8984 69.1523 70.4947 63.2418 63.1513 64.364 63.8882 66.0673 66.4189 63.7908 69.0144 65.0739 60.3912 67.7674 66.5572 61.6564 67.9057 62.5936 66.5679 64.1118 67.9341 59.1427 65.4692 65.0588 61.4113 63.137 65.5188 65.3887 65.5233 64.0413 61.9038 65.4599 62.6354 66.434 62.2641 62.3716 65.0204 67.2652 63.0952 65.9071 64.4133 63.04 65.1356 64.6286 65.4811 64.1245 66.2238 63.052 68.6368 66.7655 65.9586 63.3882 66.2859 59.1062 63.8816 59.8543 63.7963 60.1651 61.3169 62.2246 61.2819 59.3273 64.5471 62.766 65.791 65.2413 64.0026 62.3577 64.2867 63.6447 66.0712 69.9077 61.7086 68.3678 63.185 62.0501 61.5211 64.9446 65.6439 60.085 60.7854 62.4068 61.904 64.3458 64.7043 61.8424 61.7633 62.8906 61.3524 63.1265 70.3635 63.6906 65.7294 69.1517 63.2615 66.269 68.7836 65.8942 64.974 58.0183 64.4728 65.3629 66.2967 67.2627 60.7233 66.4647 62.2163 61.3524 63.5901 68.2895 63.6776 65.7651 64.764 64.2865 62.4376 65.5404 62.9903 68.7816 63.5724 61.0476 60.6746 68.4921 61.2619 63.6967 65.4417 68.4098 65.0536 65.4492 65.6806 64.7863 67.1132 66.0121 65.5378 64.0255 62.1436 63.1988 60.1768 63.1293 61.56 63.6205 66.1412 64.7262 65.5337 63.0301 61.5517 64.184 62.0934 65.7031 58.1315 64.5793 64.2659 59.4623 63.0591 66.5765 64.7973 59.3477 67.9913 63.7495 65.84 62.0318 65.457 61.121 67.2538 65.4738 63.1893 62.3733 66.3135 61.0975 58.6218 62.5948 66.0673 64.5629 65.9294 
60.3245 61.6834 62.1214 57.672 57.0231 69.0327 60.9797 61.6768 60.9455 60.775 57.7085 63.9747 58.4947 61.2738 61.4592 59.8007 58.8162 56.8385 62.9344 65.4247 64.2541 62.5659 55.8759 56.0888 61.4568 63.9932 65.7877 62.5578 63.3859 58.8442 57.8818 63.9899 60.1128 64.6298 58.4921 63.9844 61.533 60.0517 59.6188 61.7481 62.6064 65.5962 60.5921 63.6102 55.8322 62.0653 64.9657 62.6724 62.3558 60.1464 63.7763 61.1079 62.0598 61.9375 61.3868 69.6882 65.9193 64.3268 61.3179 63.1504 63.6866 63.2726 65.2008 61.6887 67.1353 60.3263 64.1297 58.1518 64.4653 60.702 58.3075 60.5217 61.5391 62.8831 63.5965 60.2833 57.0658 59.8173 66.111 67.5249 59.5047 62.299 62.5418 60.9998 64.6842 62.9847 64.8546 65.7536 60.9858 58.5915 62.0401 65.7217 60.2394 64.6322 59.9114 59.6118 60.3574 61.9113 59.7864 62.3522 62.8163 61.4194 61.1427 61.4912 64.7095 60.9845 63.249 61.579 61.0666 61.2434 63.7975 61.044 64.546 62.4273 64.7167 58.1815 64.3251 62.3901 62.8407 62.7649 65.007 63.7191 58.7722 64.0482 66.3188 65.5572 63.2797 62.2802 61.252 62.6986 58.961 63.6501 57.9187 63.0238 61.5391 60.3878 61.6029 59.2938 56.488 61.8052 62.5188 61.4323 62.3101 60.985 59.6803 59.8668 66.1439 65.4333 63.5258 58.6684 66.7007 61.6491 59.1632 60.5129 61.1851 65.1263 60.3347 59.0718 57.65 61.6151 59.6577 61.6215 62.9241 59.3251 62.1799 57.702 64.952 68.2503 62.9664 65.005 65.7782 62.3512 64.6433 64.2947 62.552 61.4581 57.2111 60.0099 63.4701 60.705 60.6015 61.9915 60.8999 58.5543 60.6114 59.47 65.8394 59.6957 65.8452 63.2861 60.749 63.1821 63.9683 61.5646 65.1288 61.2314 60.6126 58.793 64.1673 58.6564 61.6158 59.7535 64.3011 63.8376 61.6453 63.2991 59.8404 63.684 59.9753 62.2077 61.6494 61.996 61.5684 62.0617 64.2034 59.4991 61.5588 61.8367 62.7341 60.6267 61.5166 61.2796 61.1642 61.5089 63.7703 58.9302 62.0868 64.7921 61.0536 64.1759 66.5491 61.4019 61.6155 65.2145 61.4137 64.1938 62.4045 66.4516 56.8352 59.7589 64.45 65.9543 61.7187 62.319 59.9548 60.1058 62.8835 63.5082 60.704 61.1258 
59.7185 62.5428 60.0269 56.8128 57.4912 67.5402 63.3723 60.895 61.1501 62.0827 54.7625 63.5477 60.3129 61.9681 57.1108 60.1014 61.6233 55.2619 64.5997 64.1379 62.8832 59.94 57.1251 57.2274 63.5264 66.0204 62.8976 63.7171 62.0144 62.1215 59.0667 62.1778 59.9064 63.7575 61.3551 59.8444 59.841 63.6915 60.9704 58.7255 62.9202 65.5273 62.0508 63.6831 58.1676 62.9302 64.8891 64.0488 62.4758 62.3137 62.8664 59.0068 63.6853 60.6736 60.4599 68.9509 65.2738 61.5706 60.8081 62.5901 62.493 62.9271 62.1286 59.8821 64.16 63.2754 60.4808 58.9321 65.6718 59.7251 57.9639 59.0412 61.7583 62.7947 63.3085 64.9008 57.5092 59.9233 65.3023 65.9484 57.499 59.2292 60.964 59.0822 62.8637 64.3072 63.9459 65.4401 61.9589 58.386 60.9621 61.3706 57.0115 63.2515 60.8639 62.9637 60.5619 61.0049 58.2383 61.8981 62.1479 60.9472 60.2605 60.8339 61.4604 62.6979 61.661 62.8547 60.2522 60.3783 63.2795 59.4766 60.4446 63.4421 64.5564 59.5898 63.3244 62.8756 61.4452 62.3495 63.2893 60.7311 60.5474 60.9288 66.4252 65.3931 61.2553 63.1064 60.0235 61.5889 58.8597 62.5297 56.5011 60.5475 56.5753 59.5615 62.4128 59.0538 57.9151 58.5513 59.239 60.8959 57.8968 61.9667 61.3972 61.9271 63.6935 63.7365 64.3202 56.889 64.8216 60.261 58.4605 58.0338 62.0753 64.1163 62.0205 55.5847 59.615 59.5944 60.2392 61.5749 61.6662 59.5819 61.9036 58.2017 61.0592 70.1815 62.862 62.1714 64.4807 62.3203 64.5404 66.6132 62.5315 62.4629 55.9658 60.8952 63.8972 60.8735 61.5589 62.0103 62.7209 59.4017 62.0608 54.7266 62.7727 58.5972 64.1153 62.326 59.3026 61.474 61.5432 59.1044 66.456 59.6353 57.9642 58.4924 66.1923 58.1944 62.1815 59.1336 61.8042 65.822 61.9078 62.9382 59.214 61.3919 60.1596 62.4822 59.4922 60.2683 61.3197 58.8589 61.5404 58.3445 58.4822 63.1896 64.7153 59.8049 61.4628 59.3388 62.4964 58.6311 63.7508 55.4575 59.1288 62.5531 60.7826 61.915 65.9941 63.2954 56.8734 62.8698 60.7045 62.7005 59.143 63.8069 60.8268 61.0551 63.4428 64.7293 59.9216 61.2911 58.5504 56.6812 62.4956 63.2372 61.3359 61.1983 
61.0863 61.1556 60.281 59.462 57.4507 66.8718 60.5316 61.8452 59.3402 60.8888 58.321 61.4541 60.2151 60.6141 60.9529 59.0313 60.4203 56.4628 61.4298 61.5335 63.2873 56.8336 58.4657 56.6851 61.1811 65.2692 61.3927 63.8428 61.4463 62.6906 60.3611 67.6431 60.5466 61.7369 59.5857 63.0075 59.6225 59.012 58.8659 62.4577 59.5097 65.3763 62.7439 61.4486 58.275 63.8318 65.7092 63.3035 65.7505 59.7731 62.5176 58.545 61.6117 60.4101 62.7973 68.73 62.1259 59.9477 60.797 63.6697 60.0323 66.4973 58.2263 60.0512 63.6181 60.9688 60.2962 57.7733 65.1556 61.5699 57.3726 59.4222 60.0968 62.6588 64.6193 61.948 56.358 60.2825 66.8035 66.6488 59.0332 58.8673 60.1552 61.0678 63.3931 62.5793 62.8891 67.5665 59.9481 56.8749 61.294 62.8957 57.4663 63.9467 59.231 62.8176 60.6483 64.0376 58.1474 59.4821 61.0181 61.0409 60.4547 63.7518 59.7539 62.0251 62.804 59.5293 59.6815 62.8515 62.8162 60.3567 60.2548 60.7094 62.2099 60.5539 63.4795 60.4915 59.0952 61.4438 63.5589 62.9352 61.5739 62.4507 65.1058 65.4013 62.7167 62.1398 59.1762 61.3332 58.6303 62.4842 56.0267 62.4669 60.0188 61.6893 60.9167 59.4656 56.3832 61.5116 58.4396 61.011 62.8204 62.4818 61.2695 62.3691 63.9135 62.9221 62.5517 59.0831 64.5464 61.1199 57.3344 58.4699 63.4442 62.6564 58.1587 58.8411 60.0586 59.3536 59.3831 62.7628 59.8128 57.866 60.5749 57.2493 60.0908 67.0863 59.3454 62.4395 64.7592 60.5718 63.9402 63.4141 61.9898 61.7639 54.6606 62.1607 65.1342 62.2509 60.646 60.7033 62.7363 57.7298 56.8779 57.4598 64.8093 60.9282 62.1823 60.1808 62.0817 61.6261 59.9211 59.3022 63.7447 57.3404 58.4673 58.1781 64.4585 60.0764 61.8321 61.6909 62.2727 62.4143 62.7444 61.4527 59.0148 61.9268 61.7577 63.6073 59.1416 59.7123 60.5156 58.7798 58.6972 57.7839 61.4781 63.5276 61.5934 62.2584 62.2378 60.3067 63.5332 58.9077 63.58 56.8007 60.7775 63.8773 59.7962 60.3916 65.6493 62.5432 57.0904 64.0528 62.0554 64.628 60.0019 62.7676 58.0952 61.5007 64.451 61.8317 60.5585 61.6455 58.9357 60.5959 62.978 62.7857 61.714 63.9076 
65.1395 63.0555 63.4016 62.4704 59.6937 70.102 62.5651 65.3824 63.162 62.8013 60.5034 64.7791 61.052 62.4751 63.4395 62.6653 63.1959 57.5197 63.502 64.3812 64.9839 64.1599 58.1264 57.511 65.1381 68.2911 68.4058 65.6571 66.9733 65.4376 63.4568 66.9032 61.9663 64.0711 59.9545 66.0518 65.5343 65.398 61.4342 65.2782 63.8732 67.9054 64.4606 62.9335 57.2541 64.4597 65.5788 65.0299 65.4155 63.3933 64.1794 60.2172 64.9023 60.8171 63.6645 70.0838 66.8746 66.1568 65.6242 66.5986 59.7395 64.0789 67.8296 61.7187 68.2232 63.5085 63.1174 59.9558 65.7361 63.0056 60.4034 64.8942 64.0676 65.1977 65.7185 64.8076 58.9271 63.8 68.4076 69.9854 63.9802 64.5879 64.8796 61.5919 65.1437 66.0981 64.826 68.353 64.5582 61.2484 65.5608 64.7415 63.1763 65.9418 61.0521 66.3156 62.361 65.8749 62.9532 65.5875 62.4937 64.103 61.7149 62.972 64.4633 68.1381 63.8823 61.3728 62.5064 65.4511 65.6268 62.361 63.0646 62.7814 64.9087 61.8195 67.5097 63.1076 62.5588 64.7278 67.1798 64.1516 62.9716 65.8366 66.0958 70.4704 67.0373 64.7802 63.1176 63.7623 60.0824 65.6362 57.6066 66.4818 61.5377 63.4033 64.1205 60.5311 57.3179 65.3589 63.4789 64.0456 63.2649 64.6358 62.5319 62.8142 67.0037 65.339 68.1471 61.8576 71.0462 64.5289 58.5497 62.0464 63.7765 66.1755 61.8155 60.9796 62.1193 64.1437 63.4979 64.8474 61.7435 61.9309 64.8636 61.1316 64.6078 70.7082 63.4205 65.8662 68.5737 63.1365 67.0678 67.3346 69.3066 65.9167 57.2207 64.9145 66.7443 64.7371 65.0338 62.5569 65.8805 61.5863 62.8521 62.5099 66.9781 63.6216 66.8566 64.8109 63.351 65.1125 64.0322 63.6208 67.2979 59.1331 62.181 63.3327 65.9636 60.0861 62.0375 61.6737 66.3858 67.0661 62.5206 64.0056 63.6499 67.3501 60.9065 65.8831 62.494 65.5026 62.9978 61.3084 66.2503 62.3115 62.6046 63.6964 63.0959 65.0343 65.9507 61.0394 65.3928 62.6761 64.8463 59.5965 63.6236 64.8598 60.0696 64.2688 68.3062 63.2042 60.5443 70.1151 62.9103 68.8902 59.904 65.143 61.0283 63.62 63.8897 67.0083 63.9462 64.8463 62.9618 60.7067 62.3721 62.3786 63.2213 63.8403 
59.1596 59.3836 60.307 54.468 52.9682 64.7912 57.1794 60.4147 60.2622 55.1649 55.1095 59.6268 53.1832 58.153 58.8723 57.1891 58.0603 53.1305 59.0668 63.0497 59.9757 60.2039 54.5708 54.0388 60.0592 59.5975 60.0786 60.9863 60.2501 58.8431 59.7129 62.4389 55.3043 60.7898 57.431 59.5231 57.8297 59.054 56.6723 61.0326 57.7898 62.7486 61.9283 60.771 54.0344 62.5045 59.4459 59.3011 60.5083 59.4809 62.133 58.1297 60.8136 57.2907 58.5456 66.5885 62.8438 58.0783 61.4798 61.571 58.1151 58.6852 61.9547 57.7595 60.0807 60.9854 61.8769 59.3149 57.8559 56.9675 56.0413 59.7481 56.3096 60.5649 62.498 58.5558 55.1007 58.1072 66.2973 65.979 58.4233 58.5161 60.4542 57.1223 59.77 61.5284 60.9901 64.2316 61.6721 56.7635 60.7223 59.1879 57.4047 61.1113 59.0961 61.7007 57.1991 60.3623 57.1982 62.3779 56.806 58.3084 57.1626 58.811 58.2816 61.8914 58.9779 60.4331 59.3395 58.2855 61.3465 60.0045 61.5207 57.725 61.5361 57.3228 63.3786 56.8748 59.1334 60.2127 61.9367 60.4224 57.5127 60.6414 59.757 66.0161 61.482 60.1034 58.8151 61.47 54.1113 62.8617 53.3537 59.7242 56.5342 56.7019 58.2735 57.6847 54.0029 59.0422 58.6411 60.6384 56.2839 57.7339 56.9008 56.7079 60.6304 60.9599 62.1804 58.2806 64.661 58.2599 57.173 57.3509 58.5993 60.662 58.3979 53.5424 57.6084 58.7266 60.6574 59.6122 57.9402 57.3926 57.9055 58.3228 58.8942 66.978 58.9803 60.5093 65.4111 60.0686 65.4151 63.7842 61.9937 58.5147 51.5309 57.535 62.1545 59.2979 61.2714 58.901 62.3357 54.8996 57.8574 57.2485 62.1446 57.9961 58.2003 59.2913 57.3082 60.8976 60.797 58.2438 61.8122 56.3234 57.4884 55.2324 60.7761 57.4947 60.8852 63.0938 62.4062 61.0536 59.0188 57.469 57.7984 61.285 57.2804 61.5254 56.6971 59.6556 59.2347 57.4288 59.0498 57.0171 60.0635 60.1088 59.5908 57.2718 58.6228 57.8615 63.3568 56.619 64.3839 56.5924 60.368 59.7596 56.1311 59.7067 63.2116 61.9053 55.5035 61.7005 58.7066 63.6226 58.0457 59.7057 56.3364 60.3536 60.2126 58.2503 58.9904 60.5085 57.76 56.4316 58.5985 60.3112 57.8981 59.6273 
58.8011 61.7448 60.9299 57.3317 55.7523 66.9125 58.3997 63.0928 62.4719 59.7424 57.514 59.3903 57.1524 59.1103 60.7931 58.9675 58.261 54.0998 62.1387 62.9607 60.714 59.3407 56.2041 56.7448 59.8721 62.526 62.4751 62.054 62.1802 59.9374 60.3535 64.8128 56.368 62.9177 57.6552 61.5852 60.6514 59.7624 61.7657 63.1143 61.2701 64.4122 60.6867 59.3376 55.7328 61.9823 66.4826 63.4551 62.3125 61.2181 61.452 58.533 61.4834 59.6791 63.3752 68.9693 65.188 60.0032 61.1202 59.6601 61.4789 63.4727 61.9264 62.6065 65.4082 59.2269 63.9722 60.4887 62.9337 59.4868 57.0741 57.4425 57.4104 61.1412 62.2056 61.6288 57.4468 58.5575 65.7471 66.6539 58.395 59.0759 63.5168 59.7668 61.8734 63.2527 61.4674 66.2441 61.3537 56.5379 62.6405 63.8685 57.2008 64.9044 57.5079 63.0145 61.0434 61.8357 56.6688 64.2202 58.5833 60.8634 60.3997 61.5548 61.4731 60.8156 58.9498 59.2878 60.468 60.9782 62.8172 58.7751 64.8317 60.0176 64.3682 59.3433 63.2425 60.3622 61.1367 62.4802 61.2623 62.5831 60.2895 61.4346 62.9132 66.9135 63.8884 62.9322 61.3497 62.166 56.9607 62.751 55.9628 61.37 59.3631 61.138 58.0668 58.3516 55.4968 62.4057 61.049 61.0714 62.025 59.0228 59.9043 61.9673 62.7642 62.275 67.8649 60.5932 65.2698 59.7079 59.7662 60.2873 63.4001 63.0423 58.7711 57.3003 58.2573 62.2501 59.6417 58.929 59.6864 58.8917 59.424 56.9214 59.3577 68.8351 57.8697 61.55 66.2312 61.0243 65.4539 64.5092 62.855 64.1503 54.0673 60.6779 61.2865 61.6492 62.3359 59.3022 63.6853 57.1082 60.7711 58.6076 62.1697 59.5474 61.4153 60.8373 56.3848 59.9485 63.3688 60.2049 65.6148 58.6977 60.1078 56.5644 63.521 56.5475 58.8617 61.5516 64.5778 63.0596 61.4637 60.8094 58.7607 64.3402 59.285 64.7404 59.5666 60.7577 61.0868 59.2074 60.6046 57.6612 61.3486 61.457 57.8459 60.8122 60.3036 58.4263 63.0404 58.67 63.5471 57.1018 61.9227 61.3612 58.8027 61.054 63.0328 59.4205 57.8887 62.2473 62.1485 64.2446 59.7471 63.7352 60.7391 60.3606 62.0665 62.8524 60.7789 64.176 59.2996 59.4369 59.4496 60.6925 58.063 62.221 
68.0597 66.2467 66.7038 65.9171 61.1768 70.9071 64.7746 69.6068 64.916 65.4373 63.2179 65.8733 67.8373 67.1047 66.3749 64.3323 67.1643 59.9503 66.8962 71.1775 69.4176 66.1483 63.1694 60.5808 68.2385 68.8888 67.7422 66.8274 68.5727 65.9803 65.4798 69.0503 65.0376 66.3138 62.0267 67.2852 66.6271 65.7953 67.2937 67.6031 69.3084 71.0728 68.1901 64.0047 60.6586 68.0695 69.8141 69.1627 67.7497 63.9495 66.888 64.213 68.433 63.9974 69.7524 74.2846 69.4608 69.1242 66.9695 68.7739 64.1466 70.9135 66.7964 65.2013 68.1833 68.1699 64.4077 66.3793 73.9961 62.8557 63.6599 66.4013 64.9656 70.3043 69.2076 67.8086 63.1822 63.7287 72.983 75.3158 65.2709 65.9954 66.4584 67.0984 69.9007 69.9632 70.8699 71.85 66.7558 63.9962 68.052 70.2823 65.2913 67.5046 63.88 67.6223 65.3216 68.7324 63.6204 69.261 68.7058 64.4124 64.7814 67.3211 66.5059 68.4467 68.7465 64.0544 67.6889 66.6573 69.683 66.2908 66.7187 66.5673 69.0312 65.9432 67.3773 68.4069 65.7909 67.6605 71.7077 67.5105 65.9775 70.105 70.172 72.5975 72.4575 67.6368 66.0242 69.6567 65.1435 68.0525 62.9397 66.9663 64.8364 66.0299 67.8562 62.64 63.8354 66.5541 65.4577 66.4786 68.582 66.8761 64.4907 69.1481 70.3678 68.0687 70.71 64.3524 71.5126 66.8224 66.0701 66.5829 68.3102 67.5975 64.1748 62.5264 66.0766 66.1864 66.8556 65.3789 67.4257 64.3544 64.6849 62.5931 68.8218 76.4935 64.6206 66.6729 69.4433 66.5282 70.0375 72.5477 68.9349 68.6747 62.553 67.4513 68.9216 68.8373 66.6205 67.3431 65.9186 65.5319 64.1266 63.5326 71.8855 66.3355 67.0377 68.3381 66.7283 66.3381 68.9585 66.2044 70.4883 67.2161 64.8828 64.3525 69.6207 62.178 65.9922 67.0234 66.4649 67.0078 66.8398 66.3146 63.2118 70.0141 65.9927 67.5327 66.438 67.0951 65.7734 66.113 67.4805 63.4928 67.5846 66.0809 67.661 65.55 65.6348 66.5197 67.0111 65.7673 68.9098 62.2523 66.6911 67.0529 64.8471 67.928 71.4045 68.6211 65.3224 70.803 67.1794 71.2097 63.1037 73.5613 63.7286 69.8767 68.5777 70.2569 69.5538 68.5344 63.9142 65.9942 64.5138 67.2654 66.0483 66.6238 
64.0384 60.7128 61.2203 62.2084 58.0428 68.9731 61.1769 62.4963 60.1491 59.8173 58.6501 61.4549 61.5715 62.9382 62.3985 63.3107 64.087 56.8798 64.6464 68.1417 65.1749 60.6567 58.1953 56.8894 65.0025 65.6678 63.7321 64.8168 60.8614 61.91 63.5713 66.5668 59.9737 63.2238 58.1204 62.9019 60.5331 64.2271 61.3098 62.3458 62.3147 65.4855 64.8894 64.2558 57.0993 63.3632 65.3539 64.6782 63.2256 62.2942 63.9639 60.1778 63.5034 59.5451 62.9013 68.698 65.4086 63.1568 59.1585 61.2793 58.2815 64.2729 62.3476 62.4759 65.59 60.5318 61.5931 59.5933 67.6274 60.5644 57.9682 59.1929 59.9935 62.2463 63.6951 63.0348 57.0296 60.6496 67.1396 65.9753 59.5032 62.442 60.8832 61.5004 62.4537 63.0027 66.8805 62.8058 64.3979 61.3701 64.4766 65.3042 59.6537 63.7022 62.3611 63.7373 61.3817 63.171 60.9073 61.8143 64.8542 59.4047 59.0504 61.3113 62.738 60.0158 63.4463 58.9533 60.0943 62.0044 64.5953 62.6812 62.1952 60.5819 64.3228 57.0796 62.7196 62.2784 60.984 65.3413 65.9805 62.5965 58.0793 64.3117 65.9054 67.439 64.3327 65.7574 60.9133 64.4561 57.8735 62.8 58.2489 62.7869 57.767 60.934 60.3376 57.6488 56.2894 61.6704 61.955 60.2137 62.4916 61.2267 63.8734 64.4812 63.1103 62.0615 65.8275 59.8049 66.3217 59.0204 58.4031 59.6383 61.6166 61.1208 59.2915 60.9993 59.3113 60.663 62.178 59.3528 61.8266 59.9866 62.0231 59.6784 61.0043 68.8607 61.9249 60.5969 64.9699 60.515 68.5063 68.4325 64.2155 62.6843 57.4966 60.9543 65.7691 61.847 62.0797 61.2376 64.4619 60.4207 61.0805 58.4557 66.0361 59.6249 60.7207 63.3316 57.994 60.7821 64.8187 59.4284 65.0356 59.7847 59.0117 58.7906 65.4355 58.4546 61.5301 60.8216 64.9644 64.1852 61.7908 61.3658 59.3351 64.1855 60.6997 63.8783 61.3065 63.6505 60.1317 61.1416 63.1733 58.8134 64.0631 61.748 63.1174 63.717 59.5576 58.1313 64.5772 58.8906 61.962 58.8348 61.4083 60.8086 60.4888 63.3691 66.2921 60.7695 58.7663 64.0831 60.6029 64.7787 60.7642 63.0057 60.0698 62.9287 63.3163 63.3113 63.3576 61.6123 59.879 61.1462 63.2609 60.7667 60.6009 60.5977 
61.5813 60.6752 58.7437 57.3927 56.023 66.4371 58.0197 63.2292 60.1441 57.8477 57.9966 61.1208 59.4206 60.6785 59.2311 59.9255 58.4736 53.6823 61.9205 60.4678 63.0394 59.2099 53.9865 57.2703 62.2801 62.5762 61.008 58.0736 59.4053 59.7497 61.3469 63.9254 58.1043 60.6766 55.2078 62.109 59.4212 61.2921 59.1638 59.5652 60.4979 63.634 62.0491 60.2145 54.5628 64.6991 64.5418 63.2005 59.7079 60.4827 60.4054 56.0491 60.9392 58.7913 60.2235 67.7145 63.2763 60.9283 58.8067 59.0656 59.5388 60.861 61.6383 56.5364 62.239 60.1118 58.9037 59.3519 59.6392 59.2597 55.0546 60.2647 58.9675 61.9661 62.5004 58.9582 54.7688 56.598 64.6469 63.8502 60.0046 57.6554 61.6616 59.6704 62.1386 59.9815 62.0708 63.9978 61.9477 59.7247 59.4817 59.5329 58.1417 61.99 58.3398 62.5329 61.6449 60.8163 55.6551 60.7493 60.3194 59.1526 59.121 60.0876 61.5557 59.8342 60.7048 60.829 58.8371 60.5042 63.2863 59.2881 58.1078 59.7701 60.6046 56.8756 61.5549 59.665 60.0809 62.001 60.9323 60.257 55.7814 62.7893 62.2526 66.0824 63.045 61.0479 56.8913 61.653 55.9618 59.6201 55.634 59.9948 58.1212 58.8168 59.3749 57.0371 55.346 55.4092 60.5326 59.5809 60.0548 59.8512 57.999 60.181 60.7218 62.5221 62.8432 58.188 64.555 59.2651 57.8205 59.3868 62.4121 63.5946 60.4853 57.7615 57.4746 57.8756 59.2659 60.8341 58.5754 59.9291 62.2927 55.5657 59.9678 69.7317 60.7173 57.6826 62.7194 60.8356 63.7936 63.5351 63.7617 59.3618 54.6551 59.6964 64.9889 58.8575 61.1939 58.3108 60.3705 60.3808 59.0496 57.0267 62.934 56.7835 62.0077 60.6465 59.5887 59.9827 60.826 58.9204 62.5476 59.4388 59.5563 56.4365 63.6416 56.319 60.1753 60.5521 62.1885 62.6785 60.1632 59.4331 58.7434 62.7338 60.9586 62.1579 60.1512 57.6091 58.3721 58.2722 60.6315 58.8531 61.1079 58.3891 60.5473 58.6221 59.4996 55.6966 60.2019 57.2888 61.3708 59.1191 61.2321 59.7153 59.9204 60.8999 63.577 58.7601 55.845 64.0941 62.4007 63.4629 57.3533 64.4209 58.4846 61.8252 58.2181 59.6533 59.1502 58.7803 58.7794 55.929 58.6911 59.692 62.0288 60.7269 
61.1651 59.6686 59.7455 55.5103 54.6813 67.1537 59.6102 60.3806 58.7178 60.5175 56.8627 62.345 56.1818 60.9774 60.0337 57.4511 61.0498 52.9769 60.7445 61.649 63.0554 56.7215 53.3113 58.0016 63.0633 65.4525 59.348 58.7431 59.4839 61.0771 60.4487 62.3359 56.5139 61.9916 56.1819 60.9998 58.3484 60.3128 58.3915 60.9641 62.5092 63.5255 60.9162 58.5729 54.8412 62.3088 64.4881 60.8315 59.343 58.5277 60.5236 57.8234 59.2682 57.7254 60.2453 65.1027 64.584 62.7966 56.6354 60.1494 58.3646 62.9617 59.3441 59.4788 61.8083 58.2492 57.98 57.5539 61.8157 59.1432 56.4006 59.9762 58.6519 60.1398 61.134 62.4924 55.5467 58.4661 63.8712 63.4954 60.0863 58.8774 57.0675 59.3354 60.7138 60.7029 63.7604 64.346 60.068 56.8577 61.6429 58.4346 57.7582 61.5413 58.4934 61.3226 60.6934 61.4398 57.8834 60.0147 59.1142 57.3999 57.5369 59.8672 58.6662 61.9818 59.7429 59.4846 58.8585 60.6251 61.1478 60.4792 60.2021 57.4049 60.6005 56.3675 62.5202 58.0489 60.4153 61.1221 61.4035 60.7114 57.3647 62.1247 61.549 65.87 60.4559 61.1283 55.899 60.9432 56.1538 62.5149 54.614 62.2953 57.2996 55.5412 60.4805 54.3817 55.3265 61.1918 61.3247 58.1124 59.0964 59.4575 56.6657 60.8558 59.68 62.9699 63.3545 59.0024 63.4831 59.0687 58.5629 57.8653 61.1897 61.1946 56.5572 56.4203 55.3022 57.5788 59.0085 59.4325 60.5134 57.3752 58.4073 56.4986 58.9778 67.5297 59.4504 58.6872 61.1355 58.8679 62.5134 62.4761 64.4005 62.4917 55.41 58.9028 64.2458 60.222 57.069 59.3763 60.9112 57.5001 59.3056 58.1496 64.8973 58.7133 61.9374 62.0767 57.9466 59.7489 59.1128 55.631 64.8785 57.5739 58.6993 58.5415 60.6517 53.8983 61.0383 61.458 59.4242 61.3507 59.8874 58.9292 56.3734 61.4746 55.7469 60.2428 57.7271 57.6328 60.8986 56.2168 60.5228 57.712 57.1094 60.5959 57.8183 59.4827 56.5184 55.8059 59.2818 58.5835 61.2601 55.0847 55.9339 58.9039 60.4919 60.9825 64.5089 57.8808 55.3188 61.5238 58.6857 62.5442 57.2756 60.9112 58.3163 61.2601 58.9898 61.8239 59.3843 60.8361 60.3296 55.9451 58.9006 59.1043 60.7182 60.204 
60.0489 60.173 60.8225 57.9385 56.3169 66.7 56.158 59.9805 59.4972 59.2872 57.5584 60.2841 58.7587 61.5209 59.8115 60.83 60.291 54.0776 61.9107 63.7535 63.9679 60.49 56.2616 57.1133 62.0023 64.2558 64.3485 59.7387 62.8665 61.1113 58.6518 62.4071 59.4153 63.5424 59.1216 62.7513 60.5258 59.7562 58.7646 60.1452 61.3968 63.2163 62.4885 62.3448 57.162 65.5052 63.6043 64.0824 60.2176 60.6786 63.9088 58.1666 61.1872 58.7267 61.2503 68.369 63.7656 60.9068 61.7336 60.4228 59.1767 63.341 59.6143 59.4039 63.2929 59.7663 60.8268 58.5238 65.2233 60.3064 60.2043 57.8828 59.2965 60.2172 63.207 59.4988 55.363 60.0943 66.7618 66.0047 58.8908 56.3014 61.9398 60.0803 62.2825 61.3351 62.7572 65.8847 61.5542 59.3095 59.6638 60.9204 57.3107 61.3626 60.0834 61.5533 60.8215 60.2763 58.6789 62.1653 59.887 61.3642 60.3046 61.513 62.0398 58.8052 61.1887 59.8832 63.255 59.4019 63.7479 60.748 59.1696 61.2016 61.7668 59.4143 64.3558 60.7727 60.2507 61.5906 65.0247 61.9364 59.4865 60.6062 61.0708 68.4371 61.6871 63.3673 59.5168 62.846 57.7543 62.537 55.2898 62.408 59.0033 60.2801 60.5052 59.0602 56.9084 59.51 59.6449 60.4655 60.9412 59.7697 56.8261 61.6978 64.5616 62.8855 66.0307 60.4449 67.2431 60.3923 57.2598 60.596 60.8041 64.2624 57.3914 56.6232 60.1249 60.9266 61.5781 61.2507 61.0332 58.3752 59.6964 57.3417 62.5399 67.7781 60.9987 62.0142 64.4531 58.5836 62.2519 64.3037 63.8971 60.262 57.6421 60.5955 66.7268 61.4251 60.5929 62.4068 64.5709 58.712 56.5916 57.6524 63.8461 59.2841 63.0854 62.9414 59.3382 64.1591 62.7232 59.7218 65.5005 58.6643 59.5444 58.7589 61.8099 60.7387 64.2599 60.2483 63.3475 62.1088 61.2983 61.2497 61.5512 62.6972 60.4898 61.6217 60.9304 61.3355 61.2496 60.901 62.3146 59.5925 61.198 61.7345 60.9308 57.6556 59.2158 58.8504 63.5476 57.5918 60.9323 58.1448 62.6358 61.2406 62.2021 61.3156 63.6175 60.3136 59.0191 63.886 61.1304 64.8228 59.6995 62.9873 58.131 62.7225 61.8201 61.6367 59.038 60.2646 58.488 57.8949 62.2164 62.6648 60.964 64.1294 
62.6432 64.783 65.3937 61.8664 61.3668 68.894 62.1143 67.2127 65.9756 63.1387 61.493 65.5477 64.064 65.4385 62.0591 63.4889 62.7538 58.9989 63.4826 65.8452 66.0183 63.3621 61.647 61.3417 64.545 66.7047 66.1971 64.0827 64.7531 64.22 62.9693 67.9029 61.7766 65.039 60.7717 64.125 63.0663 63.8177 64.3507 64.7997 63.0455 67.3583 67.0793 64.7266 59.3822 65.9742 69.207 66.6245 64.5759 66.6247 64.7324 62.833 63.9394 65.0166 64.3875 71.0587 66.4204 68.3537 67.7449 64.5063 62.7372 65.7984 63.5679 62.9187 65.8664 65.7928 64.9713 63.3898 67.2483 63.5039 59.8081 64.6095 62.8861 66.6465 65.2192 66.1338 58.9383 61.1053 71.3619 70.7102 60.8211 64.9212 67.2559 63.4231 67.4672 66.946 68.476 67.0582 64.4393 62.1319 64.1522 65.0693 59.7491 66.4488 62.0302 64.9944 63.553 65.1138 62.956 64.7366 63.3821 63.9596 65.5829 64.4494 65.0894 67.0307 64.5257 61.6806 64.0893 65.7448 65.3792 62.3815 62.6734 63.229 64.3705 64.3903 64.74 62.3813 62.7266 67.9217 68.1206 66.2747 61.8038 65.4295 66.917 70.7872 68.2496 65.6084 63.9166 68.0517 63.5447 62.4244 63.7858 62.6681 62.3216 62.8753 63.8416 61.0373 61.7673 63.9481 63.4739 64.4086 64.2609 62.4746 63.1358 64.4804 67.8367 66.2982 67.5492 63.3084 69.5206 61.5229 61.9406 63.0215 65.0353 67.2329 62.0307 61.9119 61.6653 62.6127 62.5828 63.0015 60.4335 62.1732 61.3342 61.5166 64.714 70.8156 63.1233 65.8902 66.8263 64.2442 67.4293 68.9702 65.8247 66.2042 57.7239 65.2545 67.4243 65.473 65.4082 64.4148 66.8448 61.742 63.4343 61.6831 68.2744 66.4169 67.0503 64.7054 60.9017 64.2505 65.0889 65.8261 70.5685 63.7439 62.6793 62.4837 69.0453 62.6006 64.8243 65.6352 67.9197 66.217 66.2142 65.5155 61.6928 64.1671 63.5334 66.0403 66.0987 62.7125 61.7226 60.3095 65.012 59.9851 66.2236 66.977 67.0919 66.3119 63.7904 64.7301 64.8925 61.4607 65.6029 63.4575 64.3082 65.865 63.6236 64.809 66.0279 64.7188 62.6886 67.9749 64.2975 68.5279 60.6836 66.443 61.4135 66.742 65.7426 65.979 64.6719 64.6732 60.587 62.0469 60.8573 64.2056 62.7185 66.4078 
65.1828 66.6472 63.0899 64.3953 58.3752 72.4358 63.4505 67.3647 64.4344 67.5664 63.1884 65.2694 65.3628 64.9114 63.6958 65.2886 62.9542 60.5945 66.9227 70.1702 70.1023 64.9595 59.8978 61.5108 68.7357 69.0939 66.4755 66.6593 69.2066 66.8445 63.9029 67.3002 65.461 66.6288 61.4369 68.332 63.4957 64.793 64.8175 65.4727 65.8908 70.7121 66.351 66.6597 62.6404 70.242 69.3356 68.3567 68.2883 65.5922 67.4792 62.7162 68.7554 64.8315 68.9307 74.5714 68.1598 69.7853 67.3153 63.1806 63.6249 69.379 64.6889 67.0041 68.1199 65.9173 66.9667 65.6794 69.7238 66.8358 63.7046 62.8857 62.4371 70.4012 67.8448 64.1373 60.8428 63.8093 72.3585 71.7417 63.9492 63.7197 68.6911 65.1201 66.0719 67.3853 66.8362 69.2052 68.2909 63.7769 67.5426 68.7558 65.5694 69.1319 63.1812 67.3068 65.9114 67.6471 61.5925 67.4591 65.409 65.0525 66.1301 65.8105 65.368 66.4014 66.8139 64.8684 62.8482 66.5254 66.697 64.7752 66.1106 67.1016 68.3585 63.5726 69.631 66.4678 66.9316 67.6475 70.5289 69.5068 64.5729 69.4762 68.3244 70.8416 67.0419 69.0024 65.9337 67.8108 63.2135 67.2625 62.6551 69.5227 63.5997 65.3266 64.2468 62.0862 58.3466 65.1034 63.87 66.2092 67.0004 66.0248 64.5348 66.3886 69.953 67.2349 69.5781 63.5133 72.4495 64.0104 63.6355 65.2652 66.4719 68.3655 65.3836 63.7566 64.55 63.9923 66.5853 63.3251 65.0831 64.0221 67.3117 61.9748 64.2923 77.4817 66.1673 64.7444 69.7385 66.5394 69.3062 69.5339 68.9324 69.0473 62.5933 65.5727 67.2371 67.6063 67.5461 68.2979 67.5109 64.8734 65.3564 61.9031 70.8743 64.4737 67.2751 67.485 65.7562 65.3058 66.4257 66.3773 68.542 62.4682 63.8052 62.003 68.7019 61.9796 63.9194 63.7935 69.8994 68.9986 65.5827 67.5757 69.08 69.4034 67.2694 69.5027 65.9856 66.2018 64.765 65.3319 68.4504 64.6488 65.274 64.5839 66.5754 67.7298 66.5616 63.355 67.1078 63.4142 67.1397 62.1288 65.6784 66.1239 65.1749 64.9504 69.1635 66.1843 64.4863 71.2195 65.6615 68.6647 62.6205 67.8684 61.5265 66.1128 68.4309 65.7096 65.972 64.4772 60.7849 64.4596 66.7635 69.1562 64.4897 66.7662 
61.5392 60.9211 62.0098 59.2994 56.6678 65.4886 61.3845 62.943 61.4935 60.2792 58.3356 60.0872 56.8309 61.1257 60.8692 55.983 58.4275 54.5566 61.9179 65.7764 61.9338 58.8891 57.2519 56.4123 60.9363 65.8811 61.2702 61.7248 63.8347 61.4372 58.1613 64.4239 60.0828 61.4671 59.8935 65.5016 61.0469 61.1827 59.2474 60.2625 61.5386 65.3758 64.3319 59.5255 53.4624 62.789 63.3409 62.3137 61.4123 60.1663 63.3593 58.8184 60.615 60.0628 61.316 67.6898 62.2408 64.1944 63.0325 61.7054 59.6337 63.3655 60.9566 59.1443 64.5037 62.2349 59.21 59.5259 64.6909 61.9102 59.6896 59.896 60.2413 63.5891 61.4505 60.7721 56.8595 60.8961 65.8907 65.8908 59.1415 59.177 62.5503 61.4646 61.5529 62.1321 63.6328 64.1444 61.7995 60.7045 61.2073 60.5105 60.9691 62.1724 62.5346 62.1237 61.9241 63.3372 60.2413 61.5342 60.509 59.8012 60.8624 59.3095 61.7766 62.5266 61.4512 61.3904 62.0261 62.3907 62.2933 57.3927 61.568 60.9978 62.1377 58.8634 62.4554 64.1161 61.0218 63.466 61.636 58.9807 61.1863 63.4812 64.9814 64.9227 63.8893 63.3858 58.5499 62.5391 57.6257 60.4793 59.8807 63.4163 58.7848 58.5161 60.6074 61.6473 55.4648 60.3508 59.8051 63.8645 59.5967 61.4458 60.4299 62.2836 64.3093 61.4518 63.5558 59.7018 65.6359 60.785 59.1149 61.1095 59.459 63.1126 58.1516 57.8707 58.7097 58.7387 61.8054 62.3057 62.0219 58.1546 60.7201 57.0497 62.7082 69.7601 60.6768 61.1497 63.7938 61.9171 63.6177 62.4406 64.1398 59.8271 55.6154 60.095 64.1894 61.4258 60.3263 62.3355 66.1835 58.5423 59.3044 58.1339 65.8066 58.2495 63.8804 60.6355 61.0904 61.3357 59.1133 60.7598 64.6308 59.0898 58.481 58.9856 61.9664 57.8119 61.9555 61.2021 63.1107 63.118 63.0224 62.383 60.6862 63.6867 57.2735 63.3231 58.5167 61.6747 60.5264 60.9432 61.9649 57.5802 60.0567 61.6276 60.9727 61.5243 60.9618 58.3973 62.4745 59.4108 64.6519 55.8249 62.1031 61.0498 62.9894 62.4224 63.2533 61.2394 58.5633 64.718 59.4082 63.3816 57.5228 63.1568 57.795 60.1505 63.82 63.0055 61.2237 59.7284 58.9998 60.0766 61.4484 61.8762 60.3175 62.522 
58.2251 62.8369 61.1018 54.6881 54.946 65.1824 56.8731 59.4663 59.4197 60.1489 57.99 60.2009 57.7331 58.9197 59.0521 57.9055 58.0725 52.9632 61.0067 63.589 63.0645 58.5331 57.1277 56.1747 60.9115 63.4365 60.2768 59.9872 62.0525 58.1657 57.1609 61.0768 55.9058 60.5272 57.5245 61.976 60.0561 58.8391 57.9761 62.1885 59.5463 64.7443 62.9517 59.3413 55.6273 61.0142 62.3855 60.6215 62.2415 60.5328 62.24 57.3977 60.047 57.1904 59.6568 67.9729 62.1768 60.5742 58.9882 59.8291 61.4082 61.1024 59.2933 59.6758 64.9397 59.2739 63.5347 57.7244 61.0368 59.114 57.5578 57.5097 57.7718 59.546 58.9674 59.7777 54.0017 55.6003 65.2115 66.4423 56.9852 57.8473 59.4765 58.5953 61.9033 62.2904 62.7845 61.9644 59.8168 57.8316 61.8609 62.3619 58.9395 61.533 60.4527 60.9677 58.2607 61.7885 57.7364 61.1316 60.2797 58.3915 59.5685 60.7207 61.3781 59.5572 58.8328 59.6363 61.4065 61.6962 62.1895 57.8424 60.2309 60.6494 62.1362 58.154 63.1606 57.3943 59.6777 63.921 63.3268 61.8247 56.7316 58.9742 61.0148 65.4421 61.368 59.6318 56.8258 60.9399 55.9578 61.4558 56.0648 59.7708 59.5629 59.2689 59.3505 57.6019 55.2248 58.6317 58.8323 59.8055 59.3192 58.7496 60.1586 58.8725 63.0748 62.3086 63.7539 60.1011 63.5618 59.0623 57.11 59.6905 60.3483 61.0117 59.6076 58.4229 58.6397 58.0929 59.6059 58.1194 60.0256 59.1529 59.6436 56.6856 59.4852 69.1836 60.1368 58.9758 63.657 60.0121 62.7106 65.0586 63.5915 62.3739 54.5545 59.7529 65.2168 62.0847 60.1816 57.9604 61.4001 57.99 59.1607 54.5863 65.0446 57.488 61.5225 59.4712 58.8293 59.2141 62.299 57.2978 61.6534 58.1788 56.3111 56.4768 63.4286 56.3986 61.0563 59.9276 64.5883 59.7548 59.9681 60.4117 56.4304 64.1639 59.7534 59.6728 59.1815 60.6422 60.0666 55.9574 62.6312 55.6988 60.1578 61.8518 60.0947 59.9972 59.8884 57.6415 61.0193 55.9411 60.0831 55.6396 59.774 59.3851 59.7428 60.0241 62.4144 61.3354 57.3628 64.0857 61.4918 62.6293 56.9351 61.6127 59.8015 61.6347 60.9184 60.2698 60.0942 60.754 57.5355 57.2904 59.8752 60.923 61.3462 59.9016 
59.4238 60.6395 55.1622 57.0748 53.9317 64.4609 57.7691 58.9184 56.4967 58.7361 53.4427 57.8599 57.4353 58.5128 57.5281 57.5481 58.002 53.8065 59.8835 61.9072 61.1962 57.7725 57.2302 55.4848 63.1956 61.7785 59.6799 59.8073 60.777 58.9542 58.1403 60.3454 57.7693 60.4458 56.7953 59.7064 58.7244 58.07 59.5713 59.7625 56.1827 62.8412 58.8631 58.3757 54.2119 61.9886 60.4858 59.6523 58.8777 57.786 61.0979 56.1708 57.6935 55.1802 61.859 64.2983 61.9721 62.4624 59.6786 59.743 55.9399 61.7079 58.9513 59.4002 61.2024 57.7911 59.4987 56.2164 64.1292 59.052 54.8203 57.9059 54.8766 62.3025 57.6556 58.6753 55.8578 56.4828 63.1759 60.9043 55.2454 55.975 60.0457 58.6051 58.8335 63.7219 62.7523 62.1583 57.7727 56.4038 61.9459 57.8285 58.2193 61.4231 57.0389 59.5201 57.3701 60.7785 57.3338 61.292 58.5859 58.6191 57.686 57.6609 58.9574 59.6872 59.7771 56.0858 56.2664 57.5335 62.2297 59.1333 60.0632 58.381 61.4103 57.6764 61.2613 60.1192 59.2358 61.9739 60.3571 58.7686 56.7261 59.4976 59.4539 66.7344 59.7133 59.456 55.8902 58.8768 53.3974 60.6475 54.3477 57.4908 55.9843 56.7088 57.7216 56.2778 53.0493 60.5277 57.1226 59.5427 59.5945 58.5071 56.7758 59.3183 60.6138 63.1627 62.8949 56.1886 61.7227 56.7765 55.0606 58.7004 59.206 61.8951 55.7195 55.4274 54.8083 59.4873 56.7569 59.3227 57.5732 56.6993 57.5971 56.1493 59.6096 67.379 58.4988 59.6193 59.2572 57.7077 60.6504 62.8821 58.8524 59.2607 54.0736 57.0678 59.4515 57.6638 57.091 56.5593 61.9837 55.3657 52.6039 54.8459 60.8747 58.7536 61.7387 57.535 57.1553 57.7549 59.5838 57.1243 60.5718 53.6187 56.9498 55.6118 61.8016 57.8574 59.662 57.9557 60.729 60.8576 58.4622 58.4655 56.3209 59.3285 57.4553 61.164 58.6334 57.5692 57.5718 57.9005 60.4691 58.8943 58.1411 58.5588 60.4319 60.3046 58.8378 56.4945 58.0981 57.2101 58.0536 54.1885 57.3047 61.5635 58.8637 59.6832 63.3591 58.1805 55.5976 61.3115 60.1206 59.7682 58.9199 61.2325 55.2307 60.5275 60.1437 59.8703 57.037 60.7958 55.827 55.4955 56.902 58.6698 55.8467 59.2088 
64.6588 61.8867 60.4447 57.9189 55.4115 68.5495 58.4969 63.6154 60.1825 64.3045 59.3034 64.65 59.4612 62.7106 62.5421 59.8851 62.4889 57.2503 62.6079 65.5558 64.0929 59.5642 57.8853 58.0633 63.3638 67.2379 62.4404 61.3973 62.2374 61.5823 60.2802 62.488 61.1041 63.4185 57.8608 65.564 61.8059 63.1405 61.5826 62.1603 62.7279 66.8918 64.7407 62.755 55.8108 66.1259 66.1637 65.0131 66.0604 62.3989 62.7023 55.71 63.0326 59.7926 60.8841 67.8942 65.5553 63.2968 59.4138 61.8029 61.9276 65.5484 61.4759 64.1523 63.4991 62.9083 61.8089 61.7028 65.358 61.2849 59.5156 63.2187 59.2979 61.4986 64.3568 64.2566 56.8178 62.2546 68.2604 67.6606 59.3588 60.0049 64.3238 62.3925 61.7438 65.3846 66.6937 67.0514 64.3838 59.6649 58.875 63.5772 59.3377 63.9931 61.8998 64.0047 60.3334 65.068 60.5972 66.0901 60.145 59.3644 60.0538 62.6157 62.4936 63.7424 61.0654 60.419 61.561 62.2181 65.6664 62.61 63.2223 62.3046 64.4591 61.3904 65.1438 61.5224 62.3749 63.1499 66.116 62.298 59.7633 65.8315 65.3219 66.9868 63.0635 61.5051 60.8618 62.6139 56.4341 63.7849 57.3327 63.5991 57.918 60.358 60.8401 58.768 59.4538 60.7181 60.5991 63.5771 60.8919 64.2499 63.2651 62.9355 61.6831 64.973 64.4928 62.1038 64.849 59.8313 59.4877 60.6971 64.0399 64.5958 60.319 58.9212 60.7237 61.198 62.3316 62.6638 61.5225 58.4719 58.893 61.2321 60.2741 69.4455 62.0683 62.3248 63.103 61.9771 63.6829 68.1074 66.2518 64.4214 56.8107 61.1734 65.086 61.3919 62.7513 59.7417 61.7666 57.6805 60.0854 58.4231 67.3933 61.1532 62.643 63.2566 61.6626 61.5061 62.1997 60.6422 64.2909 59.2178 60.7375 57.2059 64.5429 59.195 63.2415 63.8221 62.6777 64.1907 63.5487 61.5236 60.133 63.4196 63.2122 63.0426 61.0707 60.549 61.3506 61.6901 61.9815 60.7944 62.8183 63.4451 63.2456 59.3014 61.9607 59.8228 64.5933 61.5784 63.909 58.3601 60.3426 62.5366 62.4272 61.2384 65.0598 61.5405 60.007 66.1347 60.1055 65.5529 58.0274 63.4064 58.8546 65.563 61.5156 65.2298 61.2405 62.1547 58.0824 60.4661 61.1286 61.0978 61.9297 60.9316 
65.9529 61.7838 63.7015 61.9549 60.734 66.8633 61.7036 64.5824 60.8161 61.9576 59.5614 62.7021 62.4819 65.1889 65.3883 59.8581 62.9943 57.7759 64.0237 65.5968 66.983 61.6108 58.7664 59.6573 64.9499 66.5152 65.1202 64.6358 63.2193 60.7245 60.8655 61.6924 61.388 65.3275 60.8498 63.324 62.6207 64.875 63.9023 62.1378 62.6198 67.8636 64.9133 58.8128 57.3529 65.2089 67.3369 64.7712 63.6944 64.129 63.7011 61.0263 64.873 60.4706 65.3933 71.4152 66.9141 63.9955 63.4457 61.825 62.1609 64.9706 61.6889 63.4504 67.0997 61.9022 64.9684 60.0507 66.5191 62.0322 60.5261 59.0964 62.1342 62.3979 61.9 62.5413 58.34 60.2024 68.2538 68.5051 60.7944 58.8014 63.1372 63.0356 64.4881 64.1161 64.5411 65.5545 62.7764 60.0933 63.3511 63.5282 60.3667 65.1059 58.7942 63.424 63.6339 61.5646 60.5687 64.4505 63.2143 59.9374 60.816 62.5197 64.6845 63.5533 57.7493 63.5361 61.4658 61.2835 67.5174 62.8805 60.3327 62.2643 65.4523 61.3032 63.8526 64.3675 61.5889 65.0974 64.2917 62.9352 62.083 63.1484 65.4369 69.1485 67.2802 64.5239 63.1445 66.8147 57.8665 62.6844 59.6917 62.1794 60.5138 59.5441 61.0752 59.5028 58.1888 62.3227 62.2448 63.654 62.0594 64.1072 62.8184 62.0683 65.0067 63.439 67.7422 61.0849 65.1364 62.0402 62.4723 61.2574 63.5403 64.1779 63.5278 58.8667 62.1646 61.6477 62.4916 61.5991 65.7929 60.872 62.2726 58.531 63.305 69.9957 60.3403 61.2081 66.2702 63.5612 65.9754 67.4679 65.9893 66.6373 57.757 62.243 67.1714 62.0324 62.6571 63.5163 66.0733 63.2274 62.9707 58.1915 66.4795 58.6895 62.9782 63.2916 58.9212 62.5789 65.4662 62.889 68.4464 59.2169 62.2356 57.8639 63.9326 58.2882 64.1438 62.9728 66.3126 64.7379 65.2852 63.1167 60.4421 62.8881 63.8677 66.3136 63.8487 64.7653 61.1823 60.5305 65.0392 59.3428 64.1619 62.9729 60.1991 61.6604 63.1024 60.3011 64.8796 59.3746 66.8575 58.4892 62.1324 64.3346 62.4437 62.622 65.4775 63.0515 59.4702 67.5403 63.7269 68.313 59.7866 66.2028 63.4825 64.4612 64.527 62.9258 61.6162 62.8312 62.6535 59.4976 60.9911 62.5606 62.3953 62.89 
63.9016 64.2514 61.7731 62.2896 57.9529 70.5856 62.7856 67.9809 62.0776 61.9512 59.2626 63.996 61.6808 63.2813 66.5765 62.777 62.3346 59.5091 66.3771 68.2994 67.4433 61.4093 58.5765 59.1477 66.6698 69.0832 63.5712 66.2074 65.2533 64.897 61.6484 68.2658 63.3079 64.3234 60.3972 66.2896 63.2632 64.3845 65.391 65.1379 64.1122 66.464 63.5648 64.9025 58.9609 67.5439 67.9667 67.1529 68.1304 62.9462 64.6993 62.2338 62.3453 62.826 64.3268 70.1532 66.62 67.7785 65.0595 62.6879 63.8195 69.3581 62.1186 66.0518 68.555 62.8557 64.6495 59.9082 70.24 66.9938 61.9018 62.1045 62.1527 63.9179 64.9254 64.521 59.4319 60.8818 67.4069 68.4781 62.6599 63.346 66.3908 63.172 66.3775 65.6005 66.0599 68.369 64.3444 61.854 64.2601 65.1705 61.2179 67.3481 64.737 65.0567 65.023 64.8168 60.7145 65.5289 65.7176 61.0468 63.203 63.3336 64.1072 63.5183 64.4286 61.3452 63.9574 63.0406 65.0004 62.4405 64.6012 64.0725 66.4103 62.5779 64.6625 65.9728 59.5673 65.7482 66.549 66.1291 63.2796 64.9122 62.3893 70.4688 65.5824 65.251 62.2429 64.8821 59.0352 64.5284 62.098 64.0849 58.9963 63.4815 61.8686 61.4335 61.3494 66.4516 63.5362 64.4948 63.5976 63.7539 63.9296 64.184 63.5706 65.4561 69.1502 62.4963 68.5966 62.3316 62.781 62.2283 64.614 67.7366 61.0053 59.855 61.85 63.7431 63.2471 62.8331 62.9484 61.6299 60.9972 60.49 63.689 72.6637 63.4562 62.7434 67.8997 64.7117 66.3525 71.2793 66.8901 67.6599 58.9887 64.6527 66.4987 65.0265 65.773 62.0995 68.2691 63.4836 60.9014 57.8641 67.438 61.6671 65.3853 65.0561 61.5479 65.5454 67.6277 61.9405 69.4417 63.0813 63.1133 61.6433 67.3101 62.6042 66.2025 64.6866 66.3029 66.1904 61.4073 63.0171 62.8226 68.2767 63.1322 64.95 63.0489 62.1683 61.131 58.6054 65.9896 63.039 63.2842 64.1566 65.705 64.3045 62.7396 59.6958 65.45 60.8785 65.1372 59.073 61.543 63.3344 66.8921 62.9889 66.4365 62.5785 58.258 67.6502 62.7312 66.4309 61.5593 65.6194 61.6836 63.9471 64.9433 65.0778 64.5912 63.2427 60.5035 58.7233 62.7078 66.2677 63.9704 64.058 
61.5858 60.7186 62.5737 58.5186 56.1819 68.4904 60.4985 60.1168 60.1694 60.4798 57.5964 61.3535 60.4221 62.3394 61.9556 58.8573 61.0667 57.3622 64.4116 63.9061 63.5076 59.7744 57.7978 59.3655 61.4086 67.5977 61.4011 62.8805 61.5888 61.759 59.5989 63.6263 59.9621 62.209 59.8447 62.669 65.6276 61.4867 62.1204 61.4793 61.9357 65.4305 62.4373 61.4231 58.2291 64.61 66.8119 65.7689 62.3001 62.3309 65.2953 61.0712 61.1179 61.625 61.9614 71.14 64.866 65.6843 60.8772 62.2266 60.5699 64.4284 60.5769 62.509 65.9301 60.9732 62.9563 58.6855 67.8945 63.1762 57.1809 61.0125 61.8433 61.7624 62.966 63.61 59.7013 60.2995 65.461 67.9341 60.4697 62.9845 62.976 62.4807 64.4059 61.1377 64.7035 66.9053 61.8134 61.3437 63.9279 62.7174 57.5123 66.2855 61.2995 62.8969 60.687 65.4732 60.9089 63.6959 61.421 60.6157 62.3105 60.7535 62.801 62.3758 64.1708 58.4395 61.8422 62.3747 66.6761 59.3424 62.6021 63.8497 63.0394 58.219 62.4431 62.7041 60.0642 63.1613 64.8364 60.9399 60.115 63.5066 63.3657 66.2227 63.0534 62.3706 59.904 62.7431 57.9441 63.6572 59.1289 63.815 58.7118 60.8461 62.4681 59.3415 57.0812 62.2425 61.8383 61.613 63.5243 61.8917 59.1662 61.9464 63.6038 64.7462 65.3573 59.6619 63.9736 62.4015 58.5744 59.2359 62.1275 63.883 59.4686 57.7304 59.7646 58.7524 61.4322 60.866 63.5305 58.7046 59.6738 59.8506 59.9279 68.8535 61.3536 62.5702 64.7754 63.2057 64.8224 64.2438 64.4945 63.0195 57.5427 60.5213 64.1378 62.1626 60.5576 61.3669 65.9983 60.9222 59.2242 60.9484 66.2258 61.871 62.6137 64.5404 60.7965 61.6214 61.3227 61.7017 65.5877 59.6796 62.4359 60.2404 64.0565 58.6754 61.6738 61.4498 60.8612 64.4011 62.9286 63.2031 60.8167 63.3559 61.1984 64.3507 62.3251 61.2062 62.5282 61.8051 62.4539 62.2784 60.6523 64.427 61.0805 60.054 60.0583 58.358 62.3573 59.9645 62.1949 58.5703 63.0585 62.7434 64.4639 64.7751 66.5534 61.3201 58.0909 66.024 61.4927 66.9879 59.4141 64.1194 61.1944 64.6981 62.2258 65.5596 64.173 62.1736 60.3401 59.4071 62.2335 62.1822 62.1901 62.826 
60.6815 61.0904 59.284 57.1203 54.1467 64.4651 57.3569 62.0386 58.2487 59.0342 55.8158 59.163 57.3692 58.6357 58.0422 58.8941 57.1788 52.559 59.8626 60.8179 60.6054 58.0675 55.2905 56.5777 59.0357 62.9961 59.2516 60.1921 62.1855 62.9907 58.1482 62.6104 54.5333 61.1632 58.0867 60.7084 58.1594 57.8879 59.5269 57.8012 59.8811 65.5387 59.1533 58.9747 54.8749 63.1156 66.461 62.8305 62.8183 59.3315 58.6086 58.6074 64.1891 58.5018 58.9577 65.4078 63.9349 63.0203 58.9349 57.8626 60.5014 62.9237 58.8765 61.3785 62.5167 60.2844 57.7535 60.617 63.0912 57.3245 56.167 60.5066 58.0184 61.9555 59.9135 60.8346 55.645 58.4579 65.3927 67.1779 57.7459 60.8057 61.7322 58.0726 59.9426 60.9171 60.7524 63.9774 61.18 57.8063 61.1399 59.8452 58.1196 64.6269 57.8 59.7584 58.4844 60.871 57.4538 61.7483 57.0686 59.0042 56.1386 59.5458 62.4702 60.3106 61.2052 58.1148 58.4487 60.9137 60.3704 57.2297 60.875 59.2994 62.4042 57.9978 59.8656 59.8589 58.4282 60.9695 60.8271 62.8324 60.3049 63.1064 62.5045 66.2101 61.247 64.4473 58.3617 60.0292 58.3796 60.8947 56.8983 62.3531 54.8029 59.3442 58.0989 55.5739 57.1903 60.6971 56.985 60.9575 58.7665 58.7757 57.7222 59.0195 60.392 61.9909 63.0639 60.0521 65.2912 57.8661 58.764 56.4538 61.6165 61.8373 58.3967 56.8341 57.9959 58.4128 60.4746 57.6804 57.8015 59.6698 58.1513 56.4281 58.5535 68.114 56.8831 61.2938 62.9378 60.7471 63.4696 64.8979 62.7281 62.0637 55.0424 60.3128 59.5307 59.5383 59.4407 59.3693 60.5351 55.6741 58.0199 57.0585 61.2121 59.619 64.6663 60.8909 60.5498 59.0401 61.6341 59.7323 63.495 57.7517 57.2678 55.4487 61.3878 56.2583 59.903 59.1041 61.6446 59.908 59.6754 61.4528 61.1504 63.7928 58.9001 60.9828 56.259 59.6865 58.4708 59.243 61.7964 58.1303 59.6714 58.6095 58.7725 60.1692 57.6153 56.7366 58.8734 58.9108 61.5943 57.8119 59.4106 60.0635 58.6961 60.4881 65.9194 60.8081 57.1353 61.5038 60.1616 63.1156 57.8241 60.7316 56.488 58.2435 61.6453 57.408 57.9636 61.7288 56.2394 57.3763 60.2032 61.9972 58.3252 61.8064 
61.7292 61.0926 59.6225 59.4322 57.5631 65.6572 58.9734 62.1909 60.378 60.0473 55.0363 62.4851 60.1661 58.1696 62.5554 58.8663 59.9501 57.2919 62.7956 62.9785 63.4323 60.3924 55.8622 55.7168 62.5327 64.274 63.8117 62.9105 60.3499 59.1277 58.4523 63.7626 60.5085 63.6104 56.3167 63.4558 59.4985 61.8464 59.0375 60.6824 61.7439 65.917 61.7532 59.9338 54.2203 60.0909 63.5838 62.9393 63.8231 58.7948 61.8096 59.1414 61.5515 60.1579 61.9455 69.8152 65.453 59.8023 60.3009 62.3233 58.8589 64.3587 60.941 58.7049 63.5733 62.5625 60.4947 60.1957 65.327 62.3954 60.5928 59.1038 59.9309 63.2439 63.0752 60.151 57.3503 57.775 66.8385 67.3443 57.9636 60.1662 62.4136 59.8135 62.6089 61.6671 64.0375 63.8267 59.5937 57.9999 62.5542 59.8886 57.421 61.6445 56.9739 60.8109 60.3102 60.7316 57.499 60.5911 60.2187 60.149 62.4359 61.3061 62.4768 63.6313 62.5585 59.1852 59.5817 60.1864 63.2298 59.8604 61.5723 60.6759 59.8712 59.3578 64.7239 59.6184 60.7965 62.519 64.0699 62.8961 59.0115 62.5932 63.9888 64.9991 63.6871 63.6985 61.5289 59.8423 57.4125 60.3398 56.2917 62.3634 60.428 60.0237 58.1351 57.757 57.2824 60.2176 59.9641 60.7399 60.5496 59.3989 58.6019 61.1082 62.5818 62.5597 65.2461 58.4954 67.6764 62.0266 57.3468 59.5661 62.0164 63.3287 60.487 59.0894 57.4262 62.6705 59.1725 59.3142 61.7282 59.2293 62.3438 58.7963 63.0839 67.0121 59.86 61.4912 64.167 60.2158 62.7024 64.858 61.2872 60.913 56.1283 62.9373 64.3446 60.3474 62.9681 60.7724 61.9114 59.0548 61.1779 59.0591 63.443 59.2485 62.4849 59.0718 60.898 60.9266 61.6692 58.7043 64.3618 59.5996 59.6686 56.6526 64.4192 56.7587 62.3649 63.0276 62.5917 61.6681 61.2365 60.7765 58.4951 63.2842 59.2686 62.9055 60.4414 60.5831 56.406 59.7219 62.9761 58.294 63.3034 60.112 61.4384 60.8933 58.2927 60.6307 61.0456 58.7326 62.2351 56.6434 61.9091 59.2355 58.5932 64.8924 62.6323 61.6021 58.9429 66.6857 61.4596 64.8044 59.1072 62.8158 55.7868 63.1604 62.9067 61.3415 62.3285 60.7708 59.3145 57.7869 59.5206 60.5071 61.4048 60.8309 
64.6891 65.5715 62.2627 62.3915 61.5348 68.7831 64.4707 64.8435 64.0571 62.1226 60.133 65.3536 63.9172 63.1268 63.7528 62.9543 64.6525 59.1348 65.3174 68.7785 66.4279 61.3327 58.8372 60.6532 65.861 64.7692 64.2556 66.0956 65.4635 64.4248 63.617 63.7695 62.9085 67.1758 60.7183 62.0711 65.9286 64.1076 64.3839 64.6405 65.4544 66.8984 64.3071 63.5397 63.2549 67.3214 67.9224 64.7761 64.4238 62.7656 65.7435 62.0842 63.8693 61.4666 64.3391 73.196 65.5308 65.8124 66.0046 61.9755 62.4533 65.7322 64.5508 63.955 68.1417 67.0511 63.4925 62.7998 68.3764 60.3853 60.455 64.3601 62.6258 66.1867 64.0828 64.7927 59.9638 63.1292 69.7205 72.9207 63.0104 61.7892 66.71 64.5292 67.9347 66.9513 66.307 70.9057 65.05 61.0884 65.393 63.128 60.74 63.6292 62.4616 65.542 64.7981 65.433 62.9598 64.9805 65.7618 60.6072 65.4877 64.512 66.1229 65.1972 65.9797 62.6607 61.7952 62.1535 66.1809 65.2735 65.3415 66.073 66.0068 64.7018 63.2052 61.1778 62.1689 65.9204 65.9254 63.7608 62.8544 66.3943 67.5105 70.529 66.9467 65.3356 65.1669 65.5423 62.276 66.3988 60.3882 66.4294 63.608 61.5994 62.0033 62.6796 60.527 61.7765 60.4803 61.7393 62.9693 64.0067 64.722 63.9846 67.5047 65.4638 66.5393 61.7351 69.09 64.5046 62.3746 65.5135 65.4455 64.6527 60.7258 60.6727 62.8647 61.7269 63.5071 63.6682 62.8948 61.3375 64.5488 61.8516 65.7953 74.4335 65.2634 63.0244 67.5165 65.4506 68.9679 69.7559 65.2266 66.3582 59.3351 61.235 68.252 67.2618 65.9978 64.3998 66.6813 62.801 63.4633 61.252 66.2971 59.51 65.8152 66.6488 63.7816 66.0372 65.3783 65.2358 67.4562 62.53 64.4684 59.9753 65.5014 61.591 65.8504 63.8678 68.3625 66.0063 65.1376 64.1437 62.46 63.7386 66.622 64.9012 64.1713 64.5488 62.6978 62.7601 67.6261 61.1302 62.5452 66.7273 64.8379 65.3036 64.5577 60.7477 66.0503 61.7953 65.2299 61.0459 67.9886 66.1987 64.2025 65.2015 67.521 65.726 62.4418 66.9101 66.5246 65.0657 61.1483 65.7627 60.9005 63.3228 66.632 66.2646 65.2286 61.7556 58.8557 63.0208 62.4945 63.9223 61.65 64.2695 
62.6185 60.7915 61.4785 61.1496 59.8595 67.9734 60.8316 63.3491 59.0469 60.2238 58.479 62.6993 60.935 63.1417 60.9482 60.2066 58.6386 57.5177 62.0131 65.0816 64.1968 61.5659 57.0815 58.0319 61.4429 66.8444 61.4953 62.7685 60.1991 63.813 61.6051 66.2109 56.9099 63.0626 58.6207 61.8828 62.0238 60.7204 60.5955 59.4728 60.8312 67.3063 62.5298 62.9951 58.2333 64.6407 66.743 63.5452 65.3593 60.8123 61.9651 60.4275 63.5532 59.4743 61.6559 68.5663 66.9514 64.2005 64.1715 61.0303 57.9074 64.5785 59.6234 60.653 64.4456 61.3021 61.5523 59.4509 66.3474 61.9937 57.8062 57.556 61.4901 61.7204 61.5054 62.4566 56.7534 59.8757 69.8603 67.5402 60.5762 60.8752 61.7889 60.6945 65.7773 62.2308 62.8814 64.9856 64.175 60.8093 62.3094 63.1791 56.97 64.8645 62.9878 64.1925 59.9151 63.7464 59.6776 63.0452 61.6562 62.0823 59.556 60.0706 64.8247 62.9209 61.6204 61.2778 62.3329 60.6893 65.9596 61.0872 63.7347 61.8669 63.6168 60.8302 63.3509 60.398 60.1242 60.9995 68.3532 62.3909 59.8085 62.9084 62.9487 67.4748 64.4976 63.5115 59.2737 62.3402 60.9537 63.6707 57.7611 64.0709 58.7304 61.2614 61.1085 61.1373 58.7802 61.4361 63.4316 60.6661 62.7125 60.2806 60.3657 63.1476 63.735 65.198 63.7061 60.415 67.2346 63.2414 58.8747 60.1699 61.6616 61.9339 60.4133 58.9043 61.6001 60.1145 61.099 59.5479 63.1352 61.068 62.8465 57.7959 61.8071 69.3488 62.2311 61.3199 64.9083 63.6476 65.188 68.9326 63.3227 62.9955 57.1324 60.0891 65.1566 61.779 61.1664 59.7299 64.0043 59.1545 61.584 59.7857 63.3313 61.4421 65.0654 62.4926 60.2815 60.1491 65.6304 61.6011 65.7808 59.9164 61.2309 58.3615 64.617 58.3387 61.9952 60.9775 66.3498 63.5045 62.1903 62.5377 62.0418 63.2763 62.4718 64.6065 62.0135 61.2277 59.0085 61.2458 62.147 57.9954 62.2727 62.4527 61.8004 62.5271 62.0258 60.3005 64.6789 59.4413 63.0085 58.0244 60.1738 61.5892 60.6224 62.7284 67.7931 65.8323 56.3177 64.7906 61.1636 64.8216 58.8023 62.9645 56.0718 61.7017 62.1155 63.1623 63.7582 61.6147 59.5242 58.8368 59.0562 64.3601 60.1262 60.3838 
64.6221 63.2058 63.7901 60.5315 56.5618 65.8097 59.5033 62.0662 59.8047 60.0724 59.3674 66.25 59.9029 62.3094 64.097 62.7832 61.6358 56.5768 63.6103 65.1612 65.4138 59.404 58.7009 56.7535 59.5303 64.9406 61.1069 63.1332 61.5672 61.8958 60.6182 67.2236 58.7278 62.4103 57.3952 65.4497 63.6733 60.8762 61.7466 61.3117 62.219 65.9998 64.9364 61.9288 58.5634 64.1346 65.6682 64.2257 61.489 60.9908 64.0218 61.4313 64.5237 58.7672 60.2694 70.4332 63.9196 66.294 62.6741 59.947 58.7193 67.3478 59.2434 62.3393 65.1046 60.4735 61.9379 61.5734 66.3853 62.252 59.199 59.7454 60.7917 62.5834 63.333 62.1616 56.6905 59.2312 67.0251 65.8522 58.9939 62.1472 64.3931 62.9254 63.335 66.6782 62.8869 66.3517 65.4188 61.2005 63.6541 62.8316 61.0104 63.3175 60.3863 63.283 59.8321 62.5047 61.1641 64.5262 61.4315 58.591 61.9163 59.9871 64.1405 62.2034 63.6407 59.7754 61.1421 61.3327 64.518 62.2016 61.3808 63.6208 62.2749 60.3046 64.9292 60.9777 61.5628 66.6753 65.3477 64.954 59.1836 64.2654 65.1727 67.7872 63.5084 61.4169 61.6929 61.8105 56.461 62.6141 58.2004 62.8931 60.5384 63.1857 61.2349 59.6681 56.3471 61.3539 62.7796 59.9933 63.415 62.6253 59.9364 61.7428 64.789 62.946 64.8256 57.9342 67.5544 57.9676 60.977 60.0235 65.1643 64.2878 57.9587 57.8803 58.367 59.9187 60.0927 61.7577 63.0874 59.8202 61.6023 61.3439 64.4265 70.8312 59.7916 64.0599 65.11 59.3966 64.9142 66.7204 63.5876 62.1583 57.1495 59.9265 65.6076 64.5713 59.1302 61.6657 63.7538 58.4639 60.2401 61.5139 65.7094 61.2329 63.1096 62.2444 60.4276 64.2525 61.3696 61.8907 67.1888 60.1945 60.2677 58.7357 62.7267 57.4956 63.8874 61.7324 63.3351 64.3054 63.2611 60.44 61.3393 65.4983 61.9014 64.2453 62.9978 63.8799 60.2259 59.6323 62.3023 61.6686 64.209 64.043 60.442 60.1501 62.1789 58.9702 62.5513 59.4911 63.5115 59.764 62.1911 61.0655 63.6014 63.2346 64.483 61.1658 61.5297 66.0233 60.7881 64.6426 60.2475 66.1038 57.5873 63.7858 63.6102 64.4535 63.9114 60.2337 59.5286 59.8994 62.5567 62.7288 62.6322 65.1164 
63.8765 61.7945 62.7699 58.7791 56.5504 65.6005 62.0451 62.8208 61.0232 62.413 59.1946 60.7089 59.0319 60.7911 60.0275 61.066 60.8087 58.086 64.07 65.303 65.4489 59.212 60.5897 57.6828 62.4851 66.2974 62.8052 62.4922 65.6556 60.1695 62.6103 65.3649 61.2916 64.9059 58.6662 62.1542 62.9999 62.1579 60.7484 61.9622 59.7878 70.2039 62.3241 60.6846 57.8262 65.6551 65.3837 63.0331 63.4533 62.2605 62.2797 57.722 63.0352 59.2318 60.6944 70.3342 64.1789 64.3499 64.264 60.6303 61.2149 64.0322 63.964 61.7856 62.8979 63.547 61.8321 62.2379 66.6508 57.7619 58.1061 62.5753 60.8043 64.6489 63.1325 64.0237 56.6428 59.7568 67.1747 70.1557 59.3091 59.01 62.8389 61.9659 64.1065 63.8928 63.9514 63.7815 63.7108 59.3196 63.912 64.7085 60.0643 64.3274 63.0605 64.694 63.5303 65.2253 58.4736 63.3247 61.8614 61.3882 62.1665 61.8383 61.9306 62.4999 63.262 60.9525 63.543 61.4842 63.9136 60.1713 63.3367 63.1551 63.9472 61.6952 63.3918 60.7213 64.3015 64.2182 66.6618 61.821 61.2869 65.9778 63.2646 66.5759 62.9453 64.2318 59.5124 62.6865 57.5224 62.3877 58.7823 64.8368 58.7848 61.9662 59.569 59.6026 55.4304 61.2131 61.0457 60.6613 60.401 62.046 61.44 59.3811 65.3931 65.435 65.005 60.6431 64.8133 59.8943 60.7312 61.7138 62.9685 62.7378 60.6087 56.4775 60.5922 59.7275 62.0559 60.0536 59.9359 60.4794 61.647 59.315 62.5386 70.6272 60.8063 62.386 66.0778 62.5059 65.6318 67.2847 66.6801 63.8997 57.1438 61.2313 66.6228 63.8661 63.8601 60.5542 62.7299 62.9431 60.3434 59.0292 65.5934 60.601 63.9385 64.169 61.4956 61.6797 62.3482 58.72 65.1931 60.5972 60.5919 60.8735 65.2781 57.9203 65.0775 61.1684 63.8685 63.7401 61.8983 64.18 60.8907 66.0758 62.0597 63.9252 61.3823 64.436 61.0741 59.5485 62.9989 59.5401 60.8678 62.8923 64.5207 61.1655 61.2168 62.3002 63.2656 59.9815 65.1363 58.2648 63.0761 60.2435 60.8478 62.3759 65.6125 60.3324 59.7348 66.5341 61.1452 64.3832 58.3547 65.7908 57.5348 61.4825 61.9152 64.704 62.3719 60.6375 58.5487 60.4007 61.4068 62.1426 61.8921 63.7407 
65.2014 65.4384 67.8028 60.4221 59.5659 70.1984 64.6614 65.5961 63.2076 65.7623 61.4557 66.8563 62.6302 64.3903 63.6181 63.0584 64.1271 60.5198 67.1761 68.5161 66.0345 64.0527 60.2 62.7429 66.4813 70.6307 66.3775 64.1295 65.3323 67.5049 64.9751 69.2111 62.3781 66.6069 62.8004 65.7653 66.8489 63.1788 65.6019 66.2999 66.0826 69.6848 67.5202 64.5466 59.975 68.996 69.1443 68.5153 69.2774 65.2776 66.7638 62.3966 68.4715 62.3531 64.851 72.7207 70.3623 69.9032 63.6341 63.784 62.0957 68.711 64.0447 67.7633 67.4739 66.814 66.8913 63.2596 68.6924 65.1553 60.4221 63.6736 65.5783 66.1368 65.9821 67.6349 58.3463 63.4355 68.7081 73.2281 64.1018 63.0971 64.2293 65.92 69.0893 68.0721 67.9527 67.425 66.9541 64.6083 65.6398 62.7756 62.1768 71.6804 64.1856 65.0106 65.0462 65.5552 64.5088 66.9644 65.2054 65.1122 63.8785 62.5244 64.8841 68.2025 65.5515 63.1195 64.6318 65.9384 68.4823 64.4247 64.8959 64.6011 67.7782 63.5604 65.986 66.5694 64.8194 67.0766 69.0198 66.9478 63.4894 66.8479 68.9547 70.7629 70.2693 65.7134 64.0759 65.2289 62.2955 67.543 59.0854 67.5195 63.2544 65.9821 67.8006 61.131 58.6769 65.334 65.0314 64.9582 65.1088 65.3323 65.2099 66.3969 68.2013 67.3855 67.3992 61.7247 69.407 62.0925 62.633 63.419 67.6009 67.782 63.3275 63.1709 62.6351 63.8922 62.6466 65.2705 64.6969 64.0161 65.2442 64.078 65.2293 73.5817 64.731 64.9313 69.1085 62.7836 66.6109 70.5117 70.4625 68.4501 60.2273 65.87 68.7626 66.597 64.918 65.278 66.6364 62.9891 65.0044 60.9501 67.8614 64.7732 70.8936 65.4584 63.3696 64.3872 63.6682 61.3588 69.7129 64.496 62.1481 61.339 68.6885 60.0638 63.6268 67.4642 66.8812 67.5284 64.5871 66.0262 65.034 66.8179 65.0282 69.3464 65.6419 66.0466 62.8137 61.5195 67.9632 62.9798 67.3811 65.5928 65.4564 63.9265 67.291 64.3996 65.6874 60.3533 66.1788 61.8961 63.8775 67.5524 65.6974 67.3936 67.7767 66.5054 62.2655 70.5277 64.1308 69.9894 62.7783 67.5028 63.5928 66.7311 65.7226 65.8333 65.1916 65.8799 63.5234 63.2022 63.8827 64.5473 67.8326 66.0863 
65.6252 64.3844 63.3356 61.1499 57.9785 69.0653 63.6906 67.0269 63.4367 63.4488 59.7449 63.9086 60.0984 65.206 65.7663 61.2594 63.3969 58.1141 64.9983 69.9822 66.9204 61.0017 59.9955 61.0466 69.103 68.2577 66.0179 65.7196 67.4021 63.8093 64.6026 65.1444 60.1511 64.4987 62.6938 65.3068 63.4066 63.0505 63.8339 65.8177 63.8211 67.873 62.7603 64.5073 60.9928 67.4598 66.69 65.0303 64.7606 61.9969 65.5056 63.9559 64.2218 62.2389 65.7559 70.8866 65.8317 66.866 64.0839 64.4878 62.9607 68.7034 65.3632 60.5814 67.7874 62.3815 62.9864 63.8286 66.7774 65.978 61.8107 62.7409 61.2881 66.5227 64.5642 65.2419 60.7406 64.7656 69.1874 68.3185 61.3228 62.2292 64.2463 65.3685 63.9448 66.2542 67.1958 69.9871 66.3558 62.5766 63.3368 65.7811 63.1876 66.3287 63.6657 68.2074 62.8473 66.1117 61.6618 65.0365 61.8484 62.8502 63.4007 62.5522 62.7357 63.4803 63.1846 63.2661 63.9943 63.661 65.6366 63.8855 64.3086 64.8228 66.6456 63.1911 67.3429 63.2813 63.8976 65.1324 66.2655 63.6798 61.6557 68.2794 63.4675 69.5598 66.9944 65.9119 62.4189 65.6602 59.1942 64.5687 61.668 63.8545 61.1277 60.5539 63.6869 60.608 59.0083 63.6471 64.2602 64.4402 62.8028 64.6756 61.8939 62.619 67.2506 67.2145 67.7801 62.5303 68.9152 63.1772 61.9628 62.8955 63.2379 67.0072 60.7554 61.1405 60.6951 64.229 63.8859 62.7077 64.2629 63.7611 63.0339 63.4079 63.648 72.9098 62.4879 63.9648 66.629 65.47 67.7957 68.541 65.288 66.6017 58.1433 62.8721 66.5662 62.9337 61.4469 62.5672 66.7824 61.2798 63.3818 60.8649 69.7233 61.6125 64.54 65.5068 62.9017 65.1808 63.1134 62.6398 67.7031 61.9381 61.9088 59.7876 65.9606 60.8914 64.785 63.0922 65.986 66.8727 62.6125 64.8003 62.3761 67.6523 63.0165 69.4467 61.9729 62.2889 64.1497 64.6955 64.4288 61.8025 65.2996 64.7315 62.0628 63.5245 65.0713 61.5097 65.3633 62.3013 66.1636 61.4372 61.9165 62.4691 63.7313 63.6056 68.7808 65.9115 62.0614 66.3059 63.1134 65.7358 61.1438 65.2772 60.7033 64.1595 66.296 65.1472 62.8184 64.1398 63.1883 62.0734 64.4442 65.6336 61.753 65.1123 
59.9581 59.184 58.7147 58.6566 54.9551 64.835 58.0257 60.8335 60.5101 59.2412 56.4689 61.6374 58.2845 59.5473 61.2846 58.2282 59.8344 52.9664 61.3128 63.7045 61.1793 59.7798 55.7119 56.8372 60.4888 65.2951 60.5261 60.93 60.6942 60.0395 59.9208 62.7149 58.2833 61.8025 57.2519 63.6078 59.6478 58.889 58.9569 60.2939 59.3474 62.6178 60.2462 60.8061 53.8432 60.7726 63.8874 61.9459 61.215 58.9124 62.5691 59.3601 61.5052 56.3212 60.4315 66.8499 61.5731 61.1283 60.2858 59.6277 58.232 61.1955 59.7913 59.0768 64.8798 60.2119 60.8832 55.0482 63.3846 61.0968 58.1712 58.4292 56.5996 59.415 60.5443 60.4358 52.8482 56.7232 67.9824 66.3461 59.1014 59.471 58.8632 56.8651 59.7672 60.0389 60.9019 63.9319 61.231 58.2995 61.879 60.1055 59.0172 61.6932 57.2502 60.5727 62.1668 61.2102 56.6856 62.1693 61.7627 60.2205 59.5048 60.2229 58.8892 59.9788 61.2125 58.7898 59.692 60.9223 62.1029 58.9254 60.2931 60.0935 61.2489 58.8848 60.2851 61.6046 60.3469 60.5207 62.42 62.115 59.872 60.2712 60.7655 67.9429 60.7357 61.2006 60.6359 60.4315 57.1771 61.6781 56.6902 59.8201 59.3723 57.7666 59.0507 58.7244 57.448 60.0129 61.4869 62.046 60.1919 59.5802 57.1591 59.4494 61.5931 63.0098 63.2867 58.9413 64.2171 59.0124 57.4807 57.0698 59.7332 62.0443 57.4248 57.7789 56.4774 59.6998 58.5988 58.6178 59.5499 57.3149 57.9229 57.996 61.2584 65.1426 58.808 62.248 61.997 59.6485 60.1833 60.3661 62.4431 59.7958 53.7301 61.971 67.0906 61.7443 60.5179 60.4424 62.1529 56.5018 58.6254 56.7315 65.2789 60.3488 65.2963 60.5618 58.6668 59.1808 60.4584 59.1486 62.639 58.0216 58.8689 58.0742 63.8086 55.3156 61.0701 59.0517 62.1299 62.58 59.8036 59.2269 60.73 61.7517 59.2106 60.1004 58.4018 57.8437 58.4066 55.6898 59.8471 55.6818 59.0472 62.274 61.0566 58.5499 58.1648 56.8393 60.9732 57.8856 61.0747 55.2294 60.9033 60.6205 58.4973 61.4006 62.429 58.4066 58.503 62.2802 61.6862 63.673 56.2999 61.0593 57.5318 60.4216 61.6189 61.6747 59.6463 59.2004 59.0391 59.2443 61.9815 60.9112 60.317 59.971 
64.8452 66.793 63.8159 62.1791 58.769 69.1792 61.1398 64.0292 64.4418 64.1016 60.9415 63.0737 60.4412 64.4147 65.8082 63.579 65.1561 60.376 65.7705 65.8057 64.3779 60.8011 61.0252 59.6696 66.4808 67.48 65.9689 63.9762 63.4397 63.3779 61.5552 67.7966 58.5825 65.0815 60.0264 65.3009 63.0252 63.7623 62.2398 64.5231 64.1398 66.7969 66.0486 65.7946 59.4217 66.1565 67.4795 63.6656 63.9013 62.0442 67.5673 61.4262 64.1224 60.5837 65.3032 70.9451 66.4029 65.5268 64.141 66.8864 62.1408 67.1122 65.0175 61.0276 67.262 64.0411 62.8491 62.1388 65.9841 61.6017 64.2359 60.8308 62.2478 65.7201 64.7215 64.5816 58.9808 61.1581 65.6465 68.543 59.4799 62.0442 67.6601 63.3485 66.9998 64.856 61.4353 68.5759 64.3003 59.3404 65.4653 65.7847 63.1349 68.4088 63.8274 66.1893 63.4041 65.8569 60.7285 67.31 65.0957 63.4514 63.5617 65.5046 66.3744 66.324 67.9949 61.0632 67.288 65.3327 64.841 63.6382 65.7383 63.0597 67.2569 61.2 63.9453 61.0059 63.643 65.1648 66.02 66.9915 61.0754 67.3152 65.8457 68.8049 66.9352 66.9139 61.2096 68.1473 60.5656 66.0276 59.9421 66.28 60.8746 61.9341 63.8023 61.4629 61.6907 61.31 63.7084 64.9877 64.4717 62.5813 63.4652 64.2614 67.9206 66.8145 68.6321 63.4244 68.1228 63.089 61.5964 62.0914 64.9675 64.5861 64.4582 60.1771 63.3729 61.5168 62.1998 60.0385 61.2294 61.3081 62.8124 61.5659 61.9249 74.639 64.1574 65.5798 67.1421 64.7256 65.2185 69.1835 63.9424 66.8339 57.4439 67.4876 66.9484 64.0611 64.4042 61.9725 66.9375 60.3093 64.522 62.0723 65.897 62.9771 65.449 65.9231 65.0184 62.2239 63.5826 62.1135 65.7595 62.5621 63.4458 60.1727 65.6474 61.1539 61.9944 63.8526 66.6301 66.4206 65.22 63.2522 62.3983 66.3626 62.052 65.3164 62.105 62.7078 61.238 61.4811 64.1753 60.5994 64.1785 62.8813 64.6486 63.0651 65.0013 60.548 66.8631 62.3698 63.9451 58.7088 61.9936 63.1156 63.6538 62.6857 66.2696 64.5145 59.897 66.1453 64.1036 66.9749 63.6071 66.3296 61.3447 63.0793 64.7142 63.411 63.225 64.418 62.7667 63.9301 60.4817 63.6382 63.1229 64.1836 
60.1548 60.5109 61.9129 58.0066 57.4019 64.3477 60.6599 62.1707 60.6702 62.4257 57.9868 61.249 59.3666 62.6798 60.1711 59.8504 61.5094 57.9738 62.814 64.2936 65.7804 62.5082 58.0742 57.9384 64.1218 64.0876 62.3556 63.7177 62.275 62.4718 62.5857 65.2784 60.4278 61.0145 58.9597 63.1465 59.7598 62.4946 59.5641 63.6023 62.2806 67.7477 65.1887 60.866 57.7512 65.3143 65.9913 64.8303 61.4643 60.5917 63.081 58.3809 62.202 60.6813 65.577 67.7452 63.406 65.2675 62.1274 62.0903 59.2193 61.993 62.3677 59.1766 65.0751 62.93 59.7516 60.128 65.9655 60.3352 57.8845 60.5351 60.3963 65.0005 60.9153 63.5974 55.1765 59.8669 68.3303 64.3845 58.4778 58.8431 64.424 63.4141 62.6811 64.6078 64.9629 64.9681 64.9823 61.1754 63.0179 64.9178 61.9936 65.4421 62.1491 63.9511 61.1014 64.5777 59.5862 64.2512 60.8405 62.1952 59.4583 61.8108 61.8906 62.3269 63.1815 60.7465 61.5504 61.287 65.3938 61.0326 62.5061 57.399 65.4881 60.5599 62.5949 60.5736 64.0008 63.9831 64.8298 62.9495 59.5562 65.0694 62.1274 69.096 64.4931 64.0828 59.1488 64.0382 58.5834 60.7207 58.131 64.0885 59.3769 63.2754 61.2823 59.2791 57.978 59.8907 60.8121 64.373 61.0161 61.0541 60.729 63.9931 63.69 65.3071 64.5911 61.9198 66.7679 60.8797 61.271 61.7192 61.6834 63.9589 63.3091 56.6315 60.1351 61.8082 61.0893 62.1073 62.7268 58.8061 61.5304 57.8348 61.5026 73.4457 60.8662 61.1146 63.529 60.4421 64.8767 66.1045 66.4707 63.8219 58.5722 62.2387 66.0753 62.1611 62.897 63.641 62.2189 58.0341 61.5079 58.4117 65.2811 64.4784 62.169 61.4505 62.9501 62.5391 61.521 60.2915 65.8428 58.8227 60.1788 58.701 63.8142 56.0979 62.518 60.961 64.1727 62.3383 62.7022 61.007 61.2195 63.0223 62.0312 62.6448 62.8941 62.1925 62.4682 60.4412 65.0294 60.7164 60.5678 63.0061 62.0727 61.5237 63.0324 60.122 64.5599 60.0488 66.3254 57.6355 60.6848 61.8506 59.634 61.1287 64.8786 62.3562 56.9971 64.4672 61.1536 61.2151 57.005 63.1972 59.8851 64.3373 61.9112 63.1789 64.9164 61.5601 61.1774 59.709 59.4967 62.3843 63.2367 60.7474 
62.428 61.8602 64.1659 60.587 61.0039 71.0276 64.3197 63.4243 62.492 60.6346 59.5788 64.9158 60.0767 63.4629 61.9828 62.577 63.0718 60.7264 64.8778 67.1548 64.7061 60.9552 59.0566 60.3071 64.8634 69.3247 65.416 65.3658 62.7784 63.7874 61.367 64.0285 60.5931 64.8134 60.5534 64.3213 63.3377 64.0409 62.0131 64.6834 64.6365 67.8399 64.8987 62.5561 56.5908 66.4241 64.5444 65.0364 63.3941 62.4219 64.3634 61.9349 64.2683 60.1065 64.3576 70.9166 65.8417 64.3021 61.8085 61.8703 61.4176 67.2146 61.33 63.6841 66.3212 60.4451 62.7175 61.6171 67.8603 61.9278 57.9588 63.5036 62.2481 64.0637 62.3984 62.8608 57.7119 62.3315 67.923 67.5539 58.5515 64.8712 64.4175 61.8907 62.3036 63.1227 66.6513 65.4899 66.4112 59.4789 65.5286 63.944 59.2539 65.1759 61.8091 66.3665 63.688 59.4555 59.9157 63.8582 65.9021 58.5211 62.0292 65.7866 65.9227 63.2484 65.1948 63.2794 62.2395 63.3449 65.0434 64.8818 63.9804 62.004 62.6399 60.0985 63.5111 64.0041 63.0173 64.5532 65.1138 63.6762 60.2505 65.47 65.8943 66.6873 65.8294 63.7603 62.801 64.145 58.4111 64.932 58.3033 67.3932 59.0319 61.909 60.5783 59.0444 59.2936 64.4205 64.9045 61.265 61.9044 61.6137 61.8376 64.2999 64.3254 64.0192 66.0888 61.528 68.1203 62.6432 58.9762 62.95 62.5196 63.8561 62.1335 61.4574 58.7312 61.8018 63.0133 61.1435 64.9119 60.5747 63.4054 61.028 62.0749 72.47 61.4824 63.8994 67.2746 63.171 66.892 65.4199 66.7467 63.9588 60.4956 62.6704 64.1384 65.8513 63.337 63.2251 65.5935 58.9017 60.1881 59.2505 67.6993 60.7231 64.9031 63.5812 60.6573 63.0589 62.166 59.8504 65.2454 61.1531 61.382 58.9492 66.341 60.0819 64.0166 63.2937 65.7473 65.3804 62.8971 63.6059 62.7562 64.0952 60.8375 65.1593 61.1684 65.3505 62.4557 62.5948 62.4366 62.0216 65.0293 61.8787 63.8121 61.2991 62.9932 58.429 68.0632 59.1599 64.2515 58.5053 61.9383 63.4475 63.0896 64.4484 66.8772 64.6236 61.508 66.5685 64.5007 65.9326 59.5874 63.9518 58.709 64.6207 65.4307 65.299 63.5864 64.6622 60.7861 63.2797 64.9152 64.4729 64.327 61.6354 
66.679 64.5761 66.1477 66.0598 64.4751 72.4894 64.157 66.5472 66.654 66.5566 62.5046 65.2369 61.8197 64.747 65.61 63.3436 65.8564 59.5457 66.2865 67.0003 67.6594 64.7269 59.8056 61.3696 66.8792 69.7121 65.1379 68.086 67.7863 67.2506 64.891 68.7418 62.9425 68.5253 63.3504 66.9764 65.4332 64.4674 65.8046 64.9962 64.1895 72.133 65.5674 64.8878 59.7333 66.6713 69.2506 70.0273 67.5232 64.6979 66.4227 61.0157 70.2964 64.478 67.9592 75.175 66.8842 66.2888 65.4649 66.3174 64.4962 66.6463 65.5 64.8651 69.2856 65.1478 64.4707 63.0162 67.3264 65.8644 62.586 64.7644 65.5588 67.2289 66.1513 66.9873 63.0438 65.2383 71.3064 74.0105 65.8699 64.7865 67.7929 65.0498 65.8545 66.5055 66.3878 68.0915 66.2868 63.3991 64.622 65.5153 62.8184 69.6058 63.0753 67.401 64.2943 68.7622 65.6715 65.6169 66.023 66.0942 64.3806 65.513 66.5144 68.8789 65.5305 64.9341 61.5486 64.9246 70.0594 64.0093 64.6254 65.4975 67.5189 63.2327 68.1581 65.4361 65.3926 67.888 68.0144 68.1288 62.6892 66.9089 68.9062 73.6684 67.7818 66.6932 63.8454 68.3318 63.2651 68.3135 63.1609 67.3087 62.1514 65.7439 66.0281 63.6879 60.686 65.3565 64.0434 65.5138 65.0225 67.3067 67.6099 65.0858 69.0821 68.805 70.1308 64.2578 71.2288 63.7867 63.1992 63.402 69.1562 65.6219 64.8194 63.648 64.1553 62.3199 64.9355 66.6201 65.2348 64.9997 64.7234 63.0593 64.7571 72.4261 65.684 65.9532 67.7148 67.2887 68.2381 69.4344 70.5959 67.0712 61.9586 65.8027 69.8136 70.0046 66.08 66.8876 69.0947 63.9759 65.4266 62.2829 66.9327 62.9932 67.9131 65.8301 64.6173 66.2466 65.7347 63.9607 68.5234 60.5213 65.3778 62.4254 70.4061 61.7741 64.7467 66.7552 67.991 68.7529 66.0329 67.5389 65.1112 68.5435 67.0329 67.4224 64.1821 66.6641 64.4822 62.0027 68.7106 64.2253 65.5345 66.4077 65.0648 67.1695 63.9438 61.4331 66.7117 63.9864 68.8015 63.1291 63.3062 67.5889 62.8593 64.4228 67.8726 66.5146 62.2407 70.7014 65.6341 70.5706 61.8385 67.7243 64.6791 64.8464 65.5023 67.072 66.6426 64.8606 65.2309 60.578 67.2772 67.1421 67.8139 65.7563 
62.9448 65.8069 64.9097 60.5526 60.3629 69.5728 62.7891 63.1176 62.2064 63.7558 61.319 63.0703 62.6455 63.0086 64.6961 60.6247 62.7987 58.5206 66.3213 66.5636 66.9332 63.5221 60.7332 60.0671 63.3522 66.8128 66.5827 64.5831 62.3987 62.9218 62.2669 66.3337 61.7388 65.5631 62.7207 65.3597 64.0823 64.0064 62.5107 64.9692 64.7638 69.0503 65.7959 63.2172 58.4852 64.5658 70.8203 66.706 65.6948 63.7037 65.9082 60.7853 63.5016 59.4528 65.4721 72.7858 66.2427 66.3758 64.3096 65.0593 64.5873 65.3906 63.9238 64.7465 65.377 64.6645 65.2211 62.251 64.7996 60.801 58.9422 61.7884 62.2435 64.5358 63.039 65.5804 60.1398 62.611 69.8244 70.3035 61.8486 61.433 65.7398 63.3473 66.5534 63.4609 63.4581 66.2953 64.9198 60.8893 64.1808 65.1213 62.9391 66.0876 63.6934 66.3499 64.1446 68.1127 64.5263 65.7586 63.899 63.0855 65.001 61.5599 65.1764 66.4014 63.6219 63.6791 63.9193 63.9545 67.1443 62.0504 62.5098 63.3334 67.047 62.7214 63.9039 62.0176 61.9889 64.2499 67.128 63.774 59.4584 63.9016 64.1844 69.637 67.1839 66.4551 61.9755 67.8576 62.5953 63.7145 59.7643 65.1196 62.3129 63.9424 63.9548 63.5538 59.7367 63.1613 63.1315 63.2503 62.4448 63.9539 61.5309 63.0087 66.1713 66.0028 67.58 64.8284 67.6241 62.1562 61.2517 62.0444 65.104 64.9816 61.5031 58.7767 61.4135 62.9028 63.1432 64.0473 62.8103 63.6095 66.2151 61.0723 61.818 72.0912 63.5882 62.997 68.1946 65.8367 68.6624 66.7697 68.3857 66.5666 59.8408 64.489 66.4293 65.5053 64.3004 64.1462 67.836 60.725 63.5138 61.3365 66.8948 63.9099 65.4622 65.0297 62.201 65.1193 63.8451 62.6599 66.6188 60.1596 61.3856 62.5109 67.8337 61.6131 64.8287 65.2816 64.3063 65.9522 65.0235 65.5781 61.7006 64.1595 62.8662 65.6604 64.7516 64.8484 65.0248 62.9758 64.5604 59.4501 64.0785 65.5808 62.0407 64.5275 67.5265 62.6822 67.4224 61.5089 64.7514 60.908 63.3393 65.322 63.9525 62.8505 65.1176 65.4678 61.2954 65.9121 63.4128 68.8576 59.3473 65.5733 61.6639 65.5596 64.2737 65.0463 65.5641 62.0566 62.4076 62.8088 62.8077 63.4705 63.3878 63.3843 
63.4477 63.313 65.4695 61.0735 59.9805 70.0623 62.5816 64.7708 63.3777 66.1291 61.2111 61.9922 63.6485 65.3697 59.2092 63.8678 64.1443 57.1667 66.041 66.1404 66.131 64.6408 59.6063 60.1902 68.0738 68.5167 64.0191 66.045 66.1254 63.6752 63.094 70.2503 62.5865 65.365 60.7931 65.6378 64.5004 62.7313 64.3226 64.8138 63.9464 69.1456 64.5018 64.4751 59.3487 67.1388 66.0308 68.2821 67.7116 64.2383 67.5277 62.0225 65.3818 64.4361 64.2405 72.399 66.2333 66.0806 65.0279 62.7404 64.2657 67.3162 65.7046 61.3823 68.1392 66.1597 65.2233 63.7353 67.9242 64.7957 62.9058 62.2803 62.3623 68.26 64.3196 66.2397 60.8495 63.9551 68.6308 69.2928 63.3208 61.7501 65.4897 63.3685 65.5737 66.4936 67.4577 69.5598 66.2905 63.6191 64.2504 68.4881 61.4265 65.7565 62.6814 67.1701 65.2799 68.7651 61.9364 65.3651 62.8693 65.5882 63.5336 63.4524 65.5056 66.3699 65.7895 63.2959 63.4688 65.6061 69.2463 61.5069 65.1456 64.3777 66.2432 64.5779 65.142 64.0184 65.7588 67.3335 66.4173 66.9537 62.2428 67.2408 66.0187 70.6105 65.1707 67.2775 61.1372 67.489 63.8264 66.5106 61.2754 63.0895 64.0664 63.9216 63.0371 60.7104 59.0901 62.2994 66.4749 65.3199 63.2974 65.8338 61.6214 63.5276 66.9073 66.8466 68.9367 64.3416 70.4187 64.1107 61.4305 63.6502 65.6053 66.76 63.4915 61.283 61.9775 61.105 64.6728 61.323 64.2936 65.1053 64.4216 60.5929 63.3019 71.8425 62.7281 63.9556 65.9471 64.2202 67.5056 69.0743 68.6923 67.3344 61.4787 65.3544 67.0826 64.1379 64.1687 65.2814 67.4267 65.0392 64.1074 61.1028 67.5994 62.6671 66.2079 66.9144 62.3196 62.6923 65.731 64.0779 67.7578 60.1908 62.7641 59.6257 67.6276 61.4594 64.4761 65.898 67.2658 65.3623 64.7973 63.4639 61.0957 67.1942 64.2379 65.2075 61.941 65.2117 61.5459 60.3374 64.6858 62.0852 64.2899 64.9518 64.9354 63.2501 64.2364 62.2527 65.7966 60.7176 65.2727 63.242 65.5783 65.9986 62.4088 64.1655 68.57 65.1746 61.3249 67.5548 65.0643 68.4524 61.3794 65.5179 61.1034 62.5849 64.0397 68.4258 65.2395 64.1044 61.7651 61.6034 64.8484 65.0798 63.8696 67.2939 
64.6418 64.6467 65.3347 58.8073 60.615 69.4152 62.2432 63.2596 61.6665 61.3362 59.086 63.7027 62.0935 63.338 64.1717 63.3934 64.7222 58.7476 64.4578 68.2979 64.2644 60.8748 59.7835 58.1317 64.7632 68.6645 63.2412 65.8132 63.6279 65.7059 62.5307 66.459 59.8365 60.2301 58.88 64.4161 61.5925 62.3698 63.1145 63.1573 63.6133 67.5056 63.8054 61.5144 57.1154 65.631 67.1664 66.3584 64.1488 63.3542 65.728 59.986 66.8959 57.1322 63.4975 71.1622 65.305 66.0754 63.077 61.1017 62.154 67.1374 63.4773 62.1154 68.9336 64.5095 64.6671 61.4881 67.4725 64.1805 58.6597 63.6651 61.6639 63.2505 65.746 66.8379 57.9492 63.4815 68.883 69.8557 59.9178 62.1763 64.7085 63.8222 62.6872 65.4793 66.1649 66.8118 65.4778 59.7252 65.3356 62.9381 61.5571 65.5761 61.7935 65.3661 62.7285 65.5101 62.0466 65.8604 62.6322 62.8093 62.1367 61.0956 63.5862 63.4648 61.1018 63.1591 60.7997 64.0703 67.0484 63.4902 62.4374 62.6813 65.8197 61.3256 63.9534 61.9988 66.3838 65.8569 64.7817 63.6802 59.0953 65.7421 67.0937 69.2817 68.6956 63.6074 63.597 63.1657 57.4296 66.2399 59.7143 66.0019 60.9417 62.696 63.4473 60.7383 61.3835 65.4946 64.6813 65.1547 61.728 66.1281 62.7437 64.7097 64.8124 65.1674 68.7352 62.0248 66.4941 61.7819 62.1086 61.6584 65.569 65.8195 64.4535 61.7959 59.5789 63.4086 64.1578 61.3941 63.176 61.4 62.504 61.4637 63.1822 69.8109 63.3375 64.9453 65.7231 62.9059 66.6974 65.8512 65.2635 62.6888 60.4324 63.4865 65.7997 61.3266 65.8894 63.2261 65.7924 60.0971 62.7022 58.685 66.0105 61.4308 64.7966 64.0657 63.3868 62.5712 65.0859 62.2765 68.26 59.728 62.3755 57.8626 65.6121 58.32 64.0041 65.279 64.0707 66.1359 62.0298 62.7564 63.0161 65.1772 63.6507 65.5188 62.5084 61.2334 64.6439 59.5246 66.2339 61.9322 64.6447 64.1435 63.034 62.609 65.1409 58.6317 65.4423 59.5667 64.0792 58.1676 60.2735 62.6764 63.8272 65.3396 68.3524 63.0238 59.9166 68.3724 62.1531 66.9228 63.088 65.3381 61.8338 63.709 64.678 65.3541 62.604 65.8693 60.0527 61.6588 60.9484 61.6091 62.4658 62.4154 
64.4229 64.0861 61.34 59.098 59.5437 66.7165 60.6525 64.7222 60.26 62.5143 59.5479 61.621 59.4703 64.1363 62.071 62.0561 60.4072 57.2732 62.9571 68.669 65.0612 60.8431 58.9791 58.6397 63.8319 64.8883 63.3525 63.3764 63.7288 61.5536 60.163 68.7196 58.8364 65.244 57.0137 63.0995 58.8059 61.6635 60.501 63.556 60.7053 64.7214 63.3203 62.6464 56.8941 66.3477 66.9525 63.6265 64.1042 63.1961 62.5722 59.5885 64.7614 59.4209 63.4887 68.037 63.1587 64.1221 63.7534 60.6507 61.5838 66.5503 61.5198 60.694 62.73 64.3086 62.4501 61.4869 66.9701 60.6795 58.3316 61.0924 62.2366 63.1709 64.9465 62.3808 59.1111 61.1478 68.134 67.539 59.0842 61.2007 62.4796 62.4016 63.007 63.1362 63.0425 65.9534 63.7789 61.5792 62.9858 62.8788 60.3045 63.929 61.2233 62.7922 60.3654 65.8957 59.7747 63.6985 63.7576 60.1785 62.9393 60.2166 64.3155 63.291 61.3426 60.1477 62.725 62.2513 64.817 59.4456 63.044 60.8724 63.5347 57.6454 65.2115 60.5104 63.0869 64.8159 64.9861 64.4487 59.3229 63.5825 65.0812 69.4123 66.6729 67.0529 60.7713 62.1753 57.8673 63.0932 59.2793 63.6232 60.0086 59.9301 61.9226 60.064 58.4839 61.9659 61.647 62.8342 64.5043 62.1409 61.8645 61.9461 64.7788 64.372 64.0493 60.1866 68.6362 60.0946 62.598 60.6319 62.9722 63.0405 59.3931 59.9383 60.0784 59.1384 59.1616 60.4121 61.7631 60.6517 62.216 57.4613 65.4145 68.4955 61.0085 60.0837 64.1674 62.3721 65.884 68.1253 63.2646 62.9871 57.4384 63.2993 66.2794 62.1022 62.3759 62.6851 64.6703 60.0044 63.1908 57.6065 65.7674 61.7107 62.8989 62.0149 58.5028 62.985 63.3352 58.8411 64.7851 59.9102 60.6959 58.1302 65.3975 58.6385 63.3848 61.3324 65.8931 63.7749 59.9866 63.2395 60.3808 64.2134 62.2146 64.5034 63.3614 61.5808 61.8432 59.951 64.7314 59.5911 63.1344 63.1356 62.1782 61.3964 61.2739 60.9795 65.8535 57.2796 62.8711 58.7845 61.4065 61.9743 61.5876 63.6971 66.9733 62.8754 60.7231 64.4425 61.5973 65.9464 59.8799 64.3025 57.4087 61.8016 62.1431 64.1648 60.884 61.2788 61.2853 60.8858 59.9721 63.6365 61.168 63.1598 
61.9093 61.4752 57.5908 57.5284 55.6545 64.265 58.8207 63.2033 59.4496 59.1617 57.5849 60.2446 56.7002 59.4639 58.7499 58.7002 60.0287 54.8106 60.8846 64.2221 60.7916 59.797 57.2055 58.8474 63.2768 64.9383 62.4423 60.1925 60.8674 61.1915 57.704 63.968 58.0394 63.4467 57.2461 62.886 58.9424 58.4526 59.7981 61.504 55.6701 63.152 63.2288 60.1249 57.1319 62.0902 65.9551 59.2495 61.0662 56.4574 62.8585 58.1948 62.453 56.4059 61.9758 65.3149 61.6078 61.4777 62.4838 58.6585 56.9697 61.8134 62.1902 61.298 62.9492 58.9522 61.383 58.9686 62.9736 57.9251 56.8573 57.178 59.0454 63.2524 60.7284 59.8469 56.9768 58.9159 66.5401 65.1699 57.7152 57.6802 61.545 57.6418 60.21 62.9425 61.8599 62.4738 59.5175 55.2439 63.3999 62.4111 56.7264 63.56 61.2457 62.1912 60.3028 61.4356 54.9317 63.7166 59.8521 58.6053 59.3758 61.0883 63.2242 62.6449 61.7032 59.7481 61.5339 60.8003 62.1345 57.304 60.7334 60.3678 62.8396 56.6871 63.663 59.5871 59.382 61.8387 64.1979 61.1688 57.3929 63.9238 62.656 65.7388 61.2296 64.6605 58.5132 63.9315 55.6314 60.5623 58.0668 58.5622 56.5341 60.8268 60.8116 55.9161 56.8211 59.3355 59.9893 61.284 56.9736 58.3911 58.4777 62.0439 61.2864 60.9738 63.0447 59.4526 65.5458 59.8479 54.7752 58.5507 60.8482 62.9829 60.163 58.2795 58.0466 61.436 60.5187 60.0163 58.0823 58.9629 63.798 55.6677 59.7449 69.9176 60.0988 59.6607 61.8481 61.0728 62.0278 65.165 62.8198 63.912 54.6331 60.6248 63.0572 60.1082 59.2021 58.2954 62.017 55.7957 59.3896 57.2136 63.3011 60.756 63.5223 60.6986 57.1529 59.0194 59.8858 57.8795 64.3636 58.007 60.7024 56.2372 62.7267 58.393 61.2002 59.354 63.8768 62.6822 61.3532 60.3421 58.8839 60.8137 58.2739 62.5854 58.3615 60.3478 59.1008 57.2598 63.0632 57.3155 59.8999 60.0418 61.5707 60.8454 58.7878 58.9938 61.049 59.2551 58.7612 55.4767 58.7495 61.0193 59.1357 59.0649 62.6566 59.2533 57.9984 62.5893 60.6355 62.4811 58.8153 62.7387 56.587 60.1434 63.0446 61.8167 61.6454 59.2261 58.9986 60.3878 58.5557 61.8596 59.5998 60.6984 
68.3792 64.1221 62.6918 62.1742 59.1313 70.1342 62.8192 64.8531 60.4449 63.0014 61.5279 64.9721 63.0025 63.5853 65.0226 64.4211 63.7015 60.0435 63.0154 66.4665 65.7095 60.9313 59.7002 60.263 67.1435 68.9069 64.2061 66.4774 64.8168 64.0013 63.185 65.9394 59.9018 66.7953 60.6006 65.9702 64.0967 60.0794 63.1155 66.0535 64.1951 67.0662 64.5973 62.8175 58.7889 68.9336 65.194 65.6523 66.0547 63.158 65.1687 59.7075 63.9844 59.0608 65.7837 70.0763 65.8475 65.3758 63.5745 62.0936 62.5246 69.4998 63.2356 63.1423 66.155 63.1404 62.0125 63.3119 68.5729 61.9081 59.4021 62.2835 61.1524 67.9871 65.0279 64.9978 59.0552 63.7519 65.8832 69.9744 63.31 63.238 63.3091 63.8691 66.0669 66.836 63.7915 68.3934 63.7835 59.9121 64.652 64.8326 61.4156 67.158 60.3787 63.4349 61.9216 65.1222 59.8487 64.0427 66.007 60.0117 63.6973 63.7718 64.686 64.5821 66.233 62.9621 62.2536 64.1016 65.443 64.4522 62.7595 62.5843 63.6178 61.2307 64.9924 60.9186 63.2584 62.65 66.5076 68.4596 61.5135 65.8077 66.535 70.7875 66.706 65.634 60.9781 64.0842 58.8634 64.2879 59.3975 64.7388 62.7168 61.8528 60.8213 62.152 57.7984 63.874 61.587 63.6934 64.7573 63.7148 63.2034 63.9243 66.0436 65.8925 65.4971 63.299 68.1415 60.4538 59.5281 62.5904 64.8882 64.7752 62.2191 62.0338 62.7471 61.7743 61.9303 62.278 65.7042 62.0835 63.7488 59.4271 64.2078 71.9594 64.4899 65.2613 67.7276 63.886 66.8043 68.4583 66.4513 65.0956 58.3121 62.9164 67.7878 65.1518 63.6942 64.2114 64.4051 61.6341 62.4567 61.419 67.5559 64.3084 65.3417 64.1569 63.1986 63.9946 64.9886 60.534 64.8797 59.1988 64.6009 59.2932 65.2785 63.133 63.8783 64.2516 65.2125 63.7343 63.7989 62.7036 62.9577 65.875 64.419 67.545 63.1319 64.4883 63.0307 61.1363 64.8398 62.6219 64.272 64.194 63.375 65.2746 63.5005 62.3368 63.2158 60.7741 64.4726 60.5769 62.8048 65.0437 64.3807 64.5072 65.777 63.215 62.9946 66.9465 63.4057 69.0534 63.6959 64.8124 60.3818 63.4148 64.8493 64.5869 63.2771 63.3168 61.2608 62.344 63.0208 64.5281 63.3877 62.6911 
61.164 60.3722 58.9836 57.6194 55.8013 64.3638 58.7346 59.9473 61.4757 58.7081 55.8885 61.7442 58.5008 57.5284 59.5151 58.0484 57.9314 55.2834 59.5659 63.1732 62.1879 58.702 57.6722 55.625 61.7861 65.7022 63.0465 63.3785 63.4718 62.9856 57.154 61.4518 59.5747 62.5294 60.0822 63.76 60.6779 59.5132 61.5931 58.1863 61.1194 61.8451 61.1825 60.3748 56.1474 62.5321 62.3042 63.3297 60.0497 60.7318 63.2055 56.3803 59.5965 57.2584 62.5843 70.3235 64.1527 65.4031 61.796 58.1635 59.9326 62.1338 59.7602 61.5592 62.5888 61.292 61.4198 56.2566 65.267 61.3936 54.3971 59.4478 59.1008 61.9203 59.7381 62.2948 56.0258 59.0537 65.7419 65.5589 58.5303 60.1747 62.1778 61.3241 61.976 63.0327 63.7784 64.0029 58.872 58.1422 62.0988 61.8064 57.7697 63.2154 61.5208 59.49 61.2198 61.0394 58.6486 61.4633 58.2021 59.9975 61.4668 60.3672 60.6919 62.0895 60.7554 57.277 61.0169 59.4431 63.1854 61.4855 61.23 62.2843 61.6753 59.4349 61.3177 59.687 58.4652 63.2673 65.3101 58.3153 56.9427 60.3327 62.0495 66.3275 61.3436 62.3988 59.1021 62.0806 57.2387 59.4297 56.6824 58.987 57.3635 58.6672 60.7186 57.5964 56.5672 61.5288 59.292 60.3866 58.811 60.2973 57.5032 59.6311 62.1898 62.2304 62.7968 62.0306 62.2114 58.0457 59.3595 57.889 61.6447 64.228 57.6742 59.7099 58.9484 58.9464 60.8398 58.3742 60.6511 58.0727 60.0947 57.6445 59.1579 68.6966 61.1692 61.0598 62.8723 60.0915 64.5033 64.6182 62.8562 63.2263 56.072 60.7079 63.3875 61.4156 61.1507 59.8776 64.916 57.39 57.8303 58.1822 66.2761 58.0658 62.549 61.2137 57.4455 61.0911 61.9692 58.5735 63.5063 61.2072 59.4848 60.5038 60.9693 59.9593 61.6838 62.5042 63.69 63.4859 60.994 62.1211 58.8457 63.7887 59.5434 63.0703 61.8089 59.8987 61.2431 58.1738 62.2163 57.4361 59.9862 61.6428 62.7552 58.2793 62.0936 58.6077 61.358 56.6365 61.9466 56.248 61.1651 60.3293 61.0397 61.9282 62.4266 62.091 57.9882 62.8687 60.5962 63.4416 57.5694 63.4872 57.5842 61.0572 61.8481 62.1494 60.5414 62.0494 56.6852 60.0832 60.6012 62.2889 60.4183 61.9825 
62.0901 63.1595 60.8015 59.1563 57.3852 65.7057 57.9414 60.7751 58.6287 62.1566 56.2971 62.0694 58.2263 58.9822 58.7175 59.8475 59.6663 58.0674 61.9149 65.8236 64.1014 60.1009 56.8055 54.1245 62.4793 65.805 62.9093 60.7555 60.7883 59.9152 60.5894 64.0023 61.0704 64.5845 56.0506 62.4566 61.5064 61.8071 60.4568 61.7169 60.2151 64.0803 62.0436 63.4315 55.4802 62.4642 64.3182 64.3719 62.2204 60.0959 62.1908 56.8816 57.3257 60.0099 61.0193 67.9317 63.4512 62.1987 62.6551 61.6734 60.5335 62.4053 61.4767 60.3094 64.7732 62.2376 61.3139 59.3398 65.3502 60.9906 58.8795 59.6624 58.8864 62.0524 60.9544 62.6049 55.2493 58.6227 67.1502 65.2714 59.0557 60.1349 61.6623 60.5827 64.2189 63.0412 64.2362 63.4722 63.5327 55.6048 62.5285 63.2871 59.5582 63.4554 60.0112 61.4348 62.5036 64.2271 56.6267 62.8022 58.7405 59.8232 60.3167 60.3897 58.8848 63.0119 60.9942 60.8687 59.8145 61.7175 62.9101 58.2351 60.7682 62.4324 66.4154 58.2724 66.6859 60.2393 60.3949 63.158 65.3022 62.202 59.8933 61.0109 62.7303 64.8877 63.6107 61.6349 58.5054 64.1842 57.7116 61.7779 61.262 62.6088 57.2752 59.0669 59.6227 60.1922 57.2769 59.62 60.697 60.4119 61.931 60.1185 58.3367 60.8101 64.1017 64.7174 64.097 60.6347 63.8283 59.2403 58.339 60.0641 62.2655 63.4955 58.8283 58.6549 59.332 60.1591 60.7903 58.362 59.8541 59.72 60.4506 58.7699 61.1092 70.0468 61.5042 60.4541 64.1825 60.2885 64.5212 65.0083 64.1261 63.5804 56.9925 62.2108 66.1738 62.1423 59.0993 60.7287 63.8843 58.6026 61.063 57.7663 65.0286 59.2498 60.7478 61.4775 60.587 59.5802 62.3933 60.3196 62.5257 58.7168 59.5172 56.3492 63.4571 60.569 61.5608 60.3444 64.7812 62.0502 63.3784 62.7263 59.3907 63.7557 61.1604 63.2471 62.3241 59.8295 59.9203 60.7754 64.4348 58.2889 60.8075 63.547 61.844 58.3991 61.7793 54.6864 62.2697 57.6012 60.7856 58.3479 59.8632 60.5377 61.0686 61.8704 64.5545 62.2903 60.4637 65.6815 62.3503 64.5115 55.9767 62.9485 55.8725 63.3084 60.261 64.4106 59.6497 60.2317 55.5715 59.7297 61.4039 61.8621 60.8671 60.4353 
64.2844 63.0505 64.5523 61.7867 57.6503 70.1916 64.8758 65.0455 63.6228 63.2225 60.1171 64.9611 61.6564 64.9951 67.5298 62.1255 63.7488 58.0542 65.1795 69.9589 66.1768 62.2022 60.9937 60.5377 65.9964 69.7868 63.4973 65.8265 66.2402 64.0595 60.7484 68.5236 64.796 63.8259 59.9648 65.0535 64.3483 62.1871 64.1338 66.2025 65.2798 67.8144 64.5959 64.6342 60.654 65.6588 68.8097 66.7433 66.0615 62.1609 67.3598 62.3062 64.2636 64.3432 64.9247 71.6466 64.7054 67.7619 64.242 64.9176 59.3579 67.9652 64.2874 63.1464 67.058 65.4033 63.4914 62.9449 68.547 62.5768 60.3753 63.0057 62.4857 64.2687 66.9613 65.2595 58.7311 60.6639 70.4179 71.8276 62.8962 63.4047 65.9215 65.752 66.7483 67.2787 66.1766 67.0156 64.4491 62.1524 63.623 66.4377 60.7437 64.582 63.3122 64.8215 63.0085 66.3021 60.0848 65.113 65.8894 61.2124 64.5573 63.5341 63.4642 65.4713 64.6875 62.7588 63.8223 64.1938 65.1753 61.7281 63.1367 63.9849 61.7815 63.3253 66.8003 64.3053 64.3555 64.3403 67.2192 64.6097 60.824 65.5268 65.9177 68.1839 67.5669 64.6675 62.3761 66.879 58.8939 65.2767 59.7544 65.0377 61.3175 63.513 61.1849 63.2009 60.9128 61.7867 64.231 64.1356 62.3444 63.6447 63.9623 65.7136 67.0646 68.0446 65.2329 62.3897 69.465 64.0007 64.7348 64.1597 64.1247 65.7078 64.578 58.3794 62.1719 60.8952 62.9325 64.6136 65.2958 62.351 62.8376 58.1828 63.07 70.7064 63.9212 64.1568 66.17 66.1163 65.438 67.011 65.7294 65.4667 60.787 61.6768 68.0242 66.1093 63.5105 63.4194 66.6456 61.8889 64.423 59.9662 70.4794 63.6406 65.831 64.1139 63.5038 63.6856 62.0971 61.3148 68.1495 64.7313 61.7502 62.6062 64.2306 61.327 65.2845 63.1325 63.1063 67.5323 62.1378 61.6791 65.6208 66.87 64.3385 66.491 63.8716 62.5677 63.0939 59.6844 63.7044 62.0338 63.8662 64.3314 64.0093 64.4218 63.3363 61.946 64.1254 62.0611 63.4872 59.7685 63.2115 65.3078 65.7441 65.3014 67.3045 62.4341 63.5522 66.7196 61.6978 66.9717 62.8877 68.8629 60.3068 64.6837 63.4883 67.2365 66.3539 64.3327 60.1622 61.4869 62.4479 65.2637 63.0036 63.2441 
69.3088 70.9091 68.789 64.5062 64.0141 73.9294 69.307 67.6862 66.8339 70.9879 64.3464 69.2088 65.5462 67.4617 69.2861 66.196 63.5328 61.9425 70.5799 71.1722 71.0711 68.2268 62.7188 65.3524 70.8508 72.213 67.3264 68.7794 71.0376 68.0881 65.6238 70.1955 65.4499 68.6973 65.5002 68.1843 67.1597 67.6869 67.4097 68.0843 65.5735 74.856 69.0955 67.3107 61.4461 69.3602 74.2253 69.8967 70.6601 67.4284 68.9672 66.0975 69.4546 65.9232 70.296 73.7762 73.8196 72.7779 69.4606 70.8794 65.5051 69.3916 70.1255 66.2097 72.2955 70.035 67.9526 66.2868 70.0394 67.5695 65.2023 68.4784 68.0734 70.9704 67.9649 71.7721 61.9538 66.6287 73.4026 75.5854 65.536 67.9531 70.61 68.0181 69.4461 68.8784 70.5829 69.1813 67.8461 65.8898 67.3354 69.7777 65.8916 71.3769 66.9136 68.2307 66.5689 71.2774 67.1469 68.1384 69.0061 69.3848 65.1065 65.8364 68.0342 70.6498 68.5073 66.9624 66.5283 65.9435 72.9673 68.2929 68.3374 66.5787 68.0604 65.3238 69.4601 67.8821 66.0301 71.8921 72.7751 67.8708 66.1543 70.2508 71.9461 77.1268 71.1749 69.0526 66.6102 68.3405 65.5631 67.1395 65.2044 68.0786 65.4248 70.099 68.3883 65.7054 62.9104 67.2053 68.7106 66.8874 69.3686 68.2975 67.545 67.7615 72.7856 72.4828 70.6666 68.1888 72.7512 66.2735 66.5261 68.5701 69.4318 69.3049 67.5518 63.4395 68.007 65.6723 66.6738 67.5792 67.3522 62.5558 67.126 65.6906 68.5948 78.7808 67.2105 68.5702 69.6897 70.2414 69.0497 72.8548 71.6139 70.0528 64.0513 70.4811 68.9769 69.2161 68.3267 66.4084 70.9405 69.5478 67.594 63.6242 70.5631 65.1255 71.6055 67.3496 65.1311 67.3193 68.9955 65.9924 66.815 64.9944 66.5378 64.5736 72.0466 64.3611 67.2786 67.6794 70.093 68.0299 68.1898 68.3976 65.6735 69.2843 67.5483 68.9127 69.3166 67.527 64.6228 66.4882 70.0103 66.3452 67.5757 70.9899 66.5668 68.9415 67.6624 66.1786 71.4456 62.5835 69.0587 63.6925 67.7245 68.0835 66.447 72.1421 72.165 67.6697 65.9171 72.5373 68.2495 69.0185 65.2199 69.7203 64.0101 67.2295 68.0286 70.017 69.2942 68.721 66.6882 66.3295 68.2579 68.4968 65.0566 69.8605 
59.9844 61.4442 59.2157 56.9155 57.8508 66.4789 59.02 61.9286 59.9219 61.955 55.827 61.1168 58.4576 58.9397 61.9538 59.2277 62.5024 54.6061 62.6986 65.9082 64.6426 60.0455 57.3702 59.0447 62.1298 66.2021 64.2024 60.3877 60.9093 62.7217 57.4374 62.3621 59.0827 63.925 59.211 61.6197 59.1957 60.6729 62.4108 60.8343 61.7133 65.5204 61.0249 60.9111 54.7177 64.8511 65.7468 61.8678 61.4944 59.0401 62.3777 58.6174 61.5269 59.548 62.7567 68.007 65.2111 62.0056 60.9562 60.1951 56.9172 62.6293 61.2031 62.4751 65.7284 61.9817 65.2928 58.8707 65.3232 60.362 57.988 58.1565 59.3609 62.5326 62.0385 63.1164 56.784 56.9566 67.273 68.3768 58.6607 59.2972 61.5492 59.9419 64.4123 64.8095 62.7721 62.8197 61.2938 58.3809 64.3529 63.8389 60.1057 62.899 60.3737 60.5738 61.9217 61.256 56.875 63.441 60.5031 61.0185 61.7532 61.0246 62.7503 61.6669 61.1637 59.4319 60.2463 60.1355 63.5695 61.4975 62.9213 59.4954 65.7392 61.0697 60.4086 61.1445 61.3398 62.3101 63.8882 62.1616 60.2358 63.7087 65.2202 65.9851 63.3935 64.7635 61.1387 62.3093 58.3476 61.4456 58.3981 62.3252 58.432 61.182 60.9535 59.1785 55.1914 61.9087 61.9382 60.8212 60.8859 61.8769 60.0708 59.8875 64.1985 64.5096 65.9721 60.684 66.8147 59.9805 59.4771 59.0893 62.9552 62.2981 59.3468 55.5901 58.6093 61.4301 59.8508 60.9877 62.7682 58.0005 62.9338 59.5101 61.973 69.0657 59.5955 62.2499 65.7544 60.2657 63.5798 65.1022 62.2535 64.9462 56.3547 61.5363 63.8625 62.1977 60.5783 63.6874 64.189 58.9227 61.8679 60.3158 62.5309 62.7563 64.9831 62.58 57.8177 61.316 62.964 58.2594 65.5411 59.1454 61.4858 58.2718 64.0196 55.6707 61.5154 62.0617 63.2329 62.2814 63.2428 62.3416 62.0162 61.6014 59.7677 64.5902 58.9671 62.7227 61.9147 59.24 62.6014 60.0299 60.8068 60.1472 59.5928 62.7591 60.5476 59.0208 62.4046 60.2045 61.8063 57.2262 59.7897 64.0152 61.3048 61.3399 63.8752 59.7402 57.7331 66.108 60.4318 64.1922 57.5349 63.1932 58.9474 62.0329 59.6749 62.5252 61.9382 60.4149 59.3267 60.3243 58.3778 60.0794 61.8523 61.6082 
61.3573 62.4943 58.2974 58.4948 55.2925 65.3329 58.5608 61.7636 61.8773 59.7822 56.7824 64.2392 61.1049 57.3303 60.7215 59.5899 58.463 56.2992 63.9139 64.3561 62.2028 59.0137 58.2904 55.6243 61.2306 62.8902 62.2046 61.4908 62.33 62.3088 58.7383 63.2159 56.7305 63.5061 60.2487 61.0984 59.7875 62.4943 58.9925 61.4452 62.0877 64.32 60.9923 61.9595 58.1515 62.5728 63.7094 63.1691 61.1946 61.3951 63.2525 59.9066 61.1566 59.104 60.4048 68.5273 67.6992 61.8828 61.2425 61.5276 59.4139 61.2406 61.5848 60.0494 64.3876 62.0041 60.5873 61.1775 62.5922 58.5828 57.328 59.66 58.7709 63.0064 60.7559 62.3146 55.8923 58.6499 67.4901 66.8035 57.9531 59.345 62.3733 60.8804 65.2417 64.2687 60.7729 62.7375 59.9861 57.5026 64.1035 60.9597 58.755 61.5806 60.507 60.4305 61.54 61.4173 57.8379 63.6459 61.6474 59.4535 59.5505 60.0621 60.7942 63.4314 60.8808 60.9352 61.7596 61.2203 60.9949 59.328 62.4338 58.4672 61.8851 60.6338 63.4887 59.0575 59.6432 61.4862 64.4737 62.2252 60.7121 63.2171 64.707 65.7408 62.9408 64.3099 61.1335 62.7412 59.6004 60.7482 57.8422 61.7364 59.8553 60.7205 58.7193 59.5214 56.9143 60.1111 58.9634 61.2351 59.7008 60.5378 58.7406 62.0068 64.5753 64.1652 63.4454 60.3127 65.6828 61.4788 56.3231 61.859 62.2462 61.985 60.5667 57.4018 58.727 59.3109 58.6399 60.3608 60.6048 58.1772 60.5669 58.1536 61.1155 68.3083 61.5677 62.7986 62.7293 62.5366 66.0178 65.8636 59.705 62.3138 56.5151 61.2484 63.548 62.4318 62.5682 60.3368 63.4331 57.2954 61.8156 58.6826 63.5263 59.2888 62.4748 59.895 59.3162 60.5677 61.7621 61.6159 64.435 58.1661 59.7533 57.9732 63.4592 56.303 60.8617 60.7951 64.2681 64.1785 63.3847 61.9273 59.2817 61.8316 58.5506 64.9239 60.3774 61.7925 59.2658 58.2636 61.0822 54.7815 61.4393 60.3634 58.5247 59.3911 59.4723 58.6401 62.014 59.13 60.1409 59.3024 61.8754 61.3415 60.6582 62.0392 65.033 62.5143 59.2151 66.3832 62.9818 64.0133 56.7259 63.9544 57.4089 60.1929 62.9583 59.7749 60.6369 61.8468 60.123 57.4744 62.585 62.7428 60.7763 63.3534 
65.232 63.8817 66.049 62.7442 60.2522 72.1281 66.5687 65.6177 61.2056 64.884 62.0528 67.26 62.4422 64.5905 64.8174 62.5342 61.2934 60.445 65.6905 69.4818 67.8165 64.624 58.5295 63.5493 64.2989 68.8364 65.3663 65.1336 67.7656 63.7928 60.7572 69.0873 62.1283 69.8258 62.7926 65.6893 63.4306 64.8911 62.2073 64.052 65.765 70.9047 66.3089 63.096 58.667 67.7321 70.5683 69.8535 68.1348 66.5518 64.9832 61.7794 64.7591 66.0879 65.0266 73.6668 67.8072 68.3552 64.5727 65.0831 64.8472 66.4371 64.2069 65.254 64.4472 63.8889 63.7855 61.8497 69.0083 64.5827 62.1629 64.1348 65.2025 66.6929 64.3329 64.4723 61.4532 62.9062 69.2499 72.6199 63.6499 61.7133 63.8309 65.9602 67.6491 68.3862 67.2419 66.9375 65.0584 62.5739 66.5155 67.7836 60.5536 67.7855 63.4875 66.4351 64.1909 68.6644 61.7414 67.3168 67.2882 64.4518 63.7818 64.7976 63.5294 66.641 65.4309 64.4885 66.6414 64.4566 65.2422 63.6586 66.6775 65.2116 67.6664 63.334 66.8637 65.5463 63.636 66.9827 71.0092 68.1648 64.3343 68.3981 66.0076 73.4 67.9104 65.4107 63.2737 66.2292 63.1877 66.3416 61.0874 67.0488 63.7186 62.74 63.7807 60.8602 58.9113 64.6978 65.5789 64.5539 62.6057 63.0629 60.4904 66.1672 67.8245 66.9806 67.1771 63.1672 71.2928 63.1726 62.1932 64.7092 67.9892 67.8595 63.706 59.4212 63.2895 62.5852 62.6865 65.5168 65.8599 64.0216 64.0719 62.6727 66.0334 72.9535 64.6425 64.8902 66.6741 66.3687 67.5883 69.3473 68.3854 66.2611 58.8949 64.602 69.1078 64.6553 65.3057 63.3008 66.6747 63.2042 64.0284 60.3937 70.3897 61.096 67.0258 68.2824 63.1676 65.3745 65.219 61.8177 67.8142 65.4608 62.0154 62.5653 69.4367 60.274 64.3051 64.4686 66.987 66.851 67.0716 65.2419 61.6746 64.7415 65.0418 67.9799 66.4943 67.7428 63.7656 59.0807 67.528 62.0881 64.7194 66.1418 64.7156 64.9985 62.6463 62.4597 67.5272 63.6064 68.6893 61.6478 63.5953 64.6699 63.606 65.0077 65.3483 65.9154 61.8024 67.3783 63.1093 68.7377 60.7921 67.4003 61.8781 64.3496 65.4001 66.2638 64.7521 64.962 63.6556 63.0947 64.9471 66.8261 66.2038 65.2865 
61.4218 61.4953 63.3556 56.1354 57.1754 68.869 59.1565 64.2345 61.5431 60.9974 60.6365 61.9267 59.7369 63.2393 61.4363 62.1026 60.8366 56.4988 62.7111 64.9748 66.1216 59.7777 55.7317 60.5515 63.5109 66.622 62.1157 62.0047 63.4964 64.3011 62.1715 64.1447 59.9818 63.0763 59.8347 62.9662 61.5823 60.9163 62.0296 63.9944 61.9165 67.1356 63.7003 60.3356 56.8672 65.3317 65.9947 64.8615 67.073 62.4973 62.3637 58.0032 63.4111 61.2903 62.7919 68.1951 64.7281 63.2932 62.0405 61.5814 61.0525 66.3546 60.6072 61.5661 64.963 62.1735 62.8463 61.9988 63.946 61.7357 59.4544 61.7102 60.9597 62.5689 65.0283 61.5833 59.9622 60.9392 67.3336 67.6269 61.9465 60.5238 62.5704 61.1117 62.6311 64.5262 63.475 68.5173 63.6869 61.6411 62.8463 63.2581 58.583 66.6134 59.5681 62.4897 59.0322 62.139 60.9069 63.6393 61.8627 61.9709 63.0814 63.1604 61.87 64.4276 63.391 61.626 62.6174 61.0495 64.9227 62.9044 62.4963 61.9692 62.1762 58.9075 63.9421 62.9941 60.7476 62.3023 67.0305 63.351 63.7632 63.0321 65.0451 68.3033 65.6207 63.8986 61.3915 64.1277 58.5701 63.6746 59.3427 64.4564 61.0305 59.1131 60.7778 58.3079 56.6213 62.5689 62.4955 64.3366 62.5878 64.2226 58.4581 63.5444 63.5823 64.6042 67.6544 59.328 65.9897 63.595 60.9386 61.6265 63.2033 61.3904 60.3986 58.3948 62.152 59.6479 59.3668 61.8621 62.2043 61.6661 59.6117 59.7627 62.947 69.1762 61.914 62.8472 66.7736 61.4668 65.6679 65.3056 66.5853 63.1969 58.7872 63.1808 65.6643 60.2353 61.8248 62.0349 64.2709 58.8962 60.611 58.971 64.8402 60.898 65.5527 61.3983 58.7378 61.291 63.0034 59.1624 65.6725 60.83 60.0427 58.2038 63.7708 57.3122 63.962 64.2946 64.4085 63.9026 63.9773 60.1793 60.5334 64.0509 59.6841 64.9586 59.886 64.1606 61.6007 60.5171 63.8802 59.7487 63.278 61.0396 60.7546 61.5991 62.6759 59.3633 63.8575 61.1512 64.4954 57.9279 61.3038 63.3941 61.7398 64.0397 65.0211 61.5191 59.2445 64.3824 62.0993 64.7022 59.7989 66.824 60.6071 62.3156 62.3765 64.1013 61.5665 62.7062 59.6601 60.6767 59.5335 61.9342 60.0177 63.3003 
64.1173 64.7476 65.5404 58.8206 60.553 69.9414 62.8546 65.1478 61.961 64.7582 61.5966 65.0998 59.7942 65.8817 62.9276 63.1688 65.119 57.0493 63.0549 67.5535 67.3839 64.2437 60.2415 60.9257 65.2125 67.7727 67.9664 64.9582 66.7217 65.7265 62.3242 65.4639 61.3424 66.5007 61.7597 63.9853 64.184 64.4186 63.6016 65.4959 63.342 67.7783 63.3262 64.2513 60.9062 68.1591 67.097 67.9096 66.0414 66.1136 67.9581 62.4804 66.1599 63.4333 65.4327 71.4784 68.4669 65.7088 65.0032 63.3688 64.2668 66.8128 64.0801 63.0668 65.9525 65.2119 64.4365 63.5526 67.1543 62.4144 60.0968 66.0109 64.3714 65.6827 65.9893 65.9312 58.9067 62.389 71.691 70.9747 63.5272 63.52 65.1479 63.24 67.7052 64.6581 66.4079 68.7974 62.4369 62.2087 63.9004 63.9474 61.6873 68.0345 64.5734 64.2808 63.5606 67.6604 63.7464 65.5012 62.4747 62.5583 64.7436 63.7034 66.2657 64.0453 65.1702 62.1566 64.4323 62.6736 67.6628 62.8923 65.5136 66.2927 66.4253 63.4011 66.6471 63.25 64.128 66.0588 66.7169 65.5248 62.8152 64.0959 65.2361 72.566 68.4931 65.1851 62.7268 65.1107 61.2079 68.3445 59.6316 64.7813 63.0994 62.6615 64.8199 59.6199 60.1996 63.0116 63.2287 62.2358 63.1092 62.4206 64.818 62.0468 69.2982 64.9984 66.9298 65.1266 71.2197 63.5588 65.0524 63.5411 65.7407 65.292 65.5149 61.8205 64.5062 61.1068 64.5426 58.9829 64.4052 64.5005 60.9071 63.0974 64.3194 72.3961 63.8526 64.4862 68.5954 64.7645 65.8216 68.0919 67.4005 67.5846 59.5086 64.1099 68.6419 64.9973 65.0717 64.7977 68.1385 63.4258 62.7287 60.5078 70.3437 63.5756 64.4491 66.1446 62.7706 63.1857 67.8345 61.8412 68.0187 61.2307 64.4811 62.1833 68.5306 61.3545 66.6708 65.252 64.606 68.2512 62.9194 63.1085 62.3896 66.3951 63.6236 66.247 63.3363 64.0509 63.9401 62.8556 65.7243 61.6738 63.3405 66.4605 65.4536 61.5177 60.9435 64.5565 65.2212 61.6669 68.2135 61.8103 66.5731 65.8607 64.3793 63.7136 66.7425 65.7323 63.222 67.2241 63.3422 68.6439 61.1813 65.7076 61.3117 64.9707 65.059 67.2816 64.3063 63.1571 61.7447 62.1899 60.1155 65.4594 63.676 66.5087 
59.4952 61.0019 57.9168 58.9303 56.696 65.3841 60.2324 60.9188 60.3634 59.5232 56.1384 62.2361 59.9393 60.6211 59.3061 60.1742 59.8625 54.2074 61.9982 64.634 63.2396 59.0498 56.6369 53.489 60.9821 65.9068 63.4669 64.4659 64.0136 59.8313 58.6456 60.4485 58.8705 62.4838 59.2702 61.0724 60.4477 61.7562 59.8897 60.7883 59.3126 62.8769 59.5784 61.3389 57.8001 61.2631 63.2389 61.3607 61.062 59.3089 59.9438 59.0316 60.2468 56.6413 61.2973 67.5169 61.5624 61.8144 61.5149 61.6294 60.2994 63.9145 62.142 61.562 62.9481 60.2013 60.8708 57.9712 62.0139 59.4338 58.4279 58.3814 58.7452 63.4978 61.2098 62.2412 58.6833 58.6652 64.7941 66.6946 58.3924 58.9681 62.0104 59.1808 60.6223 61.1084 61.882 65.84 62.3658 57.5012 60.2569 63.1156 60.0612 62.012 61.9849 62.5484 60.1336 62.5143 58.8938 62.9465 62.4938 61.0599 59.7277 60.4137 59.6998 61.7302 62.2072 59.5647 58.643 60.1836 60.5132 58.2957 61.9548 61.2028 62.7862 58.7602 60.4433 58.239 58.4975 60.8211 61.3324 60.1766 58.3732 60.8321 61.7242 64.8978 61.7813 60.8887 60.1505 59.8214 56.9571 61.1137 56.5195 63.1688 57.5074 59.2037 61.6441 59.7295 57.5272 58.4 58.9861 58.9421 60.4034 62.4857 57.4891 60.6626 63.4889 63.2307 64.2138 60.7613 63.1501 61.569 58.1758 58.7484 59.8575 62.3698 57.8059 55.912 57.7217 60.457 60.2801 60.5669 61.575 58.7471 59.3784 57.7709 57.9218 67.9981 60.2255 63.2705 63.5727 60.4069 62.7476 64.1276 62.2854 60.4481 54.7541 61.1935 63.5007 61.7118 61.1789 61.4577 62.8281 57.952 61.404 56.9441 63.9624 58.243 61.213 62.1483 61.4891 59.9506 62.4647 60.3356 63.6216 59.6092 56.0052 58.9489 62.2655 57.8686 61.0275 59.1641 61.3198 63.8416 61.3214 58.6117 58.9874 62.543 60.5309 62.5386 57.1606 60.8731 62.2866 59.9643 63.0723 57.3581 57.8139 61.6886 63.9825 59.8786 59.9929 56.8106 63.5019 58.9877 59.7902 54.7371 58.9255 59.4816 59.072 59.7899 64.5411 60.7681 59.5386 65.867 60.428 63.1455 58.1051 59.7297 58.7514 58.6845 61.2097 64.0552 62.9864 60.6963 58.8142 59.9853 60.6912 59.8077 59.9422 61.3796 
62.7979 64.485 61.6596 62.805 58.5727 67.5801 62.6785 66.2036 64.6412 63.7538 58.5013 61.9045 62.0371 65.1099 64.2172 62.7073 62.8549 57.4876 66.1852 67.5434 66.6174 62.7372 58.8502 61.7337 66.9135 67.6914 63.7534 64.3314 63.0321 62.3016 59.6228 69.2144 59.2558 64.4326 60.074 64.9128 62.258 61.6965 64.1053 65.4164 62.172 67.8826 65.3148 63.6045 57.7027 64.3687 67.8966 65.7552 67.0324 62.4181 63.5241 61.0274 63.7063 60.7676 63.7201 71.5076 65.5671 64.825 66.2774 63.4828 62.5505 67.0503 61.7579 63.8461 65.6448 63.3496 64.2788 63.2074 67.5343 61.0068 61.6033 60.5141 61.4766 63.7566 65.6706 64.4638 60.3889 62.4458 69.6136 69.1349 61.1062 63.3427 63.6736 64.1569 64.2477 65.9917 65.7436 68.5135 66.9472 60.8957 65.5003 67.0897 63.1134 66.3897 61.1192 67.0973 63.7786 66.9923 59.6277 66.6381 64.4542 63.25 61.7196 63.1229 64.2126 62.8684 65.1184 60.9297 61.8167 64.4476 68.7049 63.0005 65.5544 63.6426 65.6952 63.3522 67.192 63.1478 64.0701 65.1184 65.4725 64.8568 64.0052 64.2722 63.4399 69.8062 65.5305 66.5898 61.8638 64.6829 60.7854 64.9963 62.2308 62.5609 60.4508 63.9768 61.3671 60.7351 59.3549 62.7847 64.784 63.3077 62.4532 63.4431 61.8162 62.2616 66.9424 66.793 66.5586 63.4022 70.6713 64.9187 60.8657 61.1686 64.5318 64.6103 61.0915 59.206 61.1167 62.5408 61.3208 62.1917 66.2921 63.0646 62.7086 63.4356 64.8635 72.5537 63.023 63.3165 65.9933 63.6224 65.5097 66.9069 65.3349 66.393 59.7634 62.7572 66.9861 65.1346 64.919 63.6035 67.5933 61.9097 62.9139 60.2187 68.3822 62.304 63.5241 62.6758 63.0622 59.6286 62.55 59.4275 68.0605 61.2802 63.7563 60.6707 67.62 60.5801 64.8032 64.239 67.0784 66.2257 65.1162 63.4951 64.3707 66.4395 62.7524 65.4442 64.5697 62.6122 60.0832 60.0936 62.1062 62.1027 63.936 63.2859 63.3264 61.4068 62.171 60.7969 68.8422 63.5077 62.5024 60.9764 60.3754 64.5021 62.5462 63.7942 66.2507 64.3183 61.9924 68.7586 63.7817 64.7268 60.9943 65.3914 60.4455 65.8192 64.4551 64.3943 64.7619 63.8875 63.0269 63.9338 62.3112 65.6062 64.3912 64.191 
62.3437 61.6842 60.7949 58.732 58.3434 68.1792 61.0095 61.4803 61.7626 62.6365 57.7385 62.5073 58.8274 61.5898 60.9554 59.7924 63.079 57.6009 63.9224 65.9202 63.9357 60.4116 54.848 57.8382 62.6562 65.2057 62.3767 63.2494 61.8477 62.2072 59.8738 63.0961 58.6197 62.2933 60.1264 62.5467 60.1228 62.4459 61.8025 62.8703 62.7145 64.9302 62.414 58.4284 59.1468 63.181 62.4272 64.8416 61.374 60.2706 62.4774 57.6169 63.6626 60.7381 62.2925 68.6928 64.4027 65.2199 63.5589 62.4133 61.5534 62.6225 62.3121 61.1089 64.2941 60.7787 62.3057 63.0634 64.401 58.765 60.6636 59.9461 58.3145 65.1049 62.4891 63.2557 58.8452 61.2403 66.9464 69.2423 60.1923 59.6104 60.6899 59.1409 62.5607 65.5312 62.8404 64.9271 62.9121 56.7526 61.4283 62.354 57.5829 64.2595 57.7326 63.6081 59.4794 61.7103 59.5841 64.8129 61.1624 61.4024 60.094 59.201 60.7525 65.0514 62.8536 59.7411 60.856 61.7772 65.766 59.3 62.3257 61.6461 60.2969 60.7228 63.1697 60.9507 60.7824 64.8127 63.044 62.7906 61.5735 63.1602 63.4888 70.507 63.8471 63.3314 59.1203 64.3122 57.8402 65.2893 57.2697 63.0288 59.3651 62.0195 58.6247 57.3842 56.4628 63.8128 62.4273 60.2137 60.1866 59.4018 59.6586 61.4555 65.2991 62.658 66.6373 57.8325 68.4535 57.5347 59.6265 60.862 62.0837 62.3872 61.2973 57.022 59.0593 59.575 58.8356 61.3889 61.9205 60.3543 60.925 58.8979 62.7259 69.2687 61.1461 62.6316 63.7166 62.1416 65.0794 65.9046 64.146 62.4264 59.2526 62.1109 64.8839 61.3987 62.3108 60.1442 63.3671 62.0224 62.5178 60.047 65.8775 58.6508 62.9175 64.9733 60.3162 61.3767 61.0436 59.6577 62.9937 59.7018 60.0035 56.1253 67.9948 56.19 63.011 64.7616 62.4269 60.9032 63.678 60.6953 57.6219 65.4079 60.4258 62.7419 61.5273 64.948 58.9389 58.3616 61.0624 57.5931 59.9318 63.0377 61.8188 60.2523 61.0803 58.3507 61.4073 60.2635 64.7817 58.6396 58.7084 63.2055 58.5513 62.568 63.137 63.0977 58.6224 63.6654 61.9871 65.4759 56.8575 62.9738 58.5284 61.4838 63.8122 61.8131 59.8761 63.264 59.798 60.3184 61.2369 64.796 62.2944 62.7792 
62.4504 63.0747 57.5935 61.0346 55.5235 65.3357 59.44 62.4555 62.0222 58.5754 55.9835 59.7132 58.9345 59.6181 61.5325 58.0281 58.4225 57.556 62.5598 65.1005 61.9238 60.4286 54.7789 57.6285 62.5727 63.5846 63.8878 61.8924 59.5779 62.2816 58.5961 63.0583 56.0881 62.9395 57.6968 63.1394 61.1967 60.4154 62.7945 62.3105 60.6325 66.9568 62.7719 60.3632 56.1271 62.4625 61.6482 62.2653 60.0526 63.1237 64.0903 56.6837 63.7396 56.2472 64.985 68.117 63.1016 62.332 58.4277 62.5884 61.009 62.9349 62.6073 61.7154 64.0732 59.2694 59.7208 64.3041 64.0501 57.9044 56.7772 59.3418 58.2765 64.3167 61.9116 64.7034 57.52 58.2729 64.5206 66.1114 58.0987 58.2343 63.3533 62.2168 63.619 63.7893 58.4024 67.1826 62.1779 56.8547 61.1931 62.7402 59.6284 62.0277 57.8232 62.2039 61.0027 63.5169 57.87 62.9669 60.3976 59.8414 61.0311 60.6627 61.0238 61.907 62.2977 57.5638 60.3868 59.6765 63.212 57.3357 60.2857 58.4376 64.145 57.4 64.1887 60.144 61.1154 62.8186 61.3086 62.3898 58.704 63.3324 60.7289 65.4021 64.095 63.3282 57.7613 62.0698 55.7688 61.2722 57.4413 62.1091 61.3801 59.2418 60.728 57.1832 56.4615 60.5991 57.97 64.1686 60.9775 62.0104 58.3916 59.5287 64.8466 62.2488 64.7001 61.0166 65.3432 63.152 58.3462 59.9679 60.9997 63.9083 59.083 55.7652 59.0607 61.0094 61.5617 62.9341 60.4643 61.3149 60.6802 59.6713 59.6776 66.9743 60.2191 59.3593 62.632 57.8355 61.514 64.1265 63.5001 61.8121 57.6755 61.7552 65.3823 64.3471 62.3271 63.0941 61.8909 58.1656 60.2494 58.8584 64.6516 59.9127 59.8363 62.7463 60.6296 60.6434 62.4056 57.3325 64.5531 59.2708 59.4512 59.2921 62.2827 56.6915 61.1403 61.5432 62.0622 61.5091 60.8297 61.4005 59.2539 64.205 63.5481 60.2433 58.1173 59.2252 58.6222 56.5928 60.429 59.0584 58.4653 61.5586 60.9895 59.9701 61.6594 59.5803 63.1346 56.3497 63.9777 56.082 59.6858 60.3874 58.7807 62.7384 64.4205 62.0624 58.7298 64.2872 61.1263 63.7755 59.9914 65.076 59.5182 61.2018 62.5736 63.5781 60.1045 62.5652 60.0739 59.4257 61.5935 59.1007 60.1146 62.1146 
65.5828 64.6623 63.7791 63.355 62.8191 70.111 62.9305 66.5531 62.5142 67.226 62.2265 64.8888 61.7329 66.911 67.4182 62.9613 60.4773 57.7509 64.7808 68.6216 66.3271 65.893 59.1992 59.6268 66.7323 69.1435 66.0526 65.28 65.1416 65.624 66.3232 67.7344 62.9325 67.7649 62.2447 65.9849 65.1794 65.8982 65.3984 63.5689 64.9974 68.9849 65.7173 63.3624 58.7953 69.3812 68.7693 67.569 65.8902 66.336 63.6298 62.2401 65.4857 62.6141 65.2411 71.1596 67.3943 68.0026 63.432 64.2047 62.7419 69.2383 63.5644 62.7474 65.8981 62.3437 63.5724 63.9453 66.0704 63.5339 61.0938 63.2775 64.0229 68.3445 65.2461 66.0724 62.0337 62.4003 71.0816 69.0792 64.0768 63.2134 68.505 63.267 65.6413 64.6144 67.5489 69.4614 64.1521 62.7964 65.3565 65.3216 63.3288 68.0963 62.4074 67.6858 63.9031 66.0482 63.1449 67.0594 62.4112 61.6667 65.9688 63.8718 66.4068 66.6959 63.5708 64.374 65.4777 65.5772 67.7762 63.8044 63.032 65.495 65.2542 64.0553 69.4657 65.9091 64.3169 66.2632 68.0262 64.5247 64.4968 67.317 66.7748 71.9606 69.1259 66.4306 64.5564 68.0935 60.1472 64.6068 61.9483 67.0898 62.9593 61.9269 65.954 62.1662 59.7875 63.1699 64.3157 62.731 64.9814 63.2819 63.1115 62.968 67.1353 64.8081 69.3765 62.9997 70.0204 63.8949 61.6004 64.1093 67.0043 67.128 63.3133 60.8508 62.1935 64.1819 66.0719 66.3929 64.2136 61.3628 65.193 62.1227 64.1757 74.8491 64.7418 65.1797 67.9721 66.6283 69.8358 66.9273 66.4502 66.889 58.185 65.2089 67.9313 67.798 66.2562 64.2691 65.7518 63.0946 64.0327 64.3514 66.7479 62.1009 64.6654 63.8994 64.1306 65.5847 64.6389 64.4374 66.9667 62.4227 64.6901 60.8978 64.0562 60.6099 65.3112 64.6542 65.7133 66.2942 67.489 62.0736 63.6733 66.3445 65.4799 69.4677 64.0094 67.394 64.3914 64.6083 64.5514 61.4447 63.5692 65.1925 62.9159 64.3867 66.14 61.0111 68.4313 62.8837 66.0649 59.6207 65.273 65.0617 63.06 64.5708 67.7873 65.8565 62.611 66.068 66.2398 68.5692 61.4213 68.6891 63.0142 68.089 65.782 67.0399 65.1761 65.2174 62.4081 63.5678 62.0855 66.2471 66.0892 64.6645 
57.5235 58.1915 57.6066 55.6286 53.063 63.9129 58.362 58.02 58.7594 56.8175 53.616 58.068 56.2284 57.4845 56.489 58.7495 58.9231 54.2517 57.7432 64.1918 60.5677 59.361 53.8202 52.2558 58.9068 61.7666 61.2713 60.7509 59.2223 58.0328 58.3522 62.0956 57.4542 60.6832 56.1801 56.7108 58.5247 58.5625 58.263 60.5782 59.008 62.0542 61.4923 59.2801 54.1588 62.5363 60.7239 59.397 60.423 57.5697 61.7037 55.1254 58.0465 56.7199 57.9086 64.66 59.4172 59.7046 59.2748 58.0669 55.8942 62.2429 58.5954 58.1011 60.4146 58.8053 58.8414 58.9248 60.6642 57.0598 52.5912 57.0611 56.6181 59.2826 62.6746 58.2657 53.3038 57.23 64.5936 65.5665 54.1875 58.0984 58.2421 57.9166 62.369 58.7036 56.6586 61.3594 59.7319 56.807 61.2933 62.9642 57.5375 62.7729 55.7464 59.7272 58.5401 59.6462 55.4116 59.2908 61.5803 57.1984 59.7756 56.9281 56.2341 55.9777 57.8203 58.6222 58.4278 59.4932 60.629 56.6228 58.0644 56.03 62.1839 57.5129 60.0759 57.6834 57.0698 59.0242 62.0064 57.9286 57.2742 59.9345 58.5909 64.3839 62.0961 61.4628 55.91 58.6802 58.3328 60.5922 56.2594 57.8189 56.0143 58.4056 57.9834 54.366 52.3919 58.4523 62.0772 58.0433 57.8247 57.0246 59.2138 57.312 58.8433 62.3289 62.8716 55.2956 64.1374 57.4226 55.531 55.7157 60.1207 58.0617 56.4217 56.0125 54.9823 57.7421 55.5081 57.2035 60.9673 59.6117 59.2812 56.4759 58.8216 66.8077 59.9978 59.2643 61.1082 58.8612 62.023 61.1308 60.0274 58.8547 53.3418 59.7767 59.6158 57.7782 60.1789 59.8622 60.3861 57.1509 57.7506 54.8321 62.9718 58.1232 59.7652 60.2799 56.8592 56.4425 58.4246 55.5024 60.5697 56.7402 57.4464 52.5406 59.4652 56.2926 58.7942 58.5666 58.5819 61.9447 60.5586 57.1872 56.5899 57.9034 56.8513 60.7673 57.892 58.4057 55.3781 55.7164 59.087 58.0557 57.7279 60.7634 58.9652 57.46 59.6014 57.168 58.7178 56.5718 57.3386 54.9961 57.8505 61.4924 59.4679 58.7461 62.4537 59.9905 55.4598 60.5528 55.3394 60.2546 55.4172 61.4121 56.4587 57.6677 57.5284 59.5704 58.6969 57.1019 57.1431 57.9898 59.3252 60.4708 57.247 57.3446 
64.8005 61.0455 62.2362 60.2432 56.9954 70.1144 62.3388 63.6172 61.5615 63.1564 61.6699 64.9066 61.841 62.1251 61.7371 62.1677 60.667 57.9193 63.4207 64.7733 65.1001 61.2369 56.6521 57.0073 64.6835 65.8275 63.876 65.6525 61.4542 64.7702 61.9395 66.4168 60.4222 64.0532 58.7962 64.4878 62.6458 60.3762 62.5176 64.6808 59.8894 67.7173 63.467 62.0582 59.1094 66.9736 67.0069 64.3083 63.1175 62.939 66.1681 58.1966 62.6462 59.8287 64.6759 69.6024 63.8075 65.4269 62.905 63.266 60.7808 64.0265 61.3105 62.2265 63.3443 62.9024 63.3959 63.4247 64.3769 60.8982 58.3884 62.314 62.1352 65.3935 64.4235 62.8303 58.7405 62.5832 68.9751 68.5085 61.2766 61.7086 62.7753 62.0499 63.1348 64.0237 65.1176 67.6782 64.7649 60.3748 62.4835 62.1237 59.2955 66.2542 60.713 63.9045 63.0853 65.791 60.4327 64.3183 62.7483 62.9359 61.5131 60.713 64.3385 61.8588 61.9202 58.8789 62.0462 61.9228 63.9409 61.7458 64.0931 63.4747 62.7737 62.1902 63.3185 60.5448 61.6185 65.3389 66.9028 62.7564 60.1051 65.962 64.505 72.5191 66.9927 66.5649 60.6693 63.9441 58.1927 65.113 61.1341 64.295 58.7807 59.2784 61.4852 59.8863 59.2422 62.0466 63.5291 63.3159 63.4704 61.6966 62.4568 63.5995 62.1426 64.4492 65.0732 60.2732 66.5952 62.0992 62.3423 63.2909 65.2916 65.3292 61.8035 61.184 59.1427 58.6704 60.5699 59.7107 63.9932 59.6255 60.5484 59.6637 61.2084 68.1823 62.8337 61.7358 65.6222 62.1316 64.4426 66.9985 67.6773 62.3792 60.2959 65.4084 68.1569 62.2893 62.306 60.6921 64.7837 59.2186 62.4809 60.171 64.7579 62.0401 61.5926 64.207 62.8837 60.8537 62.6851 62.0774 63.2556 60.3356 60.716 58.6329 66.7823 58.6879 62.3237 66.2163 66.6132 63.936 63.6329 61.779 59.5101 62.9284 64.1316 64.8403 63.3605 64.7403 62.7363 59.0313 63.4105 60.9777 62.4391 62.0296 62.3774 65.489 62.0274 62.0947 65.0213 59.5421 64.3902 60.3372 61.7064 63.1225 63.4402 60.034 65.0114 60.5133 59.4189 68.2908 62.4871 67.8126 60.9585 61.8969 58.5806 63.732 63.7139 65.3504 61.3014 62.9197 59.5112 62.0599 60.8593 64.156 62.1486 64.4741 
60.7277 58.0399 61.6127 57.4855 57.2553 63.6062 58.4628 59.5958 58.8393 59.7535 55.4346 60.6318 57.7996 59.9097 58.4116 56.7168 56.0808 52.1758 58.9423 60.2882 59.8789 57.9356 55.8493 57.4351 60.3729 62.9392 61.4991 58.5763 56.8629 59.4126 58.1471 64.0802 57.5393 60.3878 56.9631 61.2027 60.2101 56.5258 58.2773 60.8061 56.3139 64.96 60.8544 57.8866 53.9373 59.9672 64.1143 60.6316 60.4242 57.5196 59.5707 56.4384 57.1025 57.9138 60.5059 67.151 63.3356 61.6903 59.0688 59.31 55.69 59.562 59.1057 59.6258 62.8503 60.6755 58.707 57.1236 63.8635 56.0745 55.504 58.6718 57.7063 61.0613 62.0496 60.9485 55.2618 58.2432 64.4893 66.3421 56.5628 58.6682 60.8177 60.0491 60.5501 60.0687 61.7527 63.8031 59.0894 56.8329 61.5113 61.3223 56.1838 61.5856 56.8021 61.5198 59.8065 59.9761 55.6661 59.2291 57.3021 55.6197 57.7283 58.9233 60.4029 60.3368 59.9358 57.4336 58.8226 60.7541 64.1596 57.0399 59.4707 58.8741 60.4662 58.6074 60.9201 58.1188 59.0961 61.5495 63.3495 57.9731 57.1306 62.1293 59.1462 62.6883 63.2718 61.7095 57.3177 62.4744 56.246 59.9837 57.5259 60.3652 56.2072 59.3801 56.6403 56.4151 53.1697 55.9415 59.1778 61.0174 62.1334 58.8979 58.2854 60.0865 61.6225 62.2744 60.6598 57.2738 63.439 60.3161 56.6981 58.8143 58.4686 59.2075 56.7831 56.3488 57.3147 60.0798 57.4848 56.9969 60.8625 56.6697 58.179 55.9018 57.1112 64.6002 58.7735 58.286 61.9317 57.5152 61.6957 61.923 61.3251 62.3299 57.4023 59.1445 61.2587 61.6129 61.1693 57.2079 59.9333 57.0078 59.8052 57.1274 61.2974 61.9343 60.389 61.3198 59.02 56.8701 60.096 58.0769 64.5378 56.0996 57.7267 57.6303 59.0857 55.8158 59.2931 61.7375 60.7048 58.0296 59.6412 56.6857 59.2646 59.6629 58.5249 61.0851 58.6164 58.7792 59 56.3499 59.2557 57.7747 60.603 60.0311 57.1386 57.4732 57.7281 57.0999 63.3667 56.2832 57.8626 55.2382 60.4819 61.991 59.2996 60.0585 64.6966 57.3556 57.8079 63.3165 58.712 61.2453 58.1192 61.2744 58.1782 60.1936 59.4119 61.5153 59.7554 58.6302 58.4345 56.2973 57.4439 59.2203 58.2039 60.0607 
67.6169 65.211 64.9284 61.6733 62.7639 72.502 63.5426 67.9767 66.3589 65.9859 63.0435 66.2715 61.9419 65.9762 66.5241 63.5961 65.4303 61.1695 67.744 68.0079 70.888 67.294 61.9358 61.5621 66.5334 68.9253 66.6635 68.2333 65.979 66.702 64.9322 68.8526 66.2991 66.8129 61.8846 66.3643 67.4098 65.9732 67.0336 68.7127 64.078 71.1919 68.5114 63.9877 62.482 70.0193 66.5814 67.1579 66.8579 63.6717 67.8025 63.8967 67.8509 61.9765 68.5632 73.1958 69.0229 66.5772 66.919 66.6538 62.6748 67.5856 66.7228 65.6832 71.7081 65.8868 69.3281 66.2214 69.848 63.5457 63.591 65.88 64.3906 68.1654 66.1943 66.662 61.5531 65.4731 73.5419 73.4435 65.3034 66.0867 67.326 67.3842 65.935 67.8525 68.804 72.9056 67.4603 65.936 68.3823 66.7723 64.3647 67.1039 63.0291 67.8373 65.7249 66.8628 64.0488 67.9318 66.0003 67.2635 65.4643 66.6856 67.8092 69.1689 67.1589 64.6632 63.6002 65.2558 70.3098 64.1664 66.3588 66.7531 66.444 65.6043 69.8404 66.2095 64.227 68.0882 70.3486 67.0197 62.9756 67.2527 66.7295 74.9261 69.15 67.7214 65.2314 69.1768 62.8975 67.8492 61.993 66.9066 65.0567 64.4825 65.7999 66.3013 62.231 67.7223 65.822 65.8587 66.1167 64.7652 64.1502 65.53 70.2742 71.4129 70.4115 64.2295 71.775 64.1925 64.3493 65.6202 66.6483 69.0521 63.0935 62.0297 63.4595 66.5804 66.9461 66.2636 67.082 64.0845 65.1935 62.784 69.647 72.3442 66.092 67.733 68.1435 65.5284 70.6443 70.4047 70.4752 66.0878 61.239 65.8389 72.038 66.5006 68.1808 63.4677 68.5504 62.2388 65.4791 64.3693 70.6177 65.2113 68.3116 67.1798 64.8263 66.1513 68.1467 64.7737 69.992 66.4015 65.2739 63.1798 69.9207 62.8427 67.9754 66.4231 69.5655 69.3999 68.9274 66.9411 65.1091 67.5765 65.063 66.9898 65.535 67.54 67.1904 64.7829 68.119 66.6079 65.5743 67.5987 67.5439 68.1695 67.6093 65.0612 69.6981 64.5541 69.5428 61.8698 67.6666 65.9917 64.2697 68.4056 72.4732 68.325 63.7189 71.1436 65.2907 69.4477 65.0545 68.7191 62.6962 66.545 67.3315 70.7509 66.461 66.2836 62.8216 63.2739 63.6205 68.0295 66.2415 65.2173 
62.6758 61.6845 61.2587 59.4518 56.7429 65.3007 62.2216 61.8222 60.8877 62.8687 58.3456 61.8806 59.1113 62.387 62.1601 58.7352 59.5374 55.4646 62.5888 65.3287 62.3236 59.2172 57.7938 59.9919 63.4645 63.3877 61.6073 63.1739 63.36 60.6713 57.957 64.2786 56.1775 62.5059 59.076 60.3015 61.338 61.3576 60.3282 61.0598 63.0816 64.1101 62.269 59.726 56.5911 65.202 65.7775 63.8726 60.194 60.8894 64.3197 62.0217 62.9009 58.9571 63.9735 70.3272 66.2493 63.7337 61.9223 59.0079 61.3209 64.8909 62.4054 59.3201 62.6215 64.4167 60.6572 60.6829 63.5397 58.6595 58.8257 60.25 59.9784 63.7833 60.8448 64.9616 58.7069 57.5591 68.8148 68.4288 58.8784 59.9782 61.4916 62.3385 64.2163 62.2564 62.4065 64.8812 61.5376 58.7545 64.1707 63.8384 58.4085 63.2488 59.6637 64.3722 62.2309 65.004 58.2669 64.7919 62.1272 59.3406 61.5723 61.7112 62.631 62.7259 63.0252 61.497 60.938 61.0789 63.2171 60.3857 61.5035 61.6443 61.2788 61.244 64.7357 61.5887 64.4657 64.7536 62.324 61.523 61.1212 64.2899 63.4579 66.7409 66.6919 64.3729 61.5268 62.5869 58.4821 61.9492 56.5894 64.0866 59.5206 60.165 62.0069 59.3363 57.104 61.2803 61.6567 59.789 58.9517 60.5616 59.1641 62.7766 64.0665 61.1541 66.2389 63.1083 66.5175 59.8526 58.7116 61.0512 62.2393 61.3447 59.8456 56.6915 61.9998 60.0522 62.4441 61.8504 61.476 58.7583 60.3868 59.5265 62.7347 70.2054 59.095 62.1962 64.4228 62.8587 63.0815 62.1175 64.2379 63.5206 56.2109 61.3723 62.6913 60.9961 60.5842 62.4536 61.874 61.0952 59.6899 60.9353 67.7782 58.747 61.509 61.4144 61.2437 63.518 62.4636 60.9902 65.5726 60.6979 57.858 58.4011 63.3187 54.763 59.4529 60.189 63.0665 61.5445 62.5129 58.8221 58.6756 62.6157 61.564 62.913 60.9409 63.0873 58.8395 60.4498 62.9691 59.2777 63.0309 62.85 58.1666 61.5727 60.7209 60.3553 65.7079 58.1019 63.9723 56.5667 63.1111 60.2522 61.3362 65.3013 62.9783 61.7088 57.561 63.956 61.1299 65.1414 59.4684 63.2356 58.282 60.3387 63.1812 60.724 58.9929 62.5989 60.0918 59.0478 60.2769 62.9254 60.4752 63.8055 
65.4339 64.9213 64.1312 61.7165 61.096 67.9252 61.1602 65.5964 62.1444 65.1675 61.8166 62.9941 61.3804 64.3008 63.0233 64.1811 63.3687 58.6833 63.577 66.7906 66.471 62.4451 58.2081 59.413 64.2326 69.3109 63.6418 64.3925 64.5009 64.6433 61.9776 66.7243 61.982 65.4155 60.6096 65.1398 66.6399 61.3911 64.2707 63.8161 63.2631 67.6806 64.39 64.2896 60.7641 67.7135 66.9243 67.9845 65.9426 65.2417 65.2807 60.5829 64.9315 61.6206 64.0802 72.1115 67.6409 64.9445 63.9972 63.4342 61.7872 68.5004 62.1923 62.7596 68.2264 65.013 64.6739 61.6162 68.8718 61.5837 61.5392 61.0198 62.3393 65.9854 65.6317 67.3347 57.9298 60.1169 69.6494 70.7674 61.3752 62.8894 65.4778 63.5883 66.2774 65.1189 66.8911 68.9966 64.7983 63.2369 65.1874 66.5483 60.9697 65.621 63.0923 65.4925 62.6005 67.7923 62.1761 64.9287 61.9132 60.684 62.9866 63.434 65.9377 64.146 66.1292 61.8231 62.6904 64.1162 65.7172 61.2374 61.9563 67.2456 65.165 61.6866 67.3746 63.7594 64.2991 66.7275 67.2322 65.793 62.6154 63.6472 66.386 68.3246 66.365 65.1218 60.0681 62.5854 59.1259 66.2253 60.2435 66.7184 62.9044 63.2971 63.6116 60.739 57.7522 62.5435 62.1487 62.771 64.258 64.6372 63.8536 63.4154 67.0565 66.3487 67.7239 63.1955 67.7856 64.3819 61.5775 64.4832 65.2076 66.0827 60.0204 59.8302 63.1281 61.0948 61.0895 62.101 64.7707 61.3553 63.6023 61.4972 63.698 69.9316 63.1042 66.3719 66.9189 63.6381 65.7578 67.4263 65.1324 67.1831 59.6882 63.8662 69.0518 66.4659 64.5185 64.1848 65.6122 60.7445 61.7977 60.3304 67.228 65.5295 65.281 66.613 64.7832 63.5423 64.1074 63.2343 68.9549 59.2277 62.8923 61.2592 66.8808 61.5723 65.7773 63.0596 64.5045 65.3489 66.5459 61.1559 63.8076 65.7713 64.7061 67.6354 63.387 65.4181 62.0521 60.4036 64.4978 64.017 62.9745 63.5434 64.2416 62.1578 64.3139 62.1453 66.4058 61.671 63.5298 59.8671 64.6496 66.525 66.8486 65.9311 66.8216 64.3836 62.4571 68.4475 63.7825 66.7837 61.6973 67.1465 60.4158 63.6702 63.5533 66.511 64.0896 63.8648 60.4562 62.1012 63.4504 63.6114 63.0877 63.0439 
61.2551 61.9718 61.2349 58.7198 56.0551 64.3842 60.8751 64.4088 58.6365 56.5616 56.3996 60.4613 56.7232 61.0221 62.5659 59.2844 59.4097 59.7719 63.022 64.0533 62.9782 60.6294 57.6384 56.8631 64.0821 62.9071 60.5823 61.5971 59.7546 59.7152 60.8712 63.451 58.5718 63.1553 55.3926 62.7554 60.9353 60.4285 59.3718 60.846 60.3935 62.7086 60.665 62.8054 55.0414 63.6654 65.4769 63.1464 61.6676 60.9084 60.7445 59.4951 61.3982 57.8257 61.839 65.7099 65.0437 63.0406 62.4312 56.6906 58.273 61.9735 61.2151 58.9462 62.6585 60.2162 58.2069 60.1516 64.1767 55.6816 56.7209 59.4478 56.2644 62.0904 60.8157 60.3577 53.3964 57.6147 63.9487 65.4204 56.9989 59.2411 58.5313 59.0388 64.767 60.7022 64.0317 62.8059 62.0756 58.607 60.7907 61.4358 60.4653 63.0232 59.4879 62.8719 60.9309 61.8478 58.3909 61.6566 63.9117 60.1577 58.5158 56.4621 60.3343 60.1629 58.8049 59.589 61.8609 60.7297 62.6362 60.1461 62.0104 59.1046 63.365 56.1703 63.7782 58.7629 59.3615 62.6811 65.2449 62.1037 58.83 63.6013 59.5537 68.6592 63.504 61.9083 58.6672 62.0699 56.19 59.5678 57.2499 62.9675 60.022 56.7573 59.2932 57.6923 56.7005 60.0659 60.6288 60.9545 61.3735 62.5026 60.592 59.7448 64.2163 62.5319 63.779 57.2631 65.5639 57.9717 57.3468 59.4278 62.2031 61.9626 59.0629 59.2764 57.3207 59.4273 60.406 59.7841 61.1897 60.9073 58.9491 58.5714 62.0309 69.1555 59.3897 60.6515 59.9643 60.6927 65.7743 64.1886 64.708 60.3501 55.3733 60.4763 65.0461 60.8349 60.209 59.9404 62.5947 58.608 58.9394 57.3377 64.4735 59.5955 62.4217 60.8098 60.0157 61.9514 63.7051 57.6131 63.536 59.6171 60.5695 55.6614 64.4145 57.5698 59.1467 60.0232 63.0055 63.1575 60.5839 60.2549 59.9264 62.9806 59.6576 63.2799 58.0187 58.0874 59.2002 59.2325 62.2527 58.5584 61.2651 59.8851 60.7416 58.1117 58.2852 59.7573 60.362 57.3823 61.5511 58.0824 61.733 59.702 60.7858 62.5938 64.9845 62.6644 56.1147 64.3695 60.6035 62.5001 59.8513 62.8277 55.994 59.5104 60.8605 63.1611 62.3117 59.2443 59.5958 57.8444 57.8534 61.2733 59.714 59.7729 
55.4725 56.1756 57.0252 54.8343 52.3237 60.4844 55.3851 56.8591 55.6659 54.9282 54.303 57.4271 52.9267 55.0412 57.4505 54.2488 55.6139 48.9189 58.5324 58.9051 56.399 53.3478 52.4088 51.9857 57.9643 58.9282 54.9456 54.9303 56.1227 54.7296 52.731 58.5016 50.9111 57.0505 51.4819 57.1453 55.2347 56.3503 53.3852 55.7899 54.2959 58.4034 56.8724 54.4361 51.9855 52.8611 60.2066 58.2591 55.9265 55.1822 58.8031 53.1944 56.138 52.8105 57.5152 63.2857 58.3516 58.1933 57.7653 53.4031 54.4632 56.4433 56.5176 53.7531 58.9304 56.1212 55.1274 53.1864 57.6214 53.159 53.5391 55.8713 55.0261 58.0112 57.7391 56.8941 52.0551 52.6151 60.3727 60.6804 55.1656 54.8865 56.7847 54.8706 56.1967 56.3207 58.0199 59.2041 55.463 52.8616 57.6634 57.2587 53.9668 57.0008 54.4326 59.373 55.4688 56.1463 52.7703 56.3039 55.7134 55.2678 55.0072 55.5147 56.4465 59.0226 54.7436 54.4947 56.091 54.9028 58.1908 54.046 56.1517 56.1108 56.2152 53.6556 57.5389 54.8796 54.805 58.4455 57.6943 56.6798 55.5833 56.0334 58.0148 60.3966 58.8328 58.4539 55.0816 59.4118 53.6876 56.3931 52.3378 56.8234 53.1739 56.038 54.4521 54.4613 53.0903 55.1128 55.6258 55.1399 54.5959 56.9919 55.0485 55.2815 56.9339 57.5842 59.8601 53.3797 61.4603 53.8152 51.5991 54.0174 58.1675 57.1649 53.8181 50.0747 53.6218 54.7443 55.7934 55.1129 53.193 52.5833 54.0779 56.9267 56.2532 63.9893 56.2469 57.6687 58.5625 55.87 59.9398 58.2538 57.6569 54.6094 51.36 53.9449 60.0156 59.0006 54.9894 55.7608 58.1897 54.556 55.0833 53.3906 58.9031 53.2359 56.6118 54.4697 55.4128 55.294 55.4832 53.0394 56.6613 54.4283 55.6415 53.9377 58.4223 52.202 52.5911 54.9599 56.5221 57.1523 57.5388 58.5575 51.7179 58.4969 54.5387 53.4581 53.419 54.911 55.0417 52.728 56.3838 51.6291 54.9666 55.7357 57.2638 55.3795 54.3198 52.1861 55.9423 53.9428 55.2865 53.0886 55.8489 56.1251 52.8953 54.774 57.1463 55.0465 54.1956 61.2571 57.3066 57.7608 52.9698 57.7532 53.4023 56.7084 56.894 57.2359 54.4848 52.0733 51.5329 53.4533 56.0809 56.4444 59.5713 57.7576 
58.8172 58.9129 58.3001 54.9732 53.0952 62.9115 58.3072 56.6192 60.118 57.5409 55.1982 59.7837 57.5355 58.9125 57.12 57.8433 55.3328 54.2658 59.6858 61.098 59.0433 57.2757 53.492 53.3136 57.1204 59.9734 60.0727 59.9611 58.3767 59.6204 58.2261 61.1535 57.7711 59.1921 58.3295 59.1691 58.5542 59.6145 57.9876 57.9876 61.1284 61.0733 59.5206 58.4567 52.6153 59.5155 65.1505 59.4887 59.6319 60.1304 60.2882 57.5976 58.5398 56.6737 60.7574 64.587 61.2445 63.1296 58.2651 60.2465 58.7419 59.1467 58.9435 56.2815 62.1229 60.5735 59.2279 59.0552 59.3278 58.358 54.751 57.3432 58.1752 61.3132 58.1204 58.8453 54.6507 55.9145 62.7164 63.9236 54.9992 58.6955 63.3706 58.7502 61.0382 62.7576 57.9454 62.9375 60.8678 56.0792 61.9687 61.0022 58.4058 62.8579 55.2814 56.9193 59.1672 60.5653 55.4536 60.6257 57.4253 59.5531 57.9902 58.7719 61.4529 59.4679 60.5124 57.7509 59.0039 60.162 63.1019 57.4786 57.7225 58.4539 59.1776 57.3676 59.0858 59.7879 59.0908 60.2613 62.8132 59.0958 58.9492 59.3595 62.3908 63.7832 62.2951 62.8603 59.2163 59.9979 58.2249 58.4585 54.783 58.4552 57.4346 57.3063 57.5924 57.5637 53.3704 60.6877 58.0756 59.3253 58.7842 55.4582 56.7529 62.3633 61.863 60.0937 61.9137 58.9956 63.5877 57.6071 57.662 57.1612 60.3122 60.353 55.8859 54.9334 56.3424 56.8728 56.6053 56.0971 54.8448 56.208 55.0839 55.2893 59.6685 67.9464 56.7899 60.7824 63.5981 57.6412 60.4279 61.5618 59.4974 59.4914 54.3606 58.3884 59.6497 59.2456 61.3643 60.0511 60.4596 55.7094 57.4831 55.9481 62.3067 58.7331 61.7345 58.1964 56.5245 59.5894 58.2751 60.4322 62.1637 55.3716 57.8962 54.6874 58.5924 56.7809 58.0182 58.8198 62.8221 61.737 61.1067 61.3517 59.878 60.0343 58.2742 59.9673 59.1362 59.806 58.0909 58.0552 60.3448 55.3297 60.3157 60.3011 56.3493 58.164 59.6904 58.8106 58.3858 58.2483 59.9231 60.112 61.5497 61.0598 58.9551 61.5097 60.7219 58.191 57.901 62.8483 61.7638 62.7153 57.8535 63.1492 58.5491 60.5342 61.5084 59.8781 59.3456 60.2035 58.9149 58.2135 56.6074 60.8021 57.3244 59.0091 
63.7266 60.3445 62.2351 59.8535 59.2738 66.7091 59.68 64.3031 59.8777 61.6417 57.238 63.8341 60.765 64.746 59.0478 62.7839 61.2625 57.2763 64.7041 65.9384 64.6965 61.6883 58.7786 57.4593 64.0789 67.0961 64.2904 62.0419 63.602 61.4132 62.4784 65.6552 59.803 65.1288 60.7119 62.9212 65.0986 63.5693 61.2801 63.7869 60.6635 67.4567 63.0754 64.4625 59.0598 65.0146 65.2246 66.5684 64.9142 63.3198 61.8956 60.4459 60.1053 61.094 62.3727 68.9299 62.9313 65.6593 64.5414 62.2771 63.6906 65.0108 63.897 61.6692 64.1975 63.4197 61.4068 63.1111 65.5029 61.4454 60.9222 62.8569 62.8612 63.7358 63.5515 64.9234 58.5501 62.2937 67.4268 68.3293 60.1253 62.9876 62.5598 62.6944 64.5694 64.2198 64.6734 65.9986 63.7802 63.412 63.0053 63.671 58.1333 65.6111 62.9061 64.7229 62.0205 66.9382 62.9105 65.4818 61.7313 62.241 62.1362 60.4756 61.4798 63.0907 64.6802 61.5914 61.1301 62.0247 64.1203 61.3865 62.144 63.7476 64.3318 61.186 65.4702 61.0462 60.5847 64.316 66.129 63.4509 61.6749 65.6078 64.8338 67.0646 66.2327 62.4799 58.9993 64.2525 59.5928 64.2552 59.8816 63.0541 60.4224 62.5045 62.9357 60.5868 56.5679 62.0973 60.8878 62.7301 62.0886 63.3001 60.2666 62.9027 65.3443 63.7626 64.69 63.3613 65.7888 62.1568 58.7965 63.1706 63.644 65.9114 61.2134 58.785 61.3254 62.3226 61.132 61.2466 63.0262 62.9607 62.4779 61.4322 63.0434 71.5336 59.9379 63.8733 64.6026 63.0706 64.3276 67.4703 66.244 62.5317 57.1834 62.8234 66.5322 64.2253 62.5419 62.2465 64.3906 61.6896 59.4631 57.8924 65.5416 60.5719 62.5588 63.2201 60.9698 60.3184 63.5682 61.5683 67.3168 60.6166 59.7582 57.9574 64.3195 60.0111 64.5146 64.3551 63.554 63.1016 64.3995 60.722 60.937 65.0259 63.127 63.5203 61.607 64.2928 61.4063 60.8204 62.3808 62.3214 63.1207 64.6575 62.4458 62.1102 61.9616 60.4524 65.8726 57.9704 64.8842 58.2102 60.9095 62.5316 62.6329 63.3858 65.9852 65.0335 60.1947 66.1365 64.3967 65.2822 58.5335 65.3598 59.1754 62.3594 62.0588 64.6084 60.9509 62.2209 60.5519 61.4186 62.2357 63.6056 62.5654 64.5496 
62.0832 62.6854 60.7298 59.3743 55.5799 66.9035 58.9712 63.5294 60.2059 62.1897 59.4871 61.3556 58.9424 61.8626 62.4624 57.3376 61.1887 55.4756 62.759 65.6119 62.805 60.6562 57.2854 57.2448 64.3994 65.2118 61.8481 60.9046 62.4948 61.0324 60.8281 63.6767 57.9335 63.5994 56.8621 62.9395 62.9941 62.2521 61.0555 61.2186 64.3464 66.3275 62.8006 61.2301 56.3704 64.4528 65.4886 64.3255 62.7832 59.5806 61.9771 59.0454 59.8382 60.4709 62.4937 67.8336 63.1529 62.8388 61.3201 62.5301 58.7981 64.7321 61.1095 61.2023 63.5022 62.0202 61.5322 59.8523 63.5132 59.2464 57.8209 59.3119 59.6441 60.163 61.4192 59.9729 55.6636 57.7337 66.7647 66.6515 60.7191 59.876 59.8053 60.8924 65.9916 64.367 65.4868 65.1701 60.9191 58.7818 62.637 62.0657 60.3111 63.7357 59.1368 63.2653 60.6116 61.7505 58.7996 64.327 62.1495 59.2938 60.9557 60.409 61.6251 62.1626 59.554 57.781 60.9445 61.9147 64.9643 62.4749 62.9671 58.6826 62.4649 59.0556 66.3445 61.7983 60.6995 63.3944 63.1719 61.7459 60.3191 64.5321 63.0429 65.0591 62.1998 62.5817 60.331 65.6559 56.9722 61.1859 56.2508 61.9409 57.6374 57.6831 59.6427 58.5289 55.5534 58.7759 61.6535 59.8933 61.9019 61.0589 60.5863 62.8972 63.24 62.9031 64.7275 61.6168 66.7081 59.4026 59.7228 61.1375 61.8896 62.9494 62.5991 58.1321 56.6603 61.2431 60.0175 61.9927 60.7937 58.8279 61.0604 56.0758 60.7624 69.9753 59.8131 60.9154 63.8468 63.1733 63.6269 64.0659 67.5137 61.7918 54.9137 60.2059 66.5498 61.4374 58.0132 62.2973 62.8303 61.4234 59.1639 56.0353 64.6981 59.3208 61.9612 59.0248 60.2107 61.0426 62.0828 59.3174 63.772 57.8191 57.7078 58.2925 62.6729 59.1256 59.8627 60.7894 63.2781 64.134 58.7449 61.1298 60.4469 64.1418 62.0685 61.15 60.5503 60.9252 59.8023 60.8405 61.6613 59.3361 60.5766 61.5317 61.5684 61.0798 61.5995 57.4628 62.8252 57.4375 63.3513 55.5887 57.6562 61.7884 60.7355 62.1103 64.9424 62.0881 59.6279 64.1152 62.2305 65.871 58.8751 65.1369 57.9684 63.4064 60.2598 61.4806 62.3192 62.0365 58.207 57.34 62.0526 60.1285 60.8235 60.8119 
59.3763 60.4198 60.7935 57.7985 58.4223 66.2618 59.265 62.6238 57.3326 61.6092 56.9989 59.4569 57.5355 62.4062 58.5387 58.2604 58.2359 55.9546 61.1348 63.9882 63.6584 59.6219 57.6027 57.823 64.0931 63.7621 62.8879 59.2615 62.6253 60.9739 57.1584 62.4826 58.7318 61.3201 56.8577 62.1618 58.9757 59.0075 59.0724 62.4168 60.5819 65.1363 60.3113 57.9305 55.2445 63.3058 64.4612 60.5038 62.2288 59.7655 61.5848 57 62.5691 60.2356 61.2502 66.5707 62.8758 63.2657 55.6683 60.4022 59.1338 65.9413 61.8548 61.059 63.5569 57.7619 59.2032 60.79 64.616 60.0912 58.1343 58.7392 59.819 62.2914 62.6114 60.2401 58.1132 59.2692 63.5828 66.0229 57.8174 60.0534 63.298 60.2006 60.3354 60.0824 64.3972 64.3532 62.2468 57.8214 60.3866 63.9437 60.4136 64.9278 58.7187 64.7406 58.3032 63.4865 55.5795 63.2086 59.0831 58.2661 58.6281 61.3448 62.0423 61.8728 59.3717 61.0216 60.7892 61.597 63.1782 58.2612 61.9697 59.8058 64.9982 57.1605 62.0922 60.3567 60.5316 65.3219 61.4715 62.4283 60.1034 64.2858 62.0271 64.8663 62.8721 63.6868 56.2425 64.4102 56.644 63.2147 57.7388 62.9096 59.2635 58.5625 60.4973 54.1507 55.4649 60.8473 59.4325 60.8661 60.3843 60.3721 60.3843 59.9004 62.1616 62.6098 64.3389 59.5829 65.7606 61.038 58.5514 57.214 58.2503 63.5168 59.638 57.7595 57.3724 60.6107 59.6883 60.7204 61.4933 59.8869 62.4942 57.6591 56.7863 71.6849 57.4586 59.0621 60.883 63.2047 64.8087 65.1231 63.1036 63.4673 56.0355 61.3625 61.2351 61.6292 58.4198 60.8828 61.5719 56.8953 59.5565 57.8783 63.4902 58.488 60.8539 63.5723 60.5153 60.4624 62.1646 57.3197 65.8682 58.3619 59.3897 59.3154 61.9138 57.0914 60.4952 60.8268 61.0662 63.3722 61.2944 60.0111 59.2967 62.4731 58.1349 63.5255 56.7221 59.6435 58.838 58.1705 60.7661 58.5123 61.1571 60.2985 59.3808 62.9146 60.8903 58.5528 63.9929 58.2411 60.6064 56.463 59.2919 62.139 61.7616 60.0434 65.393 61.2733 55.9932 64.6312 61.2158 62.6076 58.5853 63.4748 57.4038 60.0214 62.8061 62.1639 60.3377 62.2472 58.3659 58.1029 60.7569 62.207 59.7805 61.6335 
62.0202 61.4339 61.9658 63.1087 59.9236 69.4756 62.9599 67.2971 62.712 63.4079 58.3075 63.9444 63.3997 64.8323 62.0155 63.0871 64.0158 55.1418 64.3753 67.1088 66.6629 61.9434 57.817 59.5817 66.0738 67.0156 64.9058 64.491 65.5445 64.4808 60.1347 67.726 60.3936 64.3378 61.0644 64.1227 61.7192 62.5012 63.9836 62.7791 62.592 69.0581 66.8971 64.5317 60.3668 67.3859 65.9008 63.1598 64.4195 61.7767 66.743 60.1296 64.2569 59.7745 62.2166 68.8159 64.607 66.0817 64.3414 62.8571 61.7266 67.3101 61.5319 62.7021 68.2391 62.7522 61.4814 61.7232 68.7212 64.126 61.6618 62.1076 62.1883 64.5644 64.632 66.4676 60.0871 63.2902 68.0513 66.7121 61.5536 61.6537 64.6536 64.9341 64.9816 65.2036 65.135 64.3488 63.7358 61.7771 65.1232 65.556 61.9939 64.161 63.4095 62.8883 62.1729 67.9111 61.5989 61.6976 64.1147 62.6862 61.6752 65.5073 64.8066 64.1995 65.2818 62.5285 63.8434 63.3633 65.744 62.5226 63.6438 63.2851 65.3537 62.3603 67.3346 65.1156 65.3576 63.9421 66.5592 63.7691 60.113 66.0568 66.0662 66.174 68.0199 68.126 59.8851 66.3508 58.4608 65.8623 57.9467 63.6232 60.9365 63.1188 64.3798 59.2051 58.0805 64.0353 62.5571 62.4493 60.6587 63.9593 62.4533 64.7605 68.7162 63.9109 69.5332 62.7866 69.3505 63.9591 58.9198 62.7233 61.8601 64.3717 60.9395 62.6451 61.3151 63.8524 61.7374 61.2316 63.8194 64.0193 62.8383 59.1121 63.5536 71.7199 61.6303 65.4892 66.7806 64.374 67.7684 69.5049 61.223 66.0471 58.2219 64.0281 68.1533 63.7925 65.4756 65.3858 64.5683 62.4288 61.7963 60.9443 66.4003 60.9809 64.6606 66.8872 63.8132 64.2416 62.7175 61.7893 70.047 62.7505 62.1013 62.7134 63.8707 62.0146 64.4429 62.3872 67.0258 65.5026 63.3684 63.6211 61.9615 64.9907 63.1078 66.5626 59.9366 64.1668 64.0471 62.0755 64.1616 59.1395 63.2273 61.9258 62.7841 62.3361 65.0139 61.0076 65.6314 61.273 65.1194 57.4281 62.6424 64.8591 62.5752 65.2403 65.2204 64.2026 60.0471 65.554 59.4436 66.1485 60.8084 66.0874 60.086 64.0259 62.8311 65.612 62.2108 63.1444 62.6534 61.3179 61.1146 64.5591 62.1953 63.8302 
58.2753 61.4375 59.2227 57.6793 54.7738 64.2533 57.5455 60.382 60.1521 58.9167 53.7753 59.7971 59.5737 59.5584 59.8136 58.5306 57.8393 55.1763 61.3998 63.1461 60.4182 57.5701 56.7637 54.8945 59.1548 64.5757 58.1218 61.4062 57.0008 57.2152 58.7061 60.4436 56.1938 62.5307 56.6195 58.5773 60.511 58.9548 57.5137 59.5415 58.0116 61.7511 62.3273 60.9583 56.7813 61.8146 61.6157 60.552 60.9804 58.623 61.8015 57.2859 60.1074 56.3599 58.6826 66.0136 62.9072 60.6218 60.7325 58.1276 56.0439 64.1647 57.93 58.3099 61.9311 60.6468 59.4417 59.0619 61.5481 59.7499 56.5071 58.4719 57.7314 62.022 61.7303 57.8732 54.4906 56.8236 62.8007 66.1033 56.7242 59.7982 62.1385 57.2895 61.3309 61.0851 62.3415 63.3014 60.8125 57.9522 61.0099 60.1729 57.8139 60.753 57.8746 59.1629 59.3027 60.3648 57.6156 63.0798 59.3677 58.476 59.7305 58.4483 63.9417 59.3334 59.459 57.9588 60.2062 59.2695 62.9614 58.2848 60.1043 59.7494 61.4162 58.9224 61.6946 61.2345 59.104 60.8348 60.0711 59.1777 56.1673 62.8733 59.8778 64.4988 61.7184 59.3077 59.3049 60.2854 57.0361 59.7702 57.5762 59.86 53.1871 61.2932 60.1353 56.8011 56.9419 59.4704 58.4787 57.433 60.3116 58.127 60.1845 59.5974 62.662 61.7243 61.4752 58.7957 64.7105 59.0372 58.0176 57.318 59.9308 59.7919 57.7511 56.6662 55.6089 58.4698 57.6953 58.3148 61.1717 56.4795 58.2621 55.2664 60.3827 66.948 58.9928 62.3739 60.1893 60.4461 62.7126 63.4445 60.1783 62.9082 54.2698 58.2375 62.1299 60.3408 60.4974 58.7941 61.8549 56.3141 57.8051 56.4715 64.5541 55.5064 61.2561 60.8483 59.6058 58.023 60.0019 57.9805 62.9583 60.3317 58.6965 54.2764 62.9086 55.3 60.3084 59.8665 63.0445 61.0439 58.6541 57.2266 60.0464 61.0038 58.0602 61.343 59.4757 58.2574 54.1888 57.9675 58.6882 55.6081 58.5734 61.2577 59.4752 56.2647 58.8441 57.2091 60.6937 58.7113 61.2944 56.9288 59.0793 61.7744 59.6439 60.3403 62.1469 61.2076 58.0282 62.0675 60.7687 62.7208 57.6012 60.2791 54.699 57.3259 61.7538 60.9456 60.2292 60.5737 57.9088 55.7684 58.6369 60.7837 58.8711 60.7121 
60.7828 60.5484 62.0135 59.2369 56.8325 65.1331 59.4838 59.3178 58.5256 59.5229 57.8625 61.1147 57.6395 61.6464 61.0453 60.9702 58.6753 55.6211 63.6056 63.5439 64.1961 60.5437 55.2097 57.0584 61.9447 65.8514 61.9891 62.988 61.7006 58.2824 57.9136 63.3972 58.1244 60.806 56.6628 61.4152 60.6795 61.7969 61.855 60.4501 59.133 64.4996 61.5333 61.5279 55.8767 63.1287 62.628 61.5496 61.9885 62.4536 63.51 57.0491 61.4085 59.2302 61.3691 69.8202 64.7494 64.2777 61.1778 61.8941 57.7451 61.6046 59.6572 61.6435 64.652 57.6812 60.7447 59.7525 63.4411 61.2067 57.1028 58.3644 61.4979 59.3045 61.3012 63.2231 56.1792 58.4155 67.1259 65.8219 59.6917 58.4595 60.3427 60.6782 62.1772 61.2176 62.2025 64.3651 62.2566 58.6066 60.8342 63.8553 57.4175 62.7047 59.4921 63.1911 59.1678 62.9005 60.7307 61.8371 61.1798 58.4326 61.7302 61.1428 61.7257 59.835 60.3489 60.3166 57.3954 59.5601 64.3164 57.9621 60.0704 59.1018 60.531 59.3495 61.972 61.2516 58.8838 59.8126 62.936 62.2328 59.7312 59.7461 61.7926 64.8996 62.1632 62.1116 56.9248 64.7582 58.8147 61.0494 56.7926 60.7892 58.1951 60.0342 61.3835 59.3948 55.9951 58.964 58.3859 60.4843 59.1016 59.67 60.4868 58.2607 64.1183 64.0972 61.9127 57.8525 66.6186 59.2875 59.4833 59.6312 62.2577 61.3176 57.5257 56.5233 58.4186 57.8766 60.2161 59.4034 59.5083 58.0678 62.2209 59.7501 59.5428 66.9737 61.5758 61.0265 59.9873 60.2401 60.9085 64.3094 62.8125 63.6966 56.1438 60.2657 64.1408 62.2049 60.3191 60.2505 62.439 59.2508 59.0614 58.1784 65.7806 56.8994 60.9325 60.8767 59.8574 59.6026 61.5625 58.4611 61.489 56.7358 59.6531 57.8785 62.4044 58.0203 60.523 59.8688 60.2161 63.5257 61.68 60.671 59.3879 63.3933 60.3559 60.7567 60.9486 61.5048 58.7376 59.3748 61.8936 61.6222 59.6047 63.5496 58.7092 59.9828 59.8193 58.0513 64.7016 60.1592 59.2006 58.2577 61.4401 60.2401 61.1485 64.6585 63.0359 60.4246 57.3238 65.6851 59.4413 62.1642 59.1285 63.1426 57.5584 61.8708 61.3974 61.8367 58.8452 61.3595 58.5481 56.5966 59.17 59.499 58.6339 62.3227 
61.9233 63.1607 62.1105 60.6618 57.5115 67.4451 61.4749 64.6297 63.0752 61.4687 58.4901 62.3104 59.9338 64.0425 62.4092 61.0173 64.1567 57.2498 61.4702 65.0772 65.721 59.8237 60.3799 58.362 64.1942 67.5577 63.5328 64.5155 62.9089 62.2044 60.6599 64.6468 60.9021 62.6329 58.9573 64.7852 61.8545 61.5215 63.1113 61.1881 63.1543 65.6358 65.0966 63.8928 58.0639 66.56 67.091 64.1991 63.5123 61.5261 64.1148 57.7193 62.7585 61.4977 62.4901 69.5335 63.1973 65.006 63.1396 65.4118 60.3635 66.2359 61.9614 64.901 64.8678 61.0502 62.9899 62.2495 68.0671 62.2858 58.3788 59.3944 59.5152 64.1481 64.5409 59.3244 58.6123 59.8499 68.5757 68.5858 60.0654 61.3628 64.0674 62.7123 64.5324 64.4651 64.7531 62.8285 65.0733 59.9081 63.4494 66.7112 60.5432 63.0473 61.345 64.6848 60.1946 64.2119 58.3124 64.0022 62.6572 61.2432 63.7331 62.6258 64.1877 64.6916 61.4737 59.408 60.4574 63.193 64.5884 61.9915 62.8186 63.3105 66.0597 60.1268 67.1736 63.7995 62.1891 65.2444 65.4173 65.8384 59.0678 62.8722 64.6858 66.41 64.1093 62.5276 60.7492 65.1555 59.4495 62.4596 61.2265 64.2704 59.5174 62.7751 65.0162 60.4877 59.3139 60.5263 61.4518 63.5724 63.5254 61.6268 61.2889 63.9474 63.2087 65.9151 66.7974 59.9909 67.3662 62.4874 60.9525 60.9216 63.9512 66.6927 61.8855 59.5141 59.7795 62.5942 61.447 63.4225 63.4552 60.4713 62.1908 60.521 61.7712 71.9599 62.6986 61.7242 64.1554 64.5236 66.1293 67.3774 65.0629 65.4059 55.3562 62.7501 65.1221 62.9863 64.2994 62.065 65.0298 59.5203 61.3692 60.3687 66.4874 61.684 64.0216 64.0777 58.7773 62.5285 61.7528 60.939 66.1197 64.1818 63.7162 59.5172 64.9188 57.8676 61.9318 61.877 63.9138 65.4211 64.0031 64.6383 61.3221 63.5314 62.9934 63.0229 61.9953 62.7997 62.9444 59.9459 61.4616 61.5426 63.4108 62.6208 62.2309 63.3849 63.2484 59.7635 63.5562 60.8929 64.7454 59.8389 62.3708 64.7644 61.9519 62.2259 64.1852 64.1189 59.4852 64.0521 60.8094 62.969 62.1981 67.1264 59.6772 62.8836 62.5139 62.7893 61.6583 63.8848 62.4534 61.8125 61.9714 64.2106 61.8758 62.6703 
64.1061 61.9877 63.1854 61.4493 59.1595 68.8312 64.2601 62.8365 64.2109 64.2257 59.4651 65.39 60.9764 64.1103 62.2272 61.371 63.6485 58.637 65.7584 67.4176 65.9386 63.7554 60.4245 59.3301 67.0752 67.8018 65.6321 63.4794 64.7126 63.0583 60.3393 66.0444 62.4994 64.721 59.8264 64.683 64.9545 62.7585 65.5062 63.3256 62.9518 67.658 66.7432 63.5886 60.5862 65.1312 66.291 64.1531 62.3503 63.3171 70.911 61.5207 64.5501 60.4717 64.6751 71.3113 68.1999 65.4522 63.4444 64.5732 62.6262 66.8896 64.1219 66.1568 64.9855 64.546 63.0562 64.3023 67.3039 61.9259 58.8999 62.1177 62.7767 65.8898 65.5841 65.064 59.8622 59.9774 67.8739 72.0459 63.1466 62.6205 67.2271 64.1875 65.9787 66.4181 66.3369 65.4068 64.1006 60.5365 64.0631 65.1179 62.6414 66.0406 62.9144 62.8281 64.3689 65.0291 61.3973 64.7912 64.3956 63.2318 65.1403 62.2087 64.9334 65.9221 62.6376 63.0027 63.7134 63.4766 66.5393 62.7271 65.7726 61.3846 66.3696 63.6411 66.5238 62.3438 62.4802 66.6973 69.0237 64.9256 58.9205 64.6689 65.8126 71.3966 68.6325 63.6414 62.3837 67.2297 60.8015 66.1113 61.1662 63.1121 57.9975 63.4584 63.8075 64.686 59.5942 61.5432 63.3356 64.7337 64.6178 62.6619 63.828 62.3389 66.476 68.7406 67.2004 61.3743 67.2463 63.3 62.9779 63.5628 64.6738 65.3212 63.3516 60.2079 61.7182 61.8422 62.4286 61.7425 63.5484 60.6234 64.0351 59.334 63.7599 73.2419 65.0434 64.8652 65.1967 64.8931 65.6846 69.0437 64.4026 66.856 59.2142 64.5852 67.1578 65.4421 62.4535 65.645 66.7637 63.387 64.9417 59.11 67.2885 63.1868 65.7328 63.8092 60.0242 62.8096 62.1976 62.9033 66.0532 61.8533 63.2869 64.6804 65.626 59.2437 64.7606 66.6443 65.6428 64.8875 63.4975 65.1476 61.5525 63.9691 61.9228 66.1078 65.2626 64.2686 60.449 60.5165 63.7334 61.6119 63.0534 63.7917 64.3421 64.9036 64.6722 62.7511 65.9242 62.9522 65.6099 59.9001 63.7388 69.4191 63.8979 63.21 65.8095 65.931 60.5825 69.1299 62.6212 66.8151 61.4656 66.2307 62.0201 64.8279 64.453 65.6819 65.0803 64.0014 61.7743 63.2619 61.6019 65.3316 64.822 65.7942 
62.9129 63.076 62.7785 60.8354 58.0183 66.4834 58.9479 65.1738 63.779 64.0739 59.8847 62.5719 62.1014 63.2786 63.8939 60.051 62.7838 58.8215 64.4496 63.6031 65.1659 61.8085 58.8007 58.9755 64.6914 67.5928 61.3601 63.4511 65.3396 64.6838 62.2729 64.7717 60.8515 61.9166 60.9166 64.9108 63.4406 60.5053 62.4411 63.3518 63.7122 64.0467 63.823 62.6985 56.0502 64.4856 63.3033 64.7872 64.656 61.4346 65.2113 58.2507 63.5293 60.3585 62.3793 70.4503 64.6109 63.1333 63.0529 61.9007 60.2673 66.8239 63.6962 58.8887 66.0842 61.5538 62.3878 60.1789 67.2838 63.4129 61.0536 61.3778 59.3185 61.1655 62.8265 61.5334 57.6876 58.1634 68.2744 67.4627 61.1286 60.3903 64.9756 59.971 62.9605 61.6128 67.0327 66.8084 62.3077 61.3368 63.4379 62.6788 61.531 64.2979 60.0757 64.4949 62.2765 65.2551 61.8261 66.1249 62.5564 58.5976 62.3742 64.4962 63.1694 63.6565 61.52 63.4007 60.8939 62.5275 65.3861 64.1163 63.2291 61.6066 63.1838 59.9324 66.1305 61.7963 61.6553 63.1791 66.3534 64.8456 61.7707 63.7707 66.6775 69.2271 63.7964 65.4385 60.2473 64.3117 59.1532 65.8262 59.6476 63.0443 57.8414 61.6723 61.4298 58.9906 59.1326 59.9766 61.6601 61.8167 61.0614 62.7531 63.5398 62.7208 65.3059 64.5654 67.5807 60.9674 68.1558 62.7934 58.1175 58.5225 63.9108 64.9814 62.5626 59.378 62.0684 62.1498 62.6451 61.4943 63.1744 59.6623 61.8935 59.2123 63.6022 71.2743 62.8845 62.7742 64.1033 65.7742 64.2386 68.1381 66.3135 63.4177 56.9313 61.3039 68.7342 62.0304 62.1922 61.2993 64.0587 62.6945 61.8543 60.0276 65.9066 61.5951 62.1687 61.3032 62.155 63.4993 63.4665 62.2192 62.7332 61.887 63.0218 61.2663 64.1713 57.6159 62.4828 63.8759 64.9115 62.8306 62.8701 63.3646 61.657 64.6573 59.1303 63.5054 61.2725 62.3287 60.7394 63.5516 63.7495 62.1835 65.3231 61.8118 63.0544 60.3685 63.9065 61.2668 64.2751 62.3627 64.8647 57.4317 62.5936 63.5717 62.1127 64.7737 64.0137 62.7193 59.0038 66.6181 61.5902 66.7073 61.0547 65.2574 57.6877 67.7015 62.5051 64.2691 63.0064 61.5521 58.4483 61.0317 63.4041 61.8135 62.248 60.9089 
61.5541 59.0207 59.5731 56.4285 55.4103 63.934 56.5216 60.152 58.5974 60.2153 56.4373 59.9329 57.3798 60.6481 59.55 57.0393 61.1349 55.0079 59.6273 62.7492 62.414 61.127 55.6793 58.6025 60.6208 63.6669 61.6375 60.7842 61.0262 57.6259 61.5321 62.187 56.867 61.6485 54.4551 61.9072 60.2924 57.6378 58.0624 60.4627 58.9969 63.5746 61.2335 62.0067 55.0647 63.4725 63.0543 61.9022 62.4189 58.2936 62.7381 57.163 61.5243 56.3397 59.2876 64.6611 59.2479 59.4727 61.6831 59.544 57.679 59.9272 59.3821 60.7758 63.2014 63.5118 61.9739 55.7741 63.8712 58.2698 57.3153 59.3378 58.6697 60.7108 61.6675 62.0219 53.8566 59.8561 64.7712 66.0432 59.4046 59.2371 58.4036 59.6687 62.1743 61.4021 61.8989 62.0871 61.2404 59.8996 61.6421 61.7494 59.1538 61.2761 58.8119 59.4104 59.2791 63.195 60.3104 60.4944 62.1822 58.6914 60.5782 60.5093 60.027 63.1409 60.0684 57.1834 56.8168 60.781 62.5901 59.4219 60.8037 59.9748 65.3673 59.6367 62.3392 59.0076 59.7744 61.9742 63.231 63.7079 57.6541 62.4291 62.3626 65.5197 62.7851 63.9397 58.4438 61.6425 55.5073 62.724 56.8161 60.2238 58.7845 60.1182 60.1576 57.3417 55.2443 59.9525 58.9512 62.3688 60.0473 61.0555 61.6831 57.9563 61.7348 61.6883 62.3029 59.3085 64.5942 58.8844 58.5301 58.7743 61.8924 64.8213 56.9461 56.7006 57.0621 59.3882 55.8822 57.9899 59.1743 58.247 59.6972 56.2608 61.3423 65.8746 59.9865 59.4021 63.7134 61.0807 65.1683 66.0329 60.4672 64.7059 54.8523 59.1114 65.3035 61.0112 58.6541 60.2122 61.7999 56.4824 62.5222 55.5012 60.3314 58.1927 61.6856 62.3047 59.7303 59.8105 60.8395 58.7753 63.6152 56.1975 58.0291 56.4126 63.088 56.9459 59.759 60.8226 61.7036 62.8065 60.6125 59.1161 58.5744 59.9019 59.9761 63.8584 60.0997 62.4794 60.563 57.5657 61.4319 59.9113 62.5018 59.7505 58.2685 59.2054 61.492 60.9357 61.0939 56.9965 60.9538 56.4236 59.9557 62.5765 57.7667 62.316 63.3793 61.452 56.4151 64.2162 58.3943 62.1968 54.5641 61.8049 57.1881 59.118 59.0217 61.3622 60.4931 58.5324 59.1727 57.4487 59.0992 60.3072 60.2006 57.0499 
63.0851 64.3383 62.4665 59.03 57.3123 66.278 60.6291 64.0591 63.1245 62.4286 58.7056 62.9529 59.0153 61.0222 60.2383 58.9449 61.3567 57.9602 63.3986 65.299 64.3146 61.3132 58.6855 57.38 64.5834 67.3773 63.8588 62.1784 66.0309 62.603 58.5524 64.2941 59.9997 62.6003 60.2528 64.1122 62.7093 63.2316 63.1208 59.7566 60.079 67.2298 65.1593 60.9251 56.2608 64.415 67.6497 66.3333 63.118 61.7368 63.9939 59.0473 63.7489 59.7586 65.449 70.2944 68.5938 64.5959 62.9789 63.615 62.3253 63.2069 63.9054 62.6998 65.2446 62.0558 61.1357 60.8284 64.8713 62.4567 57.4238 61.0444 60.4428 64.1078 64.2205 63.3816 59.5739 60.762 66.7055 69.529 59.9943 60.874 65.1934 62.3958 63.8069 64.3271 67.1176 64.0851 62.697 62.7933 63.1425 64.8533 60.2503 65.2413 62.7969 62.5649 61.1379 64.1792 58.0059 63.5711 63.1043 61.1603 59.375 61.6392 63.7461 65.4549 62.0793 61.0106 60.8606 63.6993 66.113 59.7095 63.1981 61.8588 64.913 59.5494 64.8494 62.3753 59.3513 64.4134 66.3526 63.382 60.3516 59.3087 64.0249 67.4367 65.28 64.2893 60.3306 65.0317 60.5494 64.942 57.9983 63.9853 61.3023 62.3719 62.6285 59.9004 58.5695 61.5862 61.803 62.0462 63.0166 63.2746 59.1999 65.539 64.605 65.9612 64.3841 61.8984 67.8319 60.1783 61.0081 63.2167 63.2613 65.7187 63.1549 59.3484 62.3064 61.311 63.3949 63.0665 62.3703 60.3987 62.2271 61.7327 61.8322 68.7131 59.4734 61.3794 63.8239 64.6117 65.3633 65.5547 64.3694 63.5659 59.1953 62.5978 66.5694 62.7026 60.4527 61.1826 66.1809 59.7678 62.8834 59.4436 67.5417 60.5699 65.6278 62.0312 60.3429 62.4926 62.3186 59.9037 63.3765 62.7919 60.7364 61.3024 66.7727 60.299 60.8433 62.7216 64.3091 65.8349 60.4721 63.2348 61.0554 65.299 60.606 65.1282 61.4813 61.7428 60.9118 60.5098 60.9086 58.9704 64.4579 61.1108 61.9009 63.0889 62.3799 59.3203 65.2858 58.5691 62.8159 61.089 61.0225 61.8586 62.0569 61.5527 65.3247 64.5173 60.0091 66.5627 62.8421 65.6709 59.519 63.8203 60.9637 60.5517 63.264 62.3475 62.832 64.8337 58.6953 61.1355 60.4991 62.6413 60.5472 64.5967 
65.4329 65.4962 66.4185 60.8519 59.1636 69.9056 62.5157 65.3128 64.0749 63.8163 61.7251 66.1398 62.4994 62.3744 64.9404 61.7064 63.4333 58.9812 65.3028 67.1944 69.1962 60.572 60.0868 60.1188 66.1222 66.4962 63.12 62.7289 66.1465 67.9 61.6438 68.2308 60.2207 65.3758 61.9458 64.6617 61.47 61.4708 63.4887 64.9106 63.3773 68.0734 66.354 61.0904 58.4729 67.334 67.446 65.3717 64.8309 64.5743 66.1335 62.428 64.5423 62.1541 64.4748 70.0369 65.8427 65.551 64.8305 65.3827 64.8446 66.7506 65.5834 61.4811 67.5928 65.186 62.6929 63.7848 67.1515 63.4492 61.6896 64.1941 62.0759 65.2317 65.3233 64.7257 60.5791 63.6774 69.6693 72.4617 61.4088 62.1608 65.2325 63.8691 67.4732 65.685 63.3129 64.7443 65.3372 63.5098 66.1017 65.7153 62.0144 63.535 65.8143 64.7571 61.4933 66.5107 60.9423 65.8521 63.347 61.4028 65.1406 63.2321 66.2865 65.4437 67.9698 62.3383 63.869 63.5335 67.0543 62.1666 64.7112 62.2168 65.1988 64.8801 66.3751 62.8329 62.9068 64.2055 68.2836 63.9382 64.4418 66.9199 67.4961 71.4676 69.1292 66.9923 65.1962 66.7047 61.5761 65.7391 61.7282 65.0999 61.8636 63.3317 64.8672 62.1651 62.0275 62.0979 64.2665 64.4663 64.1038 64.9328 62.8781 65.807 65.6171 67.9686 67.3627 62.2361 69.6774 63.4882 62.5357 65.2413 65.6579 64.9845 63.5317 59.5339 63.8693 64.1663 63.0986 63.5691 64.1832 62.6606 62.8 62.4394 66.3705 72.5346 64.4201 64.5179 66.827 66.8543 67.9651 71.2336 66.123 64.8136 60.2358 64.0835 67.0203 63.4045 66.8243 63.7983 65.2028 60.8765 64.735 62.0494 66.9178 63.9346 67.4317 64.7578 63.6032 64.1516 65.3375 62.9907 65.6499 62.4162 63.2341 61.9366 64.3998 59.3684 65.2677 63.2905 65.8827 66.4392 65.3117 65.038 63.2636 65.5766 63.1686 67.8561 64.3483 65.1256 63.6353 61.8908 66.3304 60.8065 65.1878 64.6417 66.1453 62.6861 65.47 62.4539 67.6014 61.272 65.4077 59.9979 63.138 64.8024 65.8308 65.0038 67.7743 64.4012 62.4357 67.0701 66.0423 67.709 64.8282 66.7282 61.8322 65.0807 67.7005 63.8 65.573 65.2446 62.5173 62.2841 62.8599 64.7032 64.6958 64.3375 
62.5693 64.9148 61.5437 62.6207 60.775 70.1223 63.1529 68.0756 64.9006 61.6659 64.7197 63.797 63.5672 64.5985 64.3375 63.7256 64.4 60.3389 67.372 68.9373 65.3602 61.2643 61.0259 62.3051 67.1595 71.3948 66.5665 63.3827 64.0346 64.4738 62.8652 66.3175 62.0679 65.9805 60.4378 66.4199 64.2074 62.1527 67.1074 66.5902 64.8338 66.6511 65.983 65.5643 59.6276 69.8172 69.294 68.3785 67.1925 65.573 66.2282 61.8333 62.5236 62.1077 67.2433 71.8892 66.8714 64.2874 64.3267 64.11 62.882 69.3019 64.1409 65.9821 66.1282 63.9057 62.5208 64.3829 67.0554 64.331 62.3087 63.135 63.1853 64.031 67.6475 66.1585 60.5344 61.4778 68.4608 70.4452 62.177 63.168 65.374 64.0579 65.716 67.1614 67.0346 68.4243 66.3658 61.3757 66.2043 66.3153 61.7228 67.2685 63.8716 65.1042 63.803 66.8956 60.8442 63.6003 65.3373 59.9916 64.6628 67.419 66.2859 67.455 62.1253 62.9375 65.4819 64.4246 65.1991 63.9705 65.5179 63.784 66.389 63.05 67.8978 64.077 62.8712 66.9735 66.6051 66.0379 64.0437 64.3491 66.7397 72.0425 68.8499 68.1663 63.5019 66.9378 59.5176 66.7377 61.1119 66.0855 62.7915 64.4225 63.2111 59.2264 58.7272 65.6328 63.1283 65.3293 65.3924 64.3379 62.8164 64.5136 66.4052 65.4153 68.3983 60.952 68.29 66.6027 62.0393 63.9378 67.4972 64.1924 61.7861 61.3414 63.6159 63.737 63.8682 63.7308 65.9972 62.1136 63.3402 61.8258 66.2119 72.1979 62.984 66.0761 66.9183 65.5885 69.3072 69.394 67.2004 68.0484 59.5272 64.9987 67.173 64.3167 65.3761 64.5863 67.2862 61.9891 62.6118 60.187 68.7264 61.6847 64.8758 62.7085 61.9004 63.0993 65.6316 59.6075 65.5068 63.9397 64.7639 61.7576 67.1935 60.0546 64.5052 65.85 64.7486 68.0163 65.8001 60.8604 62.5008 65.448 62.5985 66.3127 62.5571 62.4758 61.3115 62.3383 64.3893 65.4381 65.6506 64.74 63.5254 61.6493 63.9744 62.269 69.4167 60.6585 65.833 57.3897 63.7119 65.6727 65.459 67.0348 66.7259 64.3091 62.4938 68.5149 65.7169 66.9349 61.452 66.8853 62.2097 64.7161 64.8549 65.8561 63.8096 64.1436 63.3224 61.2311 64.3108 65.124 62.7876 65.0862 
63 61.6565 61.1791 60.4453 57.8186 67.1546 63.4092 64.053 62.2842 63.4427 54.949 63.9847 61.3323 64.6054 59.6961 61.3246 63.8358 59.5456 61.1755 66.6326 66.1376 62.1884 57.4903 61.0636 66.1978 65.1199 63.3869 63.8341 63.0651 62.3556 64.4582 63.4866 62.8893 64.4295 58.2587 63.3428 62.0432 64.7468 61.8848 61.8475 62.1073 66.8114 63.4407 63.3426 58.1304 64.5753 69.5575 64.0342 63.2537 63.0472 64.7747 60.1709 62.8945 61.9102 65.5388 70.3926 64.7778 64.5026 61.746 63.6094 61.5295 63.169 63.8391 64.0551 65.6723 61.7803 63.7337 60.0794 68.0741 61.756 59.5153 61.9445 61.2617 62.196 60.973 63.5149 58.1299 61.8949 66.0261 66.9516 57.6286 62.1296 62.3004 61.9565 64.0067 64.2867 64.0677 63.8734 64.1842 62.7026 65.1289 61.9317 60.4897 63.505 61.3596 61.8856 61.0318 66.8236 60.7117 65.3753 61.6847 63.4437 62.1497 61.9714 62.2445 62.6869 63.0736 60.7298 59.8985 62.8805 64.1655 60.6514 63.0351 63.7552 62.5702 61.0498 66.1599 60.9763 62.2048 64.665 65.8346 64.1715 60.4264 62.6408 63.5036 70.0581 65.9323 64.4684 62.6888 63.701 56.3166 63.8636 59.2272 63.1341 59.9265 58.8174 60.5083 59.8856 55.6202 62.2993 62.4643 61.3646 60.4632 61.9775 63.8447 64.1065 63.1554 65.0402 66.9345 65.397 64.8521 61.1095 61.3577 61.3112 63.129 64.957 62.2096 59.2067 58.3695 65.5409 60.8746 62.3268 62.7597 62.9434 62.8103 61.1806 61.064 69.2995 61.226 61.0663 66.2953 63.0724 66.7944 68.0961 67.9901 63.8097 57.244 63.0172 64.6952 64.4557 64.0246 62.375 67.204 61.3336 62.4864 59.8492 63.7055 61.9673 65.0314 63.9096 60.1572 60.9495 63.7209 63.4441 66.8445 62.0981 60.4223 60.5213 66.7755 58.6348 63.2627 63.1855 63.8636 66.3479 62.5141 62.5222 61.4681 63.167 65.2508 64.6001 61.669 60.8399 60.852 60.1083 65.4249 62.1311 63.2563 64.4669 61.5613 62.0048 60.8602 62.0575 62.4792 59.1483 63.9245 56.5906 62.9764 65.8734 59.6807 64.6792 66.1284 63.6613 58.8735 65.8504 62.8162 68.0469 59.9451 65.7303 59.0933 63.7398 62.7098 63.5957 63.0865 63.7045 59.8415 61.5987 59.0761 62.2779 60.578 63.9253 
64.8998 64.8592 66.342 62.8047 62.5957 70.1258 64.2333 68.1982 63.9835 66.1637 63.116 67.0329 66.0809 65.7049 66.4605 64.9935 66.1978 62.912 67.5918 67.0268 66.6648 66.4965 63.7623 62.5274 68.3476 70.7575 67.4248 70.6355 68.1746 66.6477 63.4174 70.9102 64.1654 64.6687 64.0355 67.1998 67.586 65.0102 64.9367 66.0252 67.3633 71.0495 67.4361 67.3243 60.1699 69.979 69.7904 68.8408 70.8768 66.683 68.2931 60.9489 66.5028 65.1095 65.6587 75.0892 69.4315 68.1397 67.2771 66.6048 63.1924 70.0427 68.1792 66.9686 69.9342 68.0896 66.5123 65.5864 71.1305 65.2196 62.6863 65.4925 65.7656 65.002 65.7516 67.1116 61.38 66.1172 71.7554 71.0744 63.2985 66.0597 67.4658 66.3398 69.296 68.6623 69.9714 69.9723 70.4459 64.7774 68.4129 70.2603 63.9043 68.5613 66.6488 68.8865 65.4756 70.4588 64.3014 70.8992 68.0021 64.3351 66.5501 66.1698 66.9899 68.0273 68.2875 66.1819 66.1153 67.9754 67.9983 65.4693 67.3137 65.6574 67.5137 63.1862 66.6906 65.042 65.367 64.7863 70.3063 66.0774 65.8817 70.0282 68.4251 71.4944 68.8995 67.5918 63.057 67.8886 61.9704 67.8713 62.4847 67.8895 62.9539 64.3082 66.0622 64.4612 62.1705 65.8141 65.8963 65.8097 65.4184 67.1862 65.0539 68.2449 68.8126 70.1601 68.0504 65.2131 70.6537 69.3976 63.172 64.888 65.92 70.8217 66.7076 62.2973 65.0836 63.3276 64.7052 64.3263 65.037 64.8492 66.973 63.2753 65.3511 75.094 66.1868 67.8545 67.9062 64.7315 69.7837 70.5338 68.8076 70.0869 61.4614 65.7998 67.6331 66.747 66.6403 66.9273 70.383 65.6858 65.57 62.8708 68.6345 67.1837 68.91 66.5166 66.9502 64.8734 67.0804 66.4835 70.8349 63.7252 64.8747 64.961 67.6736 62.4301 65.5023 66.5986 68.0956 69.6796 67.5255 65.6872 64.7714 68.9287 65.7131 69.6999 65.1327 67.3804 67.1249 64.6598 67.7065 66.5002 67.0851 66.6802 65.1228 64.7652 66.1723 63.769 66.2237 64.1372 66.7521 60.9685 66.8667 67.9864 66.4781 68.0406 67.9024 67.2769 61.5895 69.3101 67.1316 69.2521 63.1413 68.1037 62.3479 66.8892 66.3755 69.5126 68.066 64.6839 63.5704 62.1029 64.613 64.1322 63.7896 67.6126 
65.0157 64.461 63.2215 60.4651 59.7038 69.412 60.8896 65.0806 64.2236 62.479 60.2268 62.8585 61.759 63.7379 62.9677 62.6595 61.4786 58.2152 62.608 65.1032 63.9076 62.1959 57.9233 59.0091 65.2677 66.5855 65.9846 63.9292 62.5371 64.7198 63.0933 65.7722 64.2136 63.1542 62.8842 63.1108 62.3501 63.9583 62.9852 62.3752 63.4665 68.1625 65.7801 61.9156 61.094 65.4994 69.6056 64.8976 65.5263 65.7111 65.4014 60.5792 64.1623 60.832 66.3758 71.8016 68.2994 66.8277 64.4859 64.1268 62.0095 65.7507 62.4918 63.707 67.4235 66.0869 62.3317 62.6191 66.4346 62.5992 59.6431 60.9661 62.0805 63.0902 64.7704 63.3243 58.0404 63.0285 66.9051 71.6591 59.5353 59.1745 63.0122 62.2065 65.0648 67.1035 65.5134 68.3464 64.6247 62.7211 67.4889 64.8961 61.9896 64.8066 59.8575 64.6181 64.226 65.3569 59.1422 63.7383 61.2154 61.351 64.1527 62.0274 64.2583 65.3755 61.7191 63.7375 62.4976 64.0787 67.0015 60.177 62.7687 61.9021 65.71 62.5583 66.0747 62.0883 64.0207 66.006 67.0019 64.7034 61.7842 66.671 63.752 69.6029 66.7473 67.5862 62.7363 65.7524 61.7011 62.8596 58.9169 65.6238 61.9041 65.1276 61.4934 60.9505 56.049 62.1425 63.8125 65.573 63.0441 62.545 62.1772 66.5262 64.8589 64.62 67.9116 61.8669 68.6673 62.656 61.5954 62.9903 64.3306 65.1447 61.0022 59.7887 59.9323 64.1798 63.088 64.5221 64.2537 60.6924 63.4896 59.2666 63.6739 71.9132 60.8254 62.5432 66.7556 62.7836 69.0184 64.2696 66.9995 63.917 60.4799 64.8804 66.1702 65.2281 66.4121 62.1383 63.9834 62.3077 63.247 61.1635 65.97 61.8585 63.8452 65.8296 62.3263 65.031 64.5558 63.1807 66.5474 62.0491 61.7351 59.312 65.4361 61.3593 63.0697 65.6102 64.6139 66.5321 63.6661 64.4232 62.2451 64.742 62.7011 65.3477 64.1543 63.2849 61.5241 62.0462 66.3695 60.5782 63.6258 65.2102 60.3609 63.0927 62.4529 60.225 67.2059 61.0403 66.2622 60.7886 65.5437 61.7484 62.1826 63.7129 70.0068 64.6578 60.7379 68.9615 61.8542 67.8774 58.9685 67.1252 61.5405 63.7609 65.7886 65.7107 64.258 62.9802 62.6768 61.2269 64.4186 62.6715 62.6226 64.5386 
64.136 61.3858 63.1881 61.7772 59.7565 68.454 61.7466 64.6307 63.0206 62.9693 60.8629 63.673 59.461 63.7351 63.539 62.4119 60.2097 59.0752 64.0441 67.7644 65.6992 63.8779 59.7952 59.1273 64.0275 68.8822 65.3368 66.1028 62.7354 63.4662 61.7628 63.8765 61.2144 63.1509 62.748 65.5561 62.1865 60.5549 63.9796 64.7364 64.1763 65.327 65.9966 62.2281 58.8913 66.4194 66.8811 64.9863 63.3944 61.3355 64.2628 58.8177 62.2604 62.4258 66.6093 71.7877 66.1985 66.4809 65.3155 63.4684 60.9765 64.8498 62.2147 61.3896 66.4241 65.2294 64.299 61.0149 67.3879 59.7955 60.0236 63.9029 60.7785 64.0162 64.9441 62.9465 60.2152 62.3133 67.6182 69.7114 59.6244 61.0559 65.3563 63.2722 64.0925 63.8878 65.1741 67.4934 64.5436 58.3958 63.3721 64.8599 60.5531 66.7821 61.4772 65.9605 62.027 63.0156 61.9902 64.1926 63.9801 61.6086 64.1282 62.8703 64.5018 64.1033 64.7491 62.767 62.943 62.4584 69.0467 64.2982 61.4856 63.6075 62.2799 62.3999 64.4294 62.8542 62.9366 64.4876 67.8201 64.1852 62.4034 65.1156 63.9834 70.8064 64.1429 65.5105 63.4332 65.0947 61.4357 64.046 59.8079 62.0559 58.9169 60.8968 62.9778 61.4846 57.4466 61.8176 63.5552 65.4043 63.6652 64.0868 63.4228 63.7542 66.8664 67.4862 67.3497 61.4476 68.3217 64.1797 60.7446 62.4754 63.5223 64.5838 60.1153 61.5746 60.9199 64.6399 62.328 63.9068 63.2114 59.4063 60.637 62.1137 64.4479 72.4917 64.0073 64.263 66.8299 61.2439 66.6765 65.8906 65.5763 65.5249 58.951 64.68 65.4968 62.7977 66.6239 60.9451 65.0593 61.7926 62.5657 61.594 64.6645 62.8617 64.4066 64.4886 60.9053 64.3918 64.9328 61.9204 67.4493 60.6112 65.2944 60.7072 62.5236 58.6726 62.6367 63.1022 64.2572 65.0642 62.5353 64.256 62.7729 65.1299 64.7306 66.3341 63.7463 62.3679 65.393 60.2909 65.9265 62.2891 64.4316 65.1053 63.181 61.5605 63.2965 60.6614 64.205 60.4237 63.4442 60.7213 63.1719 64.9459 63.6187 64.5031 66.5496 63.0857 59.6279 65.0572 62.7472 67.4509 60.0371 66.5154 61.6819 65.1408 63.6222 65.2106 65.7083 64.2537 62.5657 62.3119 61.6913 61.2632 62.8712 63.3975 
62.6363 62.3667 59.9132 57.3601 56.3889 65.9607 58.9422 60.1972 61.2998 63.2311 56.4962 61.805 58.6528 58.99 61.9949 59.0315 62.3592 54.5867 62.7888 61.5989 62.4393 61.4349 58.1685 57.6596 62.7951 66.0441 61.6323 66.3302 62.0888 61.0643 58.5867 62.5577 57.5736 65.4798 61.0822 63.1129 62.8269 61.5017 59.8387 62.7851 61.9248 67.5267 60.5445 63.008 59.5521 62.8591 62.9132 64.9615 63.7945 60.7936 64.5271 57.6293 63.3496 58.8691 61.9247 69.5457 64.3379 62.9033 61.435 63.4444 60.3191 64.7831 61.7355 63.7824 65.3089 62.9579 61.4422 59.9448 64.438 61.7614 58.7891 58.5659 60.5921 62.147 61.6564 65.1513 56.2966 60.3126 68.5794 66.7821 61.2965 59.6621 64.4853 58.6951 62.1821 65.4199 64.7052 65.3437 62.1513 60.7051 62.601 62.42 59.8266 62.9968 60.4909 64.5578 60.1304 64.5234 59.7405 63.9495 58.5335 61.2586 60.2115 61.6063 60.5339 61.9921 64.5566 60.8536 60.7585 60.4613 63.8201 57.715 62.6876 60.4578 64.0608 60.7772 64.4635 59.9472 60.3222 64.6166 64.1525 63.4718 60.9341 63.5349 62.3352 67.4716 64.6192 62.3674 58.4588 63.0101 59.0267 64.2762 57.5003 61.2474 59.009 59.462 59.4947 58.6845 58.3488 58.9785 58.9484 59.6874 59.2826 60.2671 59.4123 60.8141 61.902 64.1305 64.3559 60.6016 64.8741 60.0207 59.6384 59.2673 64.4887 61.3475 58.3769 56.2423 61.9697 61.261 59.5307 60.5165 59.7927 60.697 62.1104 57.742 59.6718 68.7609 60.4501 62.6627 65.3683 60.4088 62.6973 65.0434 63.5967 63.5338 55.0337 61.0128 65.8003 63.426 59.5359 62.7168 62.3795 58.3526 60.2074 58.6857 66.7479 59.8531 62.8718 61.2264 61.2511 62.0651 61.9939 60.7984 63.4352 57.1956 56.8829 57.7434 63.552 60.8209 61.2342 61.8415 62.2863 63.9722 62.5607 60.4088 58.5241 63.8446 62.5989 62.6107 60.6016 62.5587 60.2887 60.5426 63.4377 59.5386 61.2279 61.9589 61.8561 60.5967 61.2312 57.6282 64.3987 60.0708 64.168 56.555 59.9352 63.2435 60.3171 59.7869 64.2439 61.9711 60.0086 65.1896 59.3104 64.0256 56.2696 64.1475 57.716 61.1782 62.8759 62.0086 63.2084 58.945 59.3635 59.8136 61.2404 60.5563 61.313 63.8657 
61.4369 62.8388 65.081 58.9306 57.0271 66.6204 61.1569 62.925 63.2768 63.0462 59.4322 64.5405 61.2227 61.3784 62.2745 61.5315 63.0852 56.4926 62.5351 64.5793 60.7853 62.5529 57.9793 59.2933 63.1919 66.1261 62.8934 67.0029 62.7619 62.2564 61.0125 66.52 59.4879 65.5044 60.4285 64.4502 62.704 61.2191 61.6853 63.9519 65.1508 65.9608 65.8324 63.9944 58.2146 67.4773 67.0094 65.5325 64.8064 63.5483 64.3765 58.7756 62.809 60.6305 61.6052 70.1707 63.9663 63.9177 62.9749 63.4711 61.2356 67.1717 62.9255 63.2468 67.8149 64.8501 63.1968 62.4627 67.249 58.9965 61.012 61.1001 60.8446 61.7115 67.3834 64.613 58.6578 62.5121 67.5886 68.8519 61.7594 62.7593 64.1082 59.7416 64.3488 62.2608 63.5896 67.457 64.1313 61.3679 62.7004 63.6694 61.7834 66.2422 62.1907 65.2102 62.7754 65.2131 58.6221 67.6856 61.1712 63.0195 62.4265 61.5996 62.37 63.8619 64.5155 60.2667 64.8308 64.463 65.9723 61.8929 61.1424 62.4542 62.5136 61.9153 65.9408 64.5048 63.6066 65.0638 63.3023 65.9338 62.3845 64.5599 63.9361 68.3423 67.7339 63.0933 62.1919 64.4935 59.0289 63.63 60.2747 64.9063 60.3347 61.8647 62.3081 60.7116 60.8625 61.3559 64.3993 64.4742 62.157 60.2477 60.5091 61.7976 61.7793 66.2439 66.4342 62.1983 68.0048 62.3212 60.7285 59.717 63.6287 64.3704 62.1992 57.7785 58.4836 61.7149 60.7475 60.4915 61.6898 60.6146 62.5355 61.1907 61.8738 68.8717 64.3769 64.8482 65.4253 61.6814 66.1159 63.1438 66.9966 64.7896 56.6691 62.6461 66.7308 65.4044 63.8505 62.5044 65.4963 58.4165 62.9706 60.0067 67.1351 62.2845 65.2696 63.4741 61.9061 61.885 61.253 61.8297 65.7834 60.7781 61.4733 59.4217 64.8192 59.9897 63.4728 64.8039 62.6992 65.1511 67.0905 61.8801 62.222 64.7354 62.218 64.6104 59.3811 63.71 63.5376 59.2418 64.1723 58.6454 62.182 63.6526 62.346 61.2801 63.1903 60.6074 63.8746 60.9334 63.2383 60.9252 62.3384 61.9031 61.8426 62.8467 62.3254 63.5666 62.1343 65.1486 64.3528 65.9052 58.7199 63.7652 59.8947 63.8351 64.9436 65.9798 61.4897 64.0263 61.739 60.6752 62.2149 60.9235 63.9511 65.4741 
61.761 62.0615 60.4335 59.6815 57.6281 66.9314 60.1563 62.5683 60.2472 61.7688 57.2385 61.0192 61.5025 66.3124 58.6115 60.5064 59.6081 57.9037 63.5484 65.0107 65.6373 62.0961 59.3064 59.2864 61.5407 65.8873 61.9 63.1917 64.6388 61.1389 59.3393 67.2029 59.6335 61.3842 58.8974 62.7972 61.2022 59.6131 60.5573 63.303 59.2782 64.7301 63.57 62.3119 56.3789 62.6296 66.3117 66.0883 65.4352 59.4615 63.8845 61.3906 65.8961 60.3274 62.5248 68.5872 63.3255 63.081 60.2632 59.1845 60.9538 64.4613 59.7159 60.1994 63.7729 62.2242 62.3247 58.3098 67.9402 59.4136 58.7412 60.6164 59.9103 63.4978 62.7428 60.3919 56.1892 60.1423 68.8069 67.084 59.1087 59.5499 63.896 62.2879 61.3358 63.6284 64.6976 66.5374 61.2192 59.3631 62.1617 63.1631 61.1854 61.9193 57.1862 64.7251 62.0895 65.3842 61.5405 62.7653 63.1132 64.9011 59.8748 62.7894 62.235 59.286 61.9852 62.6074 61.1182 62.2999 65.4658 58.348 64.1339 62.264 63.6722 60.4491 64.9496 63.8644 63.9263 63.1446 67.0095 63.5893 60.0215 64.9421 62.2738 68.7331 63.7973 64.5035 60.1244 62.476 59.142 62.7996 57.9346 62.0977 59.6464 61.6259 61.2572 57.2074 58.0517 60.7365 59.7148 62.4765 58.5399 63.4473 62.8769 61.6585 64.0311 62.9548 67.7348 60.8178 66.6299 60.0264 59.4812 61.1651 64.4662 65.1463 58.6016 58.1864 57.1574 60.5014 58.6667 60.6267 61.7252 59.8887 59.0727 58.0251 61.0537 68.8875 61.9647 64.5398 63.2895 63.4597 68.201 66.1863 64.2382 64.4092 56.9281 61.2281 65.724 63.6018 62.1805 61.6191 62.5764 60.2281 58.2506 57.977 64.6377 59.0268 62.7354 64.0691 61.6138 60.9553 64.9118 60.4009 67.3598 58.8267 60.4005 58.7037 64.7586 57.5847 63.1962 60.6461 65.11 62.729 60.4806 62.3018 60.6809 63.6849 62.4849 62.3921 60.1799 59.7638 60.3 57.6736 63.6764 60.8973 62.897 61.9977 62.721 61.3375 61.2593 61.6033 62.1213 61.2917 62.6128 57.0518 62.1068 62.9599 61.1738 64.9938 65.2471 61.9677 57.1154 65.8376 60.119 64.3852 57.2274 66.6063 60.2244 62.3568 62.2798 61.4948 63.5745 59.3362 60.0278 59.3023 61.7236 63.6435 62.0207 61.4313 
57.4159 55.3328 56.2825 54.5375 52.9663 64.0358 58.2021 58.4387 55.8409 56.129 53.4138 58.1964 55.2045 55.8379 56.7895 54.972 55.4799 51.9555 57.1706 56.1999 59.8118 54.5572 54.2912 53.9362 59.6535 60.1408 60.6392 56.3096 58.2311 58.1445 57.1039 60.0288 58.6123 55.7146 54.7542 57.7748 56.1154 57.9122 58.0104 58.1 57.1298 61.042 56.088 58.9535 53.8473 58.0751 60.7764 58.1367 59.9358 56.4567 58.2197 55.7315 58.7689 54.8685 58.0072 65.1674 59.2779 56.629 56.9877 59.0837 55.3718 58.9368 57.5919 56.5724 59.4688 55.3962 56.2087 56.6404 60.6841 55.4429 51.9538 56.2159 56.788 59.2134 59.6508 59.3937 52.9311 55.8211 60.1471 63.9172 55.0463 56.761 57.6787 54.6053 59.4603 60.1628 58.2602 61.3839 59.593 53.1621 58.9527 59.8026 54.8521 59.9265 55.1738 57.7971 58.2273 57.8484 53.7443 56.7596 56.3071 56.5079 54.923 57.4795 55.6235 58.3473 58.1539 54.6335 55.8843 58.4675 57.3901 54.548 54.0566 57.5959 59.6143 57.689 58.2684 58.0732 56.1254 56.9434 59.1077 57.7768 55.1495 58.8583 60.7206 62.1083 60.1224 59.6128 55.9121 56.6041 53.4214 60.642 54.4302 55.815 54.7194 55.227 56.5152 55.2037 49.8899 57.6095 56.7221 58.4304 57.8101 59.3734 54.8322 57.9927 60.8597 60.4101 60.9494 54.0289 61.2563 57.4934 53.332 54.9886 57.9853 58.4454 54.7789 54.7482 55.0983 56.2337 57.6522 55.3634 57.1354 56.6136 57.1331 53.2785 56.0743 63.2935 57.8321 57.1122 60.5049 57.4946 59.5396 59.3954 62.0987 58.6434 52.7384 59.0582 60.4046 56.0994 57.9099 57.0552 59.2954 54.9009 58.3584 52.9689 59.9687 56.53 60.227 57.5241 58.7058 56.8487 57.9787 57.1046 61.3875 53.9948 54.2899 55.474 60.3735 55.1563 55.8458 57.0217 60.1134 60.9349 58.4824 57.6228 57.7759 59.5214 55.9229 61.9177 56.1799 57.346 56.0131 55.6549 57.7174 54.8104 55.3838 56.8369 57.3658 58.0651 59.1679 54.3297 58.8352 56.133 56.8064 53.1976 56.6223 56.7972 56.4316 55.9436 60.4589 57.7821 53.9263 60.415 54.6271 61.3349 56.4521 57.0111 55.1135 57.7812 60.4298 58.6602 57.2193 58.7497 55.0776 54.7849 57.0544 57.6576 58.0194 56.8833 
58.5859 57.5744 56.5408 59.1425 54.4892 61.914 58.2822 59.7052 57.9408 59.1887 54.261 58.6303 55.561 57.5713 59.9978 55.4628 60.7852 55.2027 61.3947 60.9388 61.5717 57.5428 54.9858 54.8391 59.7051 64.471 57.7329 61.2158 59.825 57.9971 57.1712 61.6143 54.6799 60.8151 56.2204 56.8903 57.9986 57.9 57.732 59.9318 60.294 63.5371 58.1219 55.8284 52.886 58.7326 62.4958 61.4567 58.3353 56.9395 58.4779 53.9805 60.7233 56.8516 59.6413 64.562 59.2524 60.2089 58.1913 55.942 54.5423 60.9254 57.5762 59.1825 63.5959 57.1238 58.026 59.335 62.6428 57.4128 53.2011 58.7008 60.1605 61.4683 59.3956 60.4657 53.9597 55.9831 61.2112 64.0084 56.1611 57.3774 60.4666 58.0463 60.9621 56.8481 59.279 59.8409 58.1689 57.6829 59.5323 58.2396 54.7843 60.0539 58.1311 60.3986 58.0944 58.8882 56.4976 59.4079 58.5244 57.4094 56.3786 58.8974 59.024 59.6272 59.6019 56.3573 56.0688 57.515 58.7329 54.9981 59.2266 58.6847 56.3557 55.0286 59.5837 59.6263 54.0991 58.8993 60.1139 58.3111 57.4739 62.2192 59.4235 65.0393 61.3265 60.443 54.9368 60.7273 54.696 60.7196 53.0658 59.9342 54.6884 57.4286 58.7354 57.6228 53.2544 58.5265 58.2606 54.9711 56.72 57.2456 57.0949 59.6559 60.0753 61.7946 61.3872 55.7861 63.4189 57.562 54.7884 59.9967 59.5912 59.1066 55.1404 54.4389 56.172 56.9498 57.9031 57.6726 57.9478 57.2232 59.3669 56.0022 59.4425 66.1319 59.6812 57.4467 60.2056 59.4517 59.5487 60.6426 60.6687 59.5989 53.2117 57.9675 60.2134 61.4563 57.67 58.5603 60.8288 58.4455 56.3505 56.0302 60.3501 55.6909 60.6572 59.2248 58.8077 58.3208 58.3661 56.5063 61.5045 56.077 57.9918 55.9437 60.4146 52.4042 54.2112 58.1502 60.3756 57.1981 59.9696 57.8208 57.7081 59.9596 58.5149 61.9116 55.8355 59.9259 57.7046 55.8983 59.7744 57.404 56.703 58.2068 59.1828 60.4836 57.4029 56.3922 57.751 56.0049 59.0081 55.7717 55.6703 61.0168 60.7264 58.3563 61.2494 58.1406 55.7204 60.8558 59.3861 61.9457 55.7244 58.8335 55.236 57.903 59.211 61.6471 58.2367 56.5315 55.3383 55.4528 57.54 57.971 57.987 59.4841 
60.3887 60.1149 60.9445 59.413 59.2117 66.0382 61.0313 61.6638 62.5914 60.7017 57.2873 60.917 59.6227 60.7704 62.6145 59.2833 61.9702 56.4075 60.4689 64.3793 62.0521 59.3312 58.4401 58.7213 62.7732 67.649 62.7716 62.1675 60.154 61.2873 63.418 63.8296 61.0811 62.767 57.1653 63.0036 63.2965 63.3363 61.4942 61.3774 60.0149 67.0758 65.2287 62.035 58.1551 62.7874 63.1963 63.5152 61.0592 59.8608 64.5789 57.5716 61.6593 58.6104 60.7059 69.9885 64.5842 61.5815 61.9384 63.2946 59.2709 64.6536 61.2633 61.647 62.8148 61.3191 61.1543 60.6985 65.5868 59.2881 58.2406 61.2876 59.3629 62.2736 63.1377 58.8797 56.7948 56.6386 65.7186 67.9468 60.3433 60.0635 64.13 60.0758 63.5229 62.7042 63.0919 63.2402 63.0142 60.3801 61.7128 62.3674 60.0222 66.554 61.9748 62.8249 63.2706 62.7063 57.8515 62.455 59.451 60.5604 60.4971 62.715 62.1865 63.8037 61.8711 60.3263 59.6363 63.3288 64.3826 61.0906 61.5405 60.4982 61.9603 59.7571 65.4467 60.2982 59.8751 63.1377 63.8171 62.5106 57.9017 61.3809 63.8219 66.4839 63.6835 61.8884 59.907 62.2351 57.3749 63.67 60.2908 65.8905 58.6785 61.9589 60.8332 60.5591 57.6704 60.0739 60.982 60.7866 63.325 61.5348 59.8438 60.9708 63.5723 65.2485 66.8467 60.3819 64.044 63.6347 58.5478 60.7258 59.563 62.3597 59.6825 58.4646 58.3413 61.681 63.0877 62.2965 63.4885 58.8757 60.1818 57.0915 61.4591 67.6571 62.6184 62.4386 62.8917 61.628 64.3214 63.6386 64.1662 64.1558 54.7231 62.4671 64.7706 62.9652 62.5481 61.1252 65.0158 57.5364 60.3489 60.813 65.7836 60.4032 63.5775 60.4901 61.923 58.5114 61.9694 60.195 62.4594 61.0186 60.8823 61.421 63.0462 57.3082 64.1031 64.3707 61.7517 64.096 63.9553 60.8998 62.2479 63.9582 61.1536 62.5781 58.4414 63.297 57.5654 59.3649 59.4365 61.022 60.0916 59.3388 62.3576 59.7068 59.9819 57.317 64.8305 60.4705 64.2085 57.9058 62.0341 63.6983 59.8252 62.2957 66.8284 61.4439 59.1796 66.8558 63.5733 63.5969 61.6217 62.9251 59.6373 60.461 62.0375 64.2181 59.5914 61.0363 59.8329 57.6704 59.1812 61.0757 61.6332 61.6723 
63.9398 63.2511 60.5058 58.7937 60.1046 66.7584 60.7624 61.0346 61.9033 63.3236 56.4237 60.8767 58.8564 62.0024 59.9831 63.7409 61.4688 56.6106 62.4799 66.4888 61.2725 58.9773 55.5144 57.9713 62.6479 67.8792 64.0673 64.984 61.7192 61.7368 59.5308 66.9313 61.1623 63.6888 62.6931 65.4331 64.6944 62.9386 63.3113 60.7618 61.4251 67.2687 64.6176 62.407 57.9734 65.6436 66.6667 66.4741 64.9576 58.9338 62.9607 59.8572 60.8887 60.1684 63.8898 69.4739 63.7861 63.7616 60.5311 61.9445 60.4094 64.6847 62.19 61.2946 66.3977 62.0933 60.2977 61.1121 66.1421 61.4112 59.439 59.5328 62.2807 63.9376 62.9036 63.9986 57.3478 59.7409 65.7762 68.8464 61.0775 60.9569 64.1163 63.4206 64.0164 62.3939 63.999 67.3042 63.5867 61.6393 65.2611 61.7218 58.7197 65.6641 59.5337 60.9376 61.0158 64.5517 60.7144 60.5371 63.2345 59.7854 61.2716 62.3208 64.7773 64.683 61.0519 61.198 60.039 62.5117 65.3938 59.3053 61.6134 63.4701 63.7092 60.8733 64.9742 60.4208 60.9886 65.3504 63.8036 62.6142 58.4849 63.3056 64.422 66.2732 63.4922 63.8537 61.2866 62.0279 59.9736 64.1572 55.2148 63.1027 58.374 62.6374 60.1986 59.266 56.0688 60.8886 64.8061 61.0801 61.5746 61.7007 61.5232 62.7853 63.3858 64.7429 65.8057 60.8057 66.1969 59.9982 60.0717 58.382 61.941 66.0488 60.9705 57.7398 58.5628 61.6442 62.1816 61.6694 60.9874 59.1044 59.8855 59.1379 59.9575 69.2768 61.7495 61.8309 64.731 59.2906 65.2683 64.9975 63.7986 62.2086 56.393 61.8598 65.2669 64.9214 64.2943 63.5742 62.4665 59.9111 61.4875 59.5108 63.8544 60.257 62.4751 64.3655 60.4711 61.9421 62.3026 59.195 64.7357 60.568 59.9352 56.8602 64.7096 59.7414 63.1001 62.1035 63.1035 63.0224 64.2626 62.2664 61.1108 64.2152 61.6318 65.2637 59.2056 63.8431 62.3491 61.0158 65.0099 61.5563 60.932 63.4032 60.4888 60.5259 60.6972 60.2079 64.461 60.0758 62.8777 56.3621 61.5674 61.9837 61.2941 64.5038 66.245 63.2959 60.9257 65.8882 62.6621 64.7013 59.8037 63.7988 59.9426 65.0994 62.78 65.4713 61.1977 60.7405 62.3617 57.7109 63.4869 61.101 62.6867 60.9787 
63.5544 62.5247 61.901 60.8111 60.6927 70.3782 62.972 62.6028 64.7948 62.5632 60.7995 64.9563 61.9915 64.742 63.1974 63.2188 62.7375 59.5383 65.9103 65.2842 66.4341 62.7138 61.6607 60.5131 65.054 66.5916 63.5849 63.7324 65.3752 64.1125 61.9779 64.506 62.7548 63.676 59.2536 64.8629 64.3045 65.0486 63.7971 64.1552 63.9201 70.1382 63.4924 63.9631 60.8114 67.2943 69.0816 64.1919 66.0145 61.2458 62.8006 62.8071 63.6837 61.6655 64.8296 70.5461 67.6911 65.3141 65.2325 63.3858 62.2388 68.2994 63.6388 62.9548 66.1878 62.9728 63.2218 63.9166 65.3034 58.4229 59.3746 60.9201 63.6918 62.4554 62.2489 63.6172 59.0161 59.7563 70.2674 69.4704 60.7808 65.993 65.6533 62.4038 64.8694 63.791 65.2006 68.7912 64.0456 60.3907 66.6447 65.3792 61.6695 65.8387 62.647 66.0626 63.4841 65.6595 59.0396 64.984 65.361 60.3002 62.8861 66.0007 65.5684 65.3823 65.187 62.7122 65.2456 64.6488 65.2123 61.9234 62.091 64.6379 62.7474 63.1476 68.0757 63.709 65.4071 64.4261 67.463 65.3508 61.6918 65.3694 66.932 70.4809 67.8682 64.9986 62.4244 64.7055 59.395 63.9629 58.661 65.1724 60.646 57.945 62.9214 62.7755 60.6105 62.1465 63.1681 64.0234 63.2638 62.4722 60.9571 65.5374 66.5229 65.7809 67.0518 65.6743 66.4495 61.6482 63.9906 63.0103 64.1912 64.4914 63.9355 58.731 63.0022 62.2411 61.1525 65.0619 63.8248 61.9903 61.7634 61.427 63.4548 73.0404 62.579 66.4913 67.3319 64.0242 67.1059 67.5298 67.0596 66.3634 58.6967 64.1808 68.2829 64.2904 64.0755 61.1484 64.5686 60.9126 64.3044 61.2407 68.9334 60.7502 65.525 62.8499 62.6658 63.4436 63.9848 59.9771 69.3654 63.6487 59.0014 61.2715 65.587 61.466 64.6218 64.1782 63.936 67.6818 65.542 61.8711 63.734 65.9475 65.1006 65.5467 62.8532 63.9353 60.7289 62.1986 62.4586 62.1316 65.3554 65.6343 64.0429 61.0973 62.2369 60.7435 64.4611 60.302 63.3689 55.7605 63.727 62.4238 63.1513 66.983 66.919 63.096 59.848 67.4458 61.7463 70.7991 57.5388 68.9023 58.816 64.8403 63.7958 62.4984 63.7382 62.6895 61.9355 60.4726 61.6327 66.2737 62.875 65.3804 
66.9978 65.4317 63.4279 61.354 59.5361 71.6356 66.0327 67.3213 62.7685 62.9806 60.616 64.8941 63.272 64.9343 62.3067 63.0676 63.8438 62.063 65.0523 65.7377 65.505 64.6653 61.7212 61.2899 67.3599 67.3392 63.908 66.2731 62.3834 64.8176 63.6417 68.8261 62.9226 66.2191 62.8908 64.5672 65.4029 63.3552 64.9417 65.0456 64.6077 68.4188 63.8206 64.7858 60.0023 69.4201 66.7268 66.8361 66.039 65.9273 67.18 61.5613 67.1176 60.969 67.074 72.7517 68.6498 66.1431 63.6012 63.9625 62.4515 67.6569 63.2866 65.8281 66.9916 67.9185 62.2114 65.668 68.2986 61.0481 60.8069 63.0256 64.9679 68.6907 63.1555 64.3088 60.9948 62.7434 69.1233 71.262 60.8719 64.5714 68.5332 65.9184 67.2993 65.6196 65.2724 66.3724 65.8778 63.9217 65.3977 64.1406 63.1762 67.6091 63.5968 66.6579 64.398 65.8313 61.0673 65.967 64.47 62.0828 64.8391 64.9367 67.7245 65.2249 68.2284 64.5066 65.9595 64.6276 69.3884 64.6331 65.8219 64.9268 67.593 63.3506 67.7736 66.0116 64.7032 68.2359 66.6745 65.8018 63.9189 69.4241 67.2037 69.4519 69.8577 65.3668 65.2701 65.8736 62.0435 67.1587 61.546 66.2713 61.2387 65.4028 63.8039 61.3632 59.294 64.6564 63.5862 64.8345 64.712 64.3572 65.11 64.0412 67.07 67.979 70.0064 63.2551 70.6637 63.7416 61.9054 65.9036 69.3061 65.7067 62.6315 60.9998 63.3225 63.0764 63.4766 62.4784 64.4679 61.8193 63.4442 60.9268 62.9519 74.1057 62.8176 64.7303 67.8747 66.3369 68.6186 70.733 65.7503 65.1428 61.2258 65.2826 64.3894 66.1105 64.1924 64.058 67.8752 62.4563 63.1282 61.0314 67.678 64.8898 68.0007 66.1525 63.1967 66.1702 66.1585 65.962 67.4922 61.9403 66.3159 59.2273 67.1734 61.7622 64.4743 65.6344 67.843 66.2192 64.1295 65.1609 61.9443 64.4078 64.9716 66.6049 64.134 65.5782 63.1375 62.081 66.5591 64.1963 65.9599 64.8178 63.9269 63.0198 63.7905 64.1311 65.4273 60.9114 64.3208 59.9964 66.5034 66.93 64.8229 66.9869 68.9116 65.9348 60.7725 68.0551 65.2554 65.8133 62.5009 69.0698 60.5767 64.5716 66.0242 66.0989 66.3694 64.0402 63.2011 63.1155 63.6959 65.3002 64.3506 64.8481 
64.0528 62.7944 62.0383 58.3224 59.7777 66.7227 59.6212 64.2172 62.3811 65.3354 56.5869 62.677 59.6254 61.7312 62.3169 62.1165 60.2934 57.7629 63.5068 65.838 65.9521 60.018 60.0418 58.2602 64.5678 67.152 63.9455 63.6647 61.8553 63.233 60.1787 65.6684 62.0688 65.2055 59.6385 63.2751 60.4019 63.1965 62.2203 62.8092 61.1449 67.2357 64.4931 62.4773 60.1622 65.0753 64.78 65.0436 63.5446 62.5873 64.2034 59.0979 62.8142 59.0135 63.4863 70.8443 65.8283 62.5039 63.5532 61.2276 60.2422 65.3977 64.6034 62.9801 65.4039 63.5767 63.5791 62.0429 65.3804 61.661 59.0509 60.7527 61.5923 64.5825 64.2547 62.8043 59.1422 60.3372 67.8424 68.1953 59.43 59.2543 62.4815 63.2401 63.9831 63.9877 64.2233 67.467 64.5788 62.4089 64.1711 64.4844 57.3283 65.0194 61.3808 63.1079 64.1446 62.6791 58.2214 63.0308 62.7168 62.1174 61.5186 60.1919 62.077 61.7733 64.5485 61.2816 61.7147 60.3623 62.402 60.3768 64.0278 60.577 64.522 60.6106 65.7523 61.9589 60.2847 63.5788 65.6289 64.5616 62.3767 66.0561 65.6092 68.4494 67.6881 63.9731 62.9171 63.2916 58.3956 64.7412 60.265 65.2722 60.7798 61.5642 61.4808 60.6741 58.7085 61.0214 62.425 62.9648 62.774 63.9533 59.7987 64.4067 64.3256 66.6267 66.1502 58.8666 66.988 61.433 63.083 59.6195 65.9647 65.7637 59.4682 57.7726 61.1908 61.786 62.1482 61.0635 62.7088 59.2896 61.1785 62.0736 64.9689 69.2387 63.2137 62.0673 63.9978 59.9476 63.689 65.2891 63.7671 65.0027 58.0725 61.793 65.6135 61.9166 63.1979 61.9155 62.6858 59.6374 62.8659 58.4385 66.0081 60.741 66.953 62.0454 59.4064 62.1896 63.6761 61.5637 63.3994 62.5047 61.1045 60.1078 64.3382 59.4262 63.9673 60.6385 62.0806 64.4097 63.2784 62.2366 61.7605 64.4041 60.7323 67.8884 59.5237 62.8607 63.2976 61.961 64.2204 60.4472 61.3938 63.655 62.6911 61.8196 61.4969 59.581 63.7871 59.5189 65.5645 58.9336 61.5414 62.0294 61.9174 62.4804 67.818 62.8319 60.739 66.786 60.8143 65.6629 61.9785 64.6665 59.5794 61.2325 62.8967 64.2247 61.8883 63.451 60.2431 62.8404 60.9954 63.226 64.3171 62.3963 
60.1135 59.8735 59.9781 58.5894 55.8608 63.1832 57.7455 61.6138 56.6664 58.6429 55.5551 58.0748 57.1532 59.1415 60.8362 58.2365 57.6329 54.258 61.6149 62.738 61.8175 60.1236 54.6092 55.6025 60.301 63.1503 57.8639 61.7997 61.677 58.6129 56.484 58.9233 57.0025 59.3824 55.8449 58.4783 61.4729 57.3038 58.8135 58.6055 58.4928 62.5431 59.513 60.004 55.0305 60.734 63.4661 60.3235 60.804 57.805 58.9945 56.845 59.8086 56.3208 60.1389 65.8095 62.1272 60.4985 60.7158 54.9386 57.8167 62.8491 57.6515 56.6717 62.9207 59.5615 58.3039 58.2048 61.3161 57.5422 55.7707 58.2872 57.9673 58.9906 58.6953 59.3032 55.6165 56.0589 63.5995 65.347 56.5108 57.4282 61.0647 58.289 63.0064 58.8122 60.1724 61.2922 57.6697 58.2292 57.3717 61.1421 56.7815 59.7043 56.4409 59.6597 58.3801 59.5399 60.2593 60.5168 59.4268 57.5704 59.4651 57.4458 60.2622 57.9157 57.1269 56.1571 60.953 56.4065 62.8561 57.7769 59.3786 60.7489 59.435 58.5784 60.9813 61.414 58.0307 59.9884 62.367 59.173 56.3269 58.7453 60.0086 67.3196 60.8347 61.8847 59.7171 58.8808 55.704 60.1507 56.8441 59.0087 56.9786 58.5886 56.9462 55.8206 54.8152 57.5937 57.0777 59.3523 59.5493 57.3544 58.1513 60.7632 61.7217 59.9238 63.7032 58.8462 62.9587 57.4713 56.3344 60.2358 60.4719 60.1039 56.3948 56.7173 55.8571 58.7277 59.5397 60.4244 58.9032 57.9813 57.1159 58.4201 57.8007 65.8861 57.3543 60.5244 62.7049 59.5148 61.4344 63.1791 63.4088 59.8901 53.9178 60.6163 63.7738 58.9184 61.7924 55.4852 59.8877 56.3973 57.4724 56.599 59.9858 57.4463 60.2143 59.8431 56.823 60.061 60.4856 57.7742 62.012 59.0741 58.8008 56.9885 63.2909 55.8341 58.7161 59.8918 61.8889 60.3573 61.1592 59.8971 56.6955 61.9753 57.6569 61.0168 58.6624 59.3143 59.1695 57.023 61.2168 54.6502 58.6949 58.6946 58.5389 60.5242 57.7811 57.2297 58.431 58.272 59.924 56.2683 59.3111 59.1003 58.9885 61.9067 60.4112 60.8944 56.0312 62.3116 59.487 63.3897 54.7854 60.1945 57.5568 59.1242 59.5319 59.8612 59.8017 60.9113 56.8601 56.9472 56.5154 56.9018 60.3258 61.701 
61.079 62.4434 62.6688 59.8701 57.1568 66.2318 61.0132 63.2698 63.0815 61.471 60.4746 63.8629 61.2147 61.7823 61.8126 59.7281 60.1847 57.4866 63.7148 65.5695 65.8407 61.025 60.5242 57.5923 64.1571 67.0162 64.4881 63.0672 62.6769 60.4129 62.5335 65.776 58.2663 65.6141 58.3905 62.6408 61.6027 59.357 59.876 64.5587 62.3413 66.0931 66.8561 61.4739 56.731 64.882 64.5129 63.6523 63.5921 62.7726 63.3033 60.4919 64.6527 58.8969 65.4989 67.9295 65.0928 64.7766 63.0284 62.3841 60.8404 63.8788 60.8212 61.1759 63.5824 64.3482 63.5486 61.0474 64.8904 59.3315 58.4919 61.6259 63.4306 65.474 65.163 62.249 60.1362 62.3537 66.4008 69.4907 58.0024 63.5816 62.2568 60.3 62.6767 62.6765 64.035 66.0831 65.1657 58.2368 63.5998 63.1429 59.9453 66.6641 59.639 62.2944 62.939 61.4493 60.4234 63.1648 61.7485 63.1271 60.7228 62.8086 61.8099 64.118 64.0035 61.6835 62.0938 62.4942 65.1939 61.2649 62.372 61.8552 60.8639 60.6143 65.3029 61.8816 63.1267 62.5572 66.1343 64.6646 60.93 63.0456 63.6328 68.3123 67.6827 63.6671 63.2908 63.2554 58.9815 63.7925 58.1513 64.2176 61.1279 62.0467 64.8006 58.7755 59.6257 66.2759 63.3613 62.478 61.293 59.6889 59.7064 62.2508 63.1937 66.1474 64.5749 61.7748 67.9245 61.2521 58.9544 62.1836 65.645 63.9144 60.0904 58.9622 60.0889 62.9371 62.4147 61.1722 62.2174 58.3723 61.2491 59.6259 61.2732 70.3167 63.3769 63.6712 63.9261 61.494 66.4544 66.4465 65.1876 63.1352 58.4295 63.0073 64.3731 64.0941 63.258 63.5367 64.9604 59.658 59.4421 59.7393 66.6579 61.1435 64.8783 64.7537 61.7243 61.8895 61.9318 59.5298 65.8224 59.6585 61.3658 58.1573 64.8457 58.8035 61.9818 64.5411 64.5365 62.6558 62.5819 62.3218 59.9982 63.4802 60.7966 65.2885 63.4339 61.0393 61.7623 60.9139 63.089 59.3592 64.7604 62.7389 62.5361 60.32 61.7706 64.5388 62.2993 59.5018 62.9726 58.4836 62.5898 62.5483 60.6069 63.7921 66.4996 62.9983 59.2474 66.6723 62.6188 67.5659 59.0114 66.8072 59.5635 64.1419 65.0313 64.0091 64.0421 64.8564 60.9895 61.8648 61.7348 63.7508 62.0688 62.7079 
67.9095 68.6459 66.0177 63.0572 63.1521 72.3826 66.3566 67.7888 66.498 67.2895 62.4023 67.8062 64.6565 67.522 65.9595 67.8158 67.307 62.433 68.4755 68.0744 67.6912 64.7527 64.0009 63.3405 70.3198 70.9112 69.271 68.4587 67.1836 69.4018 65.4649 71.2561 64.5618 67.5732 65.5022 67.3189 67.3425 67.436 67.5119 67.8775 67.4499 72.0769 66.6201 65.3049 64.5047 68.3833 71.4998 68.1664 70.0709 69.3581 66.0524 64.0639 68.9932 64.1397 64.9603 74.1099 70.6176 69.1876 66.4188 64.8091 66.0152 72.576 69.389 64.3658 69.5678 68.1984 65.943 66.9721 70.8907 66.1388 61.384 67.9208 65.498 67.1602 68.8964 69.7776 63.283 64.7898 74.5634 74.0032 63.124 64.9433 66.8496 68.0683 69.0351 68.7953 67.8343 70.4176 68.4545 64.8701 68.9058 70.0941 63.7234 70.19 69.0952 69.6787 65.8341 69.3215 61.8754 68.2866 66.4293 65.3005 66.3449 67.7317 69.7648 67.2926 68.3046 67.7245 69.8287 67.729 71.5658 66.1031 69.8513 66.8074 66.7703 64.8474 68.3481 65.0291 66.9171 70.4121 69.4417 66.0586 66.7836 71.7731 67.0114 71.6001 72.1453 68.2737 65.3133 68.7766 62.6113 67.6514 64.4953 68.5944 62.8732 66.2509 65.0392 65.1439 61.0948 65.991 66.7905 67.3055 68.1889 65.3875 65.9486 67.0377 70.5288 69.8154 72.778 66.9666 72.8736 64.8883 65.4232 65.6428 67.0828 67.4169 65.0507 64.7347 64.8478 63.6286 64.9635 64.3473 68.4148 67.1758 65.3212 62.1926 66.9663 75.4273 65.066 67.7788 70.6658 68.3852 69.317 72.576 69.2195 67.5551 62.4741 66.6781 68.8228 67.3554 68.9576 64.5828 67.3517 65.6977 67.5176 61.687 69.9046 66.4354 70.5612 65.9859 66.2872 66.0118 66.8264 64.8835 70.0157 65.8287 64.7786 62.8684 70.268 61.8194 67.6195 66.0609 70.4668 68.5153 66.823 66.9216 65.2555 71.6209 66.3234 70.6574 68.1451 67.486 66.8176 65.1716 69.8895 65.3696 68.2059 68.3862 67.1302 65.6257 66.8827 62.98 68.9686 65.1105 68.8467 64.029 66.3714 64.7131 65.78 68.5882 73.0664 69.1262 63.5535 71.7904 67.178 69.2477 65.3922 69.6841 63.4712 68.6354 69.6053 70.5827 66.6615 65.6277 63.6671 66.9611 66.1463 68.1206 67.7292 67.9823 
61.3209 60.7696 59.2499 58.1555 56.7698 64.7723 60.5268 63.2202 59.8183 61.8014 57.5572 62.9598 59.5548 62.2935 62.1428 58.0506 60.7268 58.2911 62.4702 63.3985 64.8377 61.9601 56.5643 59.5087 63.0829 65.5577 61.8774 62.2183 63.7109 62.9279 58.193 66.2432 60.1872 63.1399 57.436 61.9561 60.3365 62.1127 61.7322 61.4981 61.39 62.3639 62.8442 61.2127 56.3962 61.9662 66.3837 62.9689 62.4856 60.7896 62.2272 58.73 64.0741 61.1776 63.715 69.5037 64.8927 64.9188 64.4824 64.5258 61.5573 65.0597 62.0327 65.294 61.4272 62.6471 61.3314 59.8469 65.9881 60.5265 56.8974 62.4888 57.6672 62.2252 60.9017 62.8822 60.8161 59.6548 67.7 66.9529 59.1737 59.1411 61.7792 59.4015 59.8752 62.4875 65.0336 65.4997 64.3193 58.0262 60.7555 62.9917 60.2887 65.6441 61.397 64.0491 59.7538 65.1844 57.5006 62.3702 61.0602 60.1397 61.8349 62.1886 62.8231 63.8683 59.9336 60.6915 61.0353 60.2278 61.8016 60.3176 61.2239 61.9338 63.3848 60.9063 62.5893 58.3706 60.2359 63.7203 65.0277 64.0777 59.8861 63.3576 62.4627 67.394 60.7779 63.0934 59.3597 63.0818 57.9529 63.7356 59.5395 64.2513 58.7688 61.8555 60.7836 61.2829 56.4034 61.4669 57.8175 63.3 61.7075 60.339 60.4341 61.6272 63.2214 64.7376 65.9242 62.1661 65.807 59.316 60.4304 59.5965 60.1542 65.908 59.9224 57.0719 61.5972 60.0178 62.1881 62.4054 60.7835 58.711 59.5959 58.516 61.2407 71.0716 61.6863 60.6322 64.3072 62.8212 62.7494 64.66 64.4943 64.0893 55.3751 62.1702 65.3128 62.3736 61.6274 62.7305 67.2403 59.6686 58.7222 57.8178 66.5458 59.2563 64.5985 63.1973 61.1491 62.1838 61.0093 59.5696 65.3676 59.4211 60.0558 60.5892 64.5524 60.1681 63.5671 63.1624 61.2669 63.3692 59.151 62.6537 61.1827 61.8802 62.6421 62.3391 61.0865 60.3718 59.0247 59.0046 63.1283 60.4574 61.1448 62.7949 62.2278 63.5487 58.7883 59.6205 62.5869 59.9561 64.1824 58.0756 62.2543 63.1806 59.7194 63.2416 65.2094 58.7941 58.4151 64.8963 60.9902 64.2628 58.5229 61.6264 59.6132 63.4851 61.5441 62.9586 62.3945 62.1535 60.1881 60.4835 62.825 61.5273 60.7965 63.4534 
58.3356 60.1132 58.1909 55.9666 53.2772 63.7847 57.5615 57.4805 57.5369 59.6309 55.622 60.1693 56.8772 57.8095 58.7191 57.7038 56.6385 53.3012 62.4067 63.1294 61.8435 60.1901 55.55 55.0465 60.2504 61.316 59.7537 60.4433 60.0439 57.2221 58.1336 59.5446 57.6846 57.9956 56.3056 58.9328 59.0203 57.3785 58.461 59.7651 59.1603 60.7268 58.8434 58.5957 56.0516 61.6313 63.687 59.8543 60.1709 59.0887 60.5444 56.4975 61.3689 58.3281 59.6657 66.2098 63.4173 61.9524 60.4677 59.005 54.6567 61.8423 58.3775 58.3911 63.4052 57.7034 61.1222 56.1688 61.3189 56.3711 54.5224 57.4976 57.4805 57.637 59.8691 57.8068 54.7549 58.0833 64.0367 65.9306 56.6738 57.7134 58.5342 56.1381 59.2306 59.8767 59.8149 62.1092 59.3521 55.4659 61.1713 59.8538 57.3797 58.271 56.5713 59.0917 56.016 57.822 56.3094 59.8602 59.5537 57.6959 57.6678 56.6503 57.6264 58.3568 60.4378 57.2149 59.8194 58.7116 61.5886 58.1751 59.0042 58.9095 58.376 59.5572 59.4647 59.4642 59.3318 58.5601 63.3918 59.1093 58.6361 59.9663 60.1252 63.7117 60.3088 60.299 59.4953 60.0329 54.387 60.2901 57.0839 59.0729 57.6701 56.9852 58.0202 57.0994 54.7636 56.4887 56.1252 59.1995 55.7344 57.2574 57.8722 58.9306 60.5605 59.2826 62.1472 58.1351 63.0565 56.5395 57.9901 58.6171 60.589 59.9273 54.1897 54.1764 56.7739 57.0431 56.0332 57.1251 57.7728 54.8093 59.2241 55.5412 56.3375 65.1929 58.6147 60.2433 63.6208 61.518 61.2072 61.0928 60.8659 61.6204 52.5314 54.6506 61.4302 60.1458 57.7044 59.9954 59.7838 57.7075 58.1321 54.9678 61.1415 56.8846 61.6593 59.823 57.8719 57.3504 59.745 58.9969 60.3174 56.4188 56.0988 56.7584 60.9833 54.5651 59.926 59.1862 62.1928 62.3004 60.2605 59.352 57.7849 60.3673 57.6219 61.1388 58.7459 59.0309 57.9128 55.3195 59.604 56.4906 59.8289 57.566 56.52 58.5827 58.4872 58.1536 60.0722 57.1564 59.8599 54.4465 59.0994 60.1375 59.1962 60.5737 61.9599 60.5132 55.7 63.0369 57.3409 60.6455 55.5639 60.9056 55.2707 59.9404 61.7198 57.5027 60.1567 56.974 54.5736 57.7555 57.7079 59.0726 56.899 59.5968 
61.7921 63.6382 62.0758 58.6529 56.9135 68.7311 63.3393 64.6106 63.2722 61.1315 59.405 64.0332 59.3185 62.8867 62.1817 58.4514 62.2803 57.396 64.6064 65.3669 63.4664 60.5509 59.8417 57.4035 63.2078 64.0525 61.4805 63.078 64.2926 61.3181 62.3355 63.4132 59.2109 64.8779 62.315 60.8701 63.5545 60.4422 64.3516 62.9354 64.2947 68.252 64.5599 61.8208 57.1105 65.6998 66.6781 65.6737 65.3702 60.6546 63.1655 62.3547 65.2176 58.874 65.0775 71.239 66.0072 64.8744 62.2259 62.138 62.026 67.5154 61.9802 59.7938 67.7922 62.786 64.4634 60.3107 63.4012 61.9695 58.0513 60.4533 60.7717 63.5205 63.3628 62.4116 59.6929 62.3787 67.839 70.0565 62.4765 61.5293 64.0939 59.3493 62.6714 65.8769 64.1343 64.2855 59.6169 61.0826 64.6541 65.0526 63.2052 66.4043 61.9856 64.7111 63.3796 62.4412 62.6448 63.5208 62.0351 64.3025 60.5235 61.6345 63.4202 63.5696 62.7238 62.3546 62.3308 64.2042 67.0261 62.2116 65.7871 62.8098 65.3449 60.9107 67.1163 61.0723 64.229 64.4424 66.8519 63.9149 60.602 64.7128 68.1937 67.5308 64.3612 62.3406 61.8471 63.5073 60.6163 64.5856 59.3412 63.7197 62.208 62.3459 63.2372 62.4746 57.0477 62.403 62.4818 63.4034 64.1663 63.2824 59.4704 63.1841 64.4371 64.8406 67.0393 60.5474 65.6369 61.8804 59.2097 62.28 65.2316 64.9021 62.507 60.391 59.4193 60.9789 61.1009 63.8624 61.4893 61.742 63.9681 59.2339 63.6091 72.283 60.5419 65.5393 65.3485 67.6603 65.6796 67.8902 66.6684 65.0241 57.139 59.8335 66.4289 63.3176 60.8629 62.3005 64.8334 59.6035 63.802 63.1065 63.781 62.8346 63.4576 62.2207 60.9168 63.4796 62.2706 62.2838 66.4731 60.5886 62.0121 60.5425 66.1852 58.4749 61.8394 63.3727 68.7922 64.2685 63.2485 63.3295 62.4808 64.9815 61.288 64.5508 62.9521 64.4941 60.9537 60.608 62.5904 60.7689 67.2423 62.0616 62.4289 63.475 65.8074 60.3378 64.0326 61.6156 65.2915 59.959 64.2306 62.7835 62.1013 62.4886 65.9636 62.2973 58.6778 64.7511 63.6343 64.7471 62.9824 66.0063 62.4656 63.5509 65.1848 63.3307 64.4508 65.1482 57.9086 60.6356 60.6179 64.4813 61.0569 63.3769 
62.7691 61.2513 60.2365 61.9948 57.8901 67.3557 62.124 63.194 60.406 62.3553 61.3084 65.3586 60.8828 61.0845 59.6694 61.8223 59.9568 52.8049 63.139 64.6982 63.6139 60.7673 58.1363 58.3843 64.6867 64.6912 62.3149 61.4461 63.7043 63.6815 58.8219 66.2718 61.4207 63.7901 59.1466 62.1882 62.6693 61.4891 63.2682 62.9637 60.4563 64.5557 64.7156 60.5088 56.4696 61.3722 65.8199 62.9965 66.122 59.3581 64.088 59.5532 64.9517 62.0844 61.0971 67.5617 63.1517 64.5163 61.7632 61.4744 59.6747 65.104 62.4261 60.4896 64.7248 60.4977 62.9355 60.4828 66.6863 59.5489 60.8979 60.3978 59.2495 62.9917 61.9875 60.0992 58.3 60.326 68.6592 69.4647 59.7701 60.9052 64.8117 63.0727 61.6702 66.3189 62.5642 65.7094 63.0172 57.3224 63.1673 63.9434 61.3416 64.6655 59.3061 64.2796 60.2467 63.6459 58.8974 63.3082 61.6542 59.9008 61.7956 61.9837 64.6508 63.3675 62.1865 63.6141 62.232 62.0446 64.1962 59.1286 62.8148 60.9485 64.2363 60.7417 66.6373 62.5028 61.0293 64.0657 64.2494 63.4876 59.9993 64.0657 63.7856 68.1903 65.0214 63.8453 63.1969 67.1341 59.4416 63.2731 58.8134 61.1279 63.3495 59.8921 62.2754 61.805 54.0338 62.2512 62.8914 61.63 62.7518 62.6108 61.8549 63.2674 64.5444 64.865 66.6966 58.5345 65.8585 61.3325 57.489 61.895 62.7453 64.9235 58.952 59.2371 60.224 64.3613 60.3418 63.7219 61.3895 61.1577 61.7401 60.2721 62.5327 69.3587 59.6342 64.1578 63.0568 60.3737 66.4977 65.2221 65.4524 63.6921 57.6698 63.2766 64.0527 62.0381 62.9789 59.9361 63.8246 59.6686 59.4048 59.0785 62.8878 59.9044 63.9152 59.6215 59.3121 62.7512 61.082 61.5191 66.5143 57.7833 58.8114 61.2791 63.4916 59.715 63.4443 62.8609 63.5706 62.8382 63.1803 61.0875 62.1924 62.7488 60.6114 65.1705 61.9681 62.6886 60.9585 58.5164 64.1718 60.1926 63.0735 64.4059 61.7043 62.927 62.0599 58.9608 62.5887 60.8856 62.2658 56.8479 62.9863 64.0099 60.964 60.5552 66.503 62.0745 57.8487 67.869 59.5558 66.9227 60.0844 66.464 56.7855 64.1651 64.9583 64.7495 62.8659 61.0541 60.5979 58.817 58.7247 63.9826 63.596 61.9435 
63.8393 63.8898 62.926 59.6453 58.8843 68.7822 61.2669 64.3532 62.6021 62.1367 61.5603 63.1038 61.1035 63.3179 62.004 64.3647 61.9779 57.3926 63.7536 65.7096 65.847 62.4145 59.435 58.5086 64.6932 65.8985 64.9816 65.3785 65.8332 64.9065 61.0965 70.1011 63.1907 63.4978 59.9697 63.6507 63.7071 60.7001 61.7772 66.8064 61.7341 67.3194 63.7012 62.2987 58.9278 64.3555 67.4315 64.806 66.493 63.0659 64.588 61.6021 64.1662 62.2722 63.7851 70.6146 66.3008 63.3048 63.8962 65.4475 61.0167 64.7884 64.1707 63.52 66.5693 63.3633 65.3715 61.7572 69.7196 62.711 61.5465 61.8731 59.2412 65.0473 65.9139 64.377 59.6649 61.3976 68.7339 70.7495 59.3416 62.0261 64.7721 63.6278 65.4383 64.842 64.7608 66.9812 63.4357 60.8579 63.4523 64.7553 59.0762 65.2569 63.2058 62.8405 63.5754 65.5438 61.0328 64.9626 64.1429 64.0575 62.621 63.7938 64.1138 65.2853 65.2986 61.9525 62.1798 62.646 65.4598 63.3021 65.1851 61.6031 64.2866 61.9242 64.1422 65.5867 62.5747 65.6894 68.6245 64.956 61.2978 65.8666 65.1772 70.5563 67.1433 66.9375 62.8573 65.3022 61.2589 65.3432 63.4106 66.2278 62.4079 65.7663 62.9423 60.7408 59.828 64.6794 61.6802 65.0492 64.9879 63.2481 64.0159 64.1464 63.8811 66.3545 67.1315 63.5849 66.9553 62.6048 61.2476 63.701 65.0881 64.1874 61.4698 60.6706 59.6067 63.2225 62.8783 62.4562 65.8247 60.7592 62.2844 59.1389 62.4291 70.9807 63.7708 66.3744 69.212 62.9455 67.407 70.1609 65.1197 64.0047 59.3827 64.938 65.2528 64.6927 64.7466 61.6626 64.9072 57.1527 63.3216 58.8971 64.1876 63.0357 65.4513 63.0172 63.1821 62.0839 66.7989 62.1694 66.4482 59.7205 59.743 59.5647 67.3209 60.4322 64.8071 64.2074 66.9446 65.1745 66.8662 62.8228 61.0927 63.3802 62.2591 64.8775 62.8579 65.9208 63.1221 60.8019 66.6157 60.1763 63.95 62.8291 63.0233 63.5148 62.8537 60.8213 65.8667 59.8206 64.3865 60.8535 63.5668 64.5879 61.6376 65.2362 68.853 65.2556 60.2441 69.665 64.0022 64.803 58.698 67.4615 60.2954 61.7523 65.1477 64.5674 66.2399 64.0306 62.7745 63.9844 62.0116 65.0778 63.6418 65.2555 
64.7579 65.1991 65.9005 61.9088 62.1798 73.1299 63.4352 67.4816 68.499 67.3255 63.7363 68.1196 64.0083 64.08 65.2849 66.2931 62.4858 61.3051 66.4327 70.4402 68.4402 65.3402 62.8311 62.8227 67.9862 70.2896 70.2447 68.2666 67.5482 69.538 67.6106 68.8575 64.8283 69.8464 66.3272 67.2269 66.3177 67.2602 65.9113 66.2095 68.0931 67.6552 65.7291 66.8686 61.4304 71.6269 68.578 68.8779 69.9727 65.8569 65.6008 64.0166 67.2079 65.8527 64.2844 72.6122 71.5002 71.0661 67.6432 65.6496 63.1823 69.3692 65.6729 64.8742 69.6742 67.7571 69.8341 63.9273 68.5821 66.6987 62.7848 66.0945 62.781 67.9282 66.454 67.8156 61.9356 61.5352 73.3221 73.3594 62.4587 63.5894 68.9011 63.3803 66.2722 68.1453 67.8166 72.0148 68.3548 64.0368 65.9496 67.7476 60.1209 68.7887 65.7637 67.9829 66.8277 66.4775 63.4986 68.4383 64.3404 64.7804 67.384 65.9106 68.0423 67.5274 68.9926 65.737 66.8481 65.8217 70.1903 64.4239 68.9388 65.7167 68.6415 65.6265 71.6953 67.3442 66.9609 68.8138 68.3123 69.2004 66.3711 66.6092 70.5901 72.13 70.6597 66.932 66.5273 66.8187 63.7555 68.6708 61.3 65.5202 65.9007 65.5168 65.8259 63.466 63.9448 64.9555 65.9659 66.9415 66.9362 65.5518 65.9875 65.826 69.5842 70.0645 71.1862 65.9739 72.3546 66.4267 66.5592 64.872 68.0274 70.1389 64.0106 64.0376 66.1401 65.1454 64.8216 66.1048 66.7936 65.123 64.5925 66.2841 67.5796 73.8164 65.8098 66.9948 71.3774 65.3811 68.5376 71.5234 70.7812 67.5719 60.9049 70.4537 70.5983 67.7871 66.6932 65.0571 68.5996 63.5486 66.5999 61.933 68.6493 65.2013 70.1962 65.4804 65.4839 67.5154 67.4593 65.6671 69.9288 65.8318 64.6162 63.7653 71.7635 63.0217 67.2766 67.5575 68.8471 68.7716 66.9766 64.9858 62.9558 68.4285 66.6745 70.3665 66.1417 66.4853 63.9991 63.2078 69.7505 64.3472 66.4364 66.554 67.6715 64.6906 66.9381 64.2012 69.5691 61.8668 69.9222 65.5824 65.7806 67.8828 64.1785 68.4248 69.9525 66.5214 63.802 70.4094 65.6851 71.9468 63.0431 68.0994 61.8187 68.137 66.9103 67.9816 64.0138 65.7535 64.7807 66.7754 62.439 70.1046 67.8559 67.6687 
62.0929 62.0829 62.1422 61.7314 56.6976 66.4133 60.769 62.4514 60.9444 60.4434 59.3686 63.2882 62.71 61.6481 58.9636 60.3391 60.4548 56.0374 63.2605 63.8877 62.386 59.2113 57.112 55.3465 62.6007 62.9415 62.1359 62.3697 62.1113 61.0898 58.2906 64.0063 60.0515 63.4683 58.1783 62.9102 63.0669 62.0474 60.9748 61.8172 61.0798 62.3094 62.2659 60.3576 56.3867 62.6379 64.8786 62.5269 63.1573 60.8334 62.4412 61.4579 63.4397 59.1532 61.0945 72.12 65.0338 61.145 61.537 62.7803 60.5234 63.2836 62.7731 62.8509 64.8142 60.8296 60.9295 60.4508 69.6751 59.7472 58.1942 57.154 59.549 63.1159 62.995 63.5745 57.3907 60.5616 68.4088 66.4673 58.9388 62.4085 62.6224 62.0656 63.5188 62.8312 64.2074 66.9016 63.5762 57.4117 64.1447 62.6394 60.1244 63.4504 59.467 62.5453 63.2271 61.6218 58.1294 62.2982 62.7758 60.0991 60.2493 61.1968 61.9824 60.6493 63.5975 62.2272 60.2083 59.9111 63.1596 61.482 63.2898 61.6704 65.7363 61.5467 63.9112 64.0019 60.8767 61.0618 61.7828 59.4428 60.2517 61.8475 63.6117 64.3059 64.0929 61.8893 60.7281 62.8867 58.7901 59.7739 58.1204 61.0992 59.0814 63.0321 62.8439 58.2658 59.0313 61.5299 60.5742 61.9702 60.586 60.5177 60.6865 63.2519 63.0483 65.2335 65.8414 57.0039 65.0399 61.0296 60.1121 58.4827 66.0835 65.3369 58.8244 57.5538 59.5921 60.6743 62.1429 61.3343 62.9825 58.4398 61.9878 57.9864 63.4376 68.8348 60.2366 61.723 64.8024 58.8489 64.3836 65.6369 61.9054 63.3402 56.7978 61.8174 64.576 62.5749 61.6287 62.7381 64.7476 60.072 59.5697 57.2559 65.8411 59.5979 62.7114 61.9772 61.1589 62.1832 63.7651 59.6352 65.8384 60.1222 60.2684 54.5253 63.0138 60.8024 61.7108 60.6048 64.1701 60.5466 62.4135 60.8749 62.0821 60.2767 61.9649 61.8184 61.9929 61.8168 59.1665 58.5983 63.0468 58.4364 59.5723 61.4343 62.3588 62.0661 61.372 58.6929 64.9173 59.4406 63.9855 56.8678 61.7961 64.0372 58.6729 61.3363 65.1153 61.8846 58.1642 66.6197 63.8085 61.9335 60.8316 64.3117 58.4275 63.322 61.2947 64.2658 61.5523 61.3186 59.7931 60.6999 60.1481 63.5787 60.3981 61.7741 
65.379 63.9937 63.6853 59.7267 60.2897 70.1392 66.6111 64.2519 63.8627 62.146 56.1682 62.6697 59.3637 64.7445 60.5188 61.3009 60.4159 58.9202 64.9028 67.2125 65.3731 62.8502 57.5614 59.2932 64.855 65.9566 63.9191 63.5374 64.7483 64.5928 63.4355 68.4017 62.9643 64.7436 61.8321 62.5818 65.4956 64.3193 63.2082 62.1497 63.8089 65.487 62.7209 65.0826 60.2562 66.8108 69.5764 65.5764 65.7444 63.7832 65.8843 61.6409 63.6946 61.4644 64.0836 73.2585 71.4919 66.5732 63.476 62.2536 61.2588 66.9595 64.8792 64.4007 66.5787 63.8094 64.58 61.1951 67.7455 62.6514 59.7864 61.6758 62.2215 63.3867 63.2201 64.4997 57.8969 59.5945 67.7121 68.9215 60.298 62.349 65.7595 64.2562 66.5591 66.7818 67.4411 69.2326 64.2942 62.279 65.7676 63.499 59.7657 65.0738 63.1365 65.1522 62.9564 66.1485 59.998 64.6091 62.5034 62.112 63.6004 60.6066 64.9573 65.594 65.3125 63.9024 63.3581 64.818 65.5929 62.8234 64.5082 66.193 64.9096 60.4073 65.828 61.3885 63.7807 67.3023 67.9175 65.053 60.9912 64.7394 63.8943 67.9552 65.1451 65.6471 61.6646 63.1919 60.619 65.5186 61.0514 64.4379 61.9315 61.6914 60.2596 62.5434 57.7529 61.0593 63.3959 62.1043 63.3958 62.5031 61.9731 63.3018 65.6411 64.7762 67.0574 64.0338 67.3821 63.423 62.2829 63.4124 64.8068 66.1506 60.2032 60.945 62.0484 62.189 61.8041 63.2253 66.023 63.1577 64.0588 61.4719 63.762 70.1121 62.8233 64.6455 65.3552 61.747 68.1276 67.68 66.5415 65.6269 58.0662 60.9394 69.474 64.4351 64.4094 65.1465 67.2092 61.0699 63.4693 59.1389 65.9932 63.4466 66.4845 65.4166 62.9521 62.8198 65.3294 62.3915 69.9539 61.578 64.5438 59.9091 69.0947 60.7314 65.8882 66.5557 67.5847 67.0274 65.0926 63.347 62.7309 62.4674 64.3519 67.141 63.0659 64.1478 63.3508 59.9145 66.5238 60.982 63.6674 66.5594 64.408 62.8253 62.2007 60.8537 62.6944 62.3257 64.9231 60.4781 67.1131 66.5459 62.6039 64.9188 68.2536 64.2802 60.9778 68.6502 63.6986 67.4178 61.2417 66.1457 59.471 65.0861 62.9856 66.3134 65.2141 61.2094 58.316 61.2662 63.541 65.969 62.5042 64.984 
65.8686 63.9026 63.9089 62.2714 58.9568 69.2493 58.5349 65.3006 63.7944 63.2931 63.0679 62.4532 62.961 63.5143 62.3223 62.7776 62.9523 59.4241 65.7065 68.0551 65.2914 62.7067 59.8801 58.0958 65.3654 67.1668 65.0329 62.3565 65.6949 66.9079 61.3938 66.1535 61.6744 64.0889 61.2154 65.3892 66.4224 61.2864 64.5797 64.2539 64.51 66.9937 64.9241 62.4584 59.2853 65.4818 66.5309 63.8709 66.4272 65.4254 66.6289 60.946 65.8934 63.1648 64.3249 71.2725 69.4017 66.2307 63.8788 65.8867 63.4216 67.1604 64.7652 64.8515 67.9243 63.7762 64.5451 62.1128 69.7446 62.857 60.7892 60.9247 60.5301 63.0908 65.1794 65.0885 61.0084 61.5396 70.1851 71.2105 61.5988 61.4726 65.3315 61.5488 64.3648 65.7525 65.2261 72.4071 65.6032 62.8647 63.6671 66.2211 60.2274 64.6221 63.389 64.1004 62.2453 62.2001 59.8355 68.5886 64.4299 60.2623 61.5672 64.3441 67.3691 67.2824 64.9065 64.578 64.327 65.2677 66.0457 63.1541 62.2628 63.8744 66.224 61.2784 64.898 63.5195 63.4633 65.5455 67.8191 66.8699 63.2741 65.9436 66.2224 67.8266 67.4425 65.5634 62.1994 67.0923 60.4986 65.4144 59.1575 65.0176 59.9615 61.9103 61.8324 59.4618 60.2343 62.3721 63.593 65.1485 64.116 64.2 63.6563 65.4144 64.7848 67.251 70.1772 63.97 70.0055 66.2662 61.0273 62.7932 63.0267 66.7458 63.7684 58.0274 64.1571 61.394 61.9688 62.559 65.9783 63.3127 65.2302 61.8667 63.2789 72.2358 62.6826 62.6304 66.5587 62.7663 65.2566 68.9507 65.6529 65.577 61.1365 62.5124 66.3742 63.5236 61.9729 63.7527 66.6209 60.4161 64.4072 60.8048 66.4014 63.6737 66.0676 63.3293 63.2369 63.8096 66.0942 62.8864 66.2462 63.6439 61.331 58.3712 64.4769 60.5374 63.8903 63.6198 64.4501 65.8375 64.1404 62.8134 64.4057 66.0173 61.953 65.2856 62.4384 64.6217 62.7646 62.3469 64.7231 61.9715 63.5601 62.8707 65.6097 63.3686 65.4597 60.7948 66.3529 60.6188 65.819 62.1946 61.1831 63.4521 65.6853 62.4784 67.4569 65.9731 60.4513 69.3141 66.3399 67.4048 60.9284 64.846 61.2964 65.8847 67.2471 65.4144 63.6436 63.0801 58.4907 61.8499 62.5725 64.2423 65.3582 63.8467 
62.456 62.1738 60.279 59.3834 58.2893 68.1741 60.1887 64.6262 59.7279 63.4406 58.0218 59.4244 60.6388 61.1229 63.277 62.0008 62.2256 58.6106 65.0571 66.9609 65.7815 60.5101 57.711 56.9623 64.7661 65.8263 61.5625 61.8317 60.3206 59.4047 60.5269 65.8419 60.5262 61.7685 60.0208 61.2817 60.1768 64.2279 60.5951 61.0147 62.0842 66.9349 64.2568 60.834 56.9974 66.1954 66.4238 62.1843 63.2006 59.9523 62.528 60.3044 63.2519 58.1552 63.4271 67.9811 66.3474 64.6401 60.0545 60.097 59.3706 63.4635 62.945 57.9103 63.1687 61.4368 64.3129 61.9758 65.6662 62.5009 62.1343 62.7547 59.6946 63.7562 60.2817 63.409 59.205 60.9301 67.6354 67.3052 58.2063 62.4326 63.3271 61.6306 62.1931 63.7517 61.5551 65.9806 63.858 62.6176 62.853 64.0845 59.5872 66.3773 60.8314 64.1183 59.8321 66.3289 59.3791 65.4452 63.7135 59.9141 61.9263 61.974 63.4712 64.6538 62.4132 61.4422 64.5479 61.0707 62.6804 61.9115 61.7139 61.8167 63.3323 59.4454 63.8117 61.5272 62.5926 61.7529 63.7262 61.9608 59.8828 65.0975 66.3005 64.7954 65.4257 62.6075 57.2785 63.5323 60.6283 63.4377 59.2483 62.6769 60.3857 60.3531 61.5544 59.0111 55.6446 61.9966 62.2657 61.5896 61.4317 63.909 58.799 63.283 63.8341 66.552 64.4816 61.6031 67.5294 61.9956 58.4173 58.7728 63.7345 63.3101 60.9173 59.0526 60.539 59.9945 63.8619 60.8164 61.3325 58.9598 62.9168 59.1991 60.3332 72.7432 61.0031 63.1855 64.0573 64.9983 64.1067 66.7728 62.8927 63.8345 57.7526 63.3687 63.9005 61.1827 62.6299 61.8374 64.2856 59.6773 59.6983 57.7693 63.5321 60.7521 63.3269 62.1672 63.1766 61.7522 61.8558 61.0531 64.1214 60.8679 58.1167 54.7097 64.2917 59.2127 61.3633 62.5095 65.1588 62.6953 61.5876 63.8211 59.9348 63.7298 61.1823 66.2724 62.4215 62.6618 61.4253 62.6874 64.0826 60.3127 61.0592 63.1956 61.8569 60.3207 64.4204 58.0617 63.2055 60.1711 63.809 57.4737 61.7384 60.7844 60.7086 61.5351 67.9345 64.7881 57.7995 65.122 62.225 64.8505 59.6001 62.9406 59.3798 64.723 61.4161 63.4659 62.8629 63.8856 60.9545 59.3905 61.6191 62.4817 62.6026 61.3132 
66.1194 66.8507 65.8915 64.9415 61.662 73.7242 66.0956 67.3026 64.4782 67.4862 63.7829 67.7676 65.594 68.8487 66.3237 67.7347 66.9055 60.2443 69.7809 70.4064 69.6171 64.7114 62.7531 63.4488 70.3592 71.5896 69.1012 66.8067 69.7825 65.305 64.3803 70.1194 64.8638 67.7795 65.7046 69.3216 67.9608 66.272 64.5455 65.8829 68.7479 73.1033 69.1378 67.8218 62.0967 71.5679 72.8426 69.223 69.8564 65.8395 70.1448 63.5133 67.6608 63.09 68.2218 75.9725 68.3207 68.2167 67.2514 68.0537 67.4132 70.1866 67.7296 64.633 72.7523 67.5475 66.0702 65.5277 68.3787 65.362 61.1093 65.5383 66.867 67.3791 67.4619 67.2616 63.6245 66.722 72.7878 73.4253 64.2613 64.6978 69.0977 66.8022 67.8975 69.4273 69.2972 70.1641 67.7535 62.5777 69.5223 69.2319 65.334 69.8281 68.4677 68.8476 68.2342 70.7845 65.9112 68.7482 69.3552 66.2205 66.1919 67.5387 68.9983 68.2337 68.5144 67.8073 65.1243 67.8861 70.3013 66.3968 67.5036 67.976 71.1068 62.7179 69.7157 66.3697 65.8219 66.6075 66.9392 70.0378 65.8927 68.2986 69.8383 74.7356 68.9146 70.7595 64.8863 67.4109 63.1725 70.7243 61.5643 67.9064 63.1684 65.4244 65.4522 65.1082 62.8376 66.6503 66.9729 67.5201 65.7162 65.4327 64.6955 69.4102 68.9156 71.4148 72.4581 65.5707 70.808 68.6422 64.0314 66.598 67.7495 68.7621 64.6134 61.7957 65.1774 67.6034 64.5018 66.6574 70.1301 63.7555 67.5883 64.3478 65.602 75.9425 64.3963 68.0751 71.8071 66.8506 70.7463 72.0874 69.652 68.5645 64.3089 66.2995 72.4282 66.8399 69.1083 65.644 70.2788 63.3976 67.7292 63.3073 68.7331 66.7127 67.9274 70.7866 66.748 69.9679 64.3108 64.5593 70.4622 64.3435 65.9147 63.9972 72.5154 62.0694 68.1901 67.5208 69.7664 66.784 68.6542 65.825 65.6164 70.2793 67.7738 66.8574 67.0354 67.3504 68.9193 66.0832 69.6195 63.8732 66.2319 67.4141 67.4692 68.9879 67.2858 62.5686 68.7658 66.6435 66.1614 60.5748 66.7432 65.9924 66.8616 67.3336 69.5573 66.7529 64.1422 70.6471 65.3855 72.0252 62.5409 68.563 62.3621 67.5957 68.2644 67.574 66.4387 68.7294 65.3931 66.0746 66.716 67.1435 68.1894 66.913 
65.8429 62.9026 62.9808 60.559 61.4081 71.0312 62.2504 64.1021 60.8965 62.6206 58.931 61.807 61.0838 64.5219 65.8095 62.3194 63.3262 59.3306 64.0654 65.7901 66.7496 63.7108 59.2116 59.0427 63.5936 67.7562 65.6862 65.4848 62.7683 65.9559 62.997 66.2234 61.9949 63.6692 58.3997 65.2093 65.214 64.1046 62.8364 64.8022 62.8181 66.6558 66.1019 65.1644 58.2404 66.2992 65.103 65.8275 65.3631 61.8046 64.4076 60.3849 65.3228 60.0884 65.7705 70.4208 66.5728 63.5326 64.0334 64.0105 59.3465 66.7158 62.2634 62.7031 66.87 64.2768 61.3107 62.4602 70.0232 60.3998 61.7816 60.0206 61.3584 64.4173 63.7923 64.4618 56.8647 63.7329 70.6611 69.0949 60.2727 64.2507 63.9633 64.0514 65.3039 64.8887 64.0583 69.1992 65.642 60.8589 64.4066 66.8418 62.2804 65.5295 60.6129 63.1204 63.3583 66.2454 62.8081 63.1284 65.18 63.3822 62.0965 61.9701 63.4877 65.5726 62.431 63.0308 64.1248 63.9735 68.0831 63.0983 64.1264 64.1344 64.6861 62.8694 67.5761 62.6301 63.2866 62.8767 66.076 62.2301 60.0963 65.1965 64.8923 70.8367 67.3336 66.663 62.2286 64.7943 60.2643 66.3877 59.7764 66.4014 59.3506 63.7017 61.5146 62.6337 60.0791 65.0264 63.5208 62.5713 64.7052 62.5389 64.3433 64.451 66.7257 66.005 68.8259 62.2691 67.0295 61.6649 61.2866 62.2235 64.1335 66.0833 61.1108 60.9569 61.8368 63.5914 64.6669 63.4784 63.4551 60.8076 64.3037 59.3225 62.5723 70.9628 63.1356 64.2364 69.222 63.0819 70.7115 66.5215 67.8747 65.9502 62.0069 66.374 68.5128 64.5172 64.0111 65.7939 67.4996 62.5311 64.4857 60.9903 65.2784 63.5136 64.8048 64.0386 62.3601 65.4285 64.7846 61.7013 65.4112 61.8533 59.8225 58.8024 67.4065 62.1756 61.8003 63.0353 65.3963 66.4565 63.22 64.536 62.0161 63.3495 62.9338 66.0556 62.7786 64.7711 64.0533 63.039 66.4574 60.9667 62.1982 62.2787 62.7383 63.908 63.1767 60.1193 67.5213 61.9171 65.4708 58.3689 64.1687 62.151 63.3997 67.0755 69.3289 65.9736 61.2746 68.8601 63.6488 69.0328 60.3839 62.7869 60.1416 64.0817 64.0551 67.7145 63.8302 63.4088 60.3513 60.2921 62.7182 62.1819 63.1623 63.2667 
61.113 61.246 59.7851 56.1433 55.3077 67.2278 57.2561 60.5151 58.8956 58.8069 57.6526 61.4269 57.9671 59.3538 60.2074 60.3165 58.4539 54.8037 59.561 62.4473 64.304 57.8576 54.8746 56.0988 59.9882 64.7135 59.3677 63.2107 61.2656 60.4505 58.5264 61.8882 56.6075 62.5232 57.0933 61.1603 58.2774 59.4548 59.5918 60.0748 60.2175 63.1775 60.3821 58.8635 53.5937 62.1553 64.0769 60.6322 62.5583 58.2828 60.4604 57.769 60.441 57.6566 60.2318 66.5954 62.8492 61.5432 61.0941 58.781 59.8822 63.8461 57.8451 60.2829 63.2238 60.6861 60.1822 57.3556 62.323 59.738 57.6648 58.7997 59.1877 63.085 60.9546 60.0767 56.6195 58.5772 65.0485 66.0032 58.6601 58.8658 59.4591 60.9447 60.2199 59.7816 63.2977 63.9683 59.5745 58.8804 61.6191 58.6111 55.7311 62.8419 60.159 60.229 59.7582 62.127 58.5687 61.035 61.8373 56.7774 59.1743 59.5799 60.3948 61.0661 61.2568 58.1954 57.9367 60.1149 62.2441 58.3278 60.6151 59.1426 60.7854 58.775 62.052 59.2361 56.1442 61.0138 62.5105 59.2259 58.5319 60.4753 63.6551 68.2502 61.3542 64.0228 58.9291 60.6728 56.0954 62.0568 56.9345 61.7748 56.9342 56.5493 59.4608 58.693 57.3664 60.1012 57.5373 58.1528 59.6283 59.4098 59.6846 61.1469 62.6565 62.6257 62.945 57.8225 63.5905 57.3128 57.7207 56.8492 61.7883 59.311 55.9431 58.3616 58.2337 57.0792 58.3573 58.9416 57.4444 57.4895 58.2106 57.7045 61.2246 67.4688 59.2906 60.7708 64.3773 58.2222 63.8375 64.1774 61.6836 63.5296 57.4768 59.5204 62.4508 63.3235 61.6387 58.1607 62.7885 57.6522 59.2589 55.5218 64.1882 59.3187 63.4029 60.1546 59.1773 60.2892 61.4759 59.6562 63.647 56.2715 58.1102 56.0421 61.7964 57.2546 59.0997 60.4017 62.4905 63.4451 61.1629 60.2915 59.668 61.5099 58.6429 62.8733 59.928 61.6996 60.8479 57.2589 62.9737 56.5492 61.5027 62.7686 62.2902 61.5926 59.3524 57.242 61.5914 57.5663 60.1216 56.6585 60.0873 61.343 60.4034 61.8351 61.4497 59.7821 55.8776 63.7155 57.9551 61.3 58.3226 59.4502 57.5927 59.0757 62.029 60.4667 58.3333 60.641 56.8811 56.6963 58.1831 62.12 60.2385 60.5865 
64.4451 63.3684 62.3676 60.6059 61.9162 70.9408 63.0588 62.2738 62.739 63.0639 60.1108 65.7319 60.68 61.9199 61.6822 62.8579 60.837 58.4834 63.3761 67.3088 65.2922 64.2662 59.1634 61.5573 63.5383 68.7267 66.4116 65.5345 65.5872 63.7267 63.2896 65.5047 61.1964 65.7898 62.0043 65.7271 61.8493 64.3371 62.6194 65.8549 62.1888 67.6075 63.6341 63.026 58.408 64.6094 69.8082 65.1172 64.1975 61.3802 62.7562 63.3564 63.0381 61.9568 63.2352 68.5567 67.6146 63.9643 62.2236 63.347 60.0758 65.371 63.9917 64.9046 66.921 64.3887 62.8594 61.7813 66.805 61.725 60.429 62.515 64.3068 65.0699 63.2185 65.7018 60.2004 61.297 69.6475 69.8369 62.5404 62.8519 65.2426 62.4469 65.8651 66.09 65.7298 66.5658 63.6405 61.9475 64.5752 65.1092 59.2933 65.0008 63.8607 62.588 63.2998 64.9976 61.8059 64.5409 65.7483 62.7155 62.3693 64.1022 64.7174 63.4128 65.1384 63.8503 62.8692 62.3559 64.9926 61.5487 66.5368 61.7892 65.3021 60.9718 63.863 62.5622 62.637 63.7975 69.3735 64.8279 62.3048 65.0981 65.8256 68.854 67.118 66.4795 62.1225 64.772 60.8252 65.9771 62.031 63.8358 60.5312 63.0065 62.0217 60.2914 58.7113 63.51 64.2785 65.4545 62.6106 64.801 61.7714 64.0762 66.0797 64.9944 67.7267 62.7442 69.1196 64.798 61.6717 63.1322 61.5622 65.6636 63.2379 61.5831 60.0522 60.3668 62.9126 61.8866 63.3871 60.9336 64.5769 60.0097 63.7019 71.7203 65.214 63.1622 66.9882 64.5894 64.1924 68.8378 67.8541 65.2592 58.4879 62.643 66.2063 64.7592 64.0041 63.1445 61.0709 62.2212 66.1681 60.2087 64.0555 62.8438 66.7674 65.918 62.1039 62.5124 69.6141 62.7757 67.2708 61.6953 63.0336 62.5936 64.9903 60.9766 63.6556 63.8028 63.5852 65.6641 64.6743 64.349 61.1124 63.2691 61.0221 65.2104 62.279 64.9992 61.3183 61.1826 66.6372 61.7446 62.1919 62.9526 62.7188 64.9043 60.4618 62.4398 66.9823 61.9251 64.144 59.6431 61.824 66.1964 61.8689 66.8608 67.2773 65.827 60.2941 68.6079 62.5024 66.0237 62.4901 64.631 60.6665 61.1782 64.2328 64.9543 65.4329 62.6849 63.3301 59.0655 62.6382 64.3579 63.9651 62.3524 
strategy parallel_threads
threads 4
time_seconds 0.0227674
